county_fips,max_aqi,p90_aqi,median_aqi,days_with_aqi,unhealthy_days,usg_days,pm25_mean,ozone_mean,county_name,state,asthma_prev,copd_prev,chd_prev,poor_physical_health_prev,poor_mental_health_prev,depression_prev,uninsured_places_prev,acs_name,population,eji_score,dc_sqft,dc_count,dc_sqft_per_100k,dc_count_per_100k,dc_count_pct,dc_sqft_per_100k_pct,dc_count_per_100k_pct,max_aqi_pct,p90_aqi_pct,pm25_mean_pct,ozone_mean_pct,unhealthy_days_pct,usg_days_pct,asthma_prev_pct,copd_prev_pct,chd_prev_pct,poor_physical_health_prev_pct,poor_mental_health_prev_pct,depression_prev_pct,uninsured_places_prev_pct,eji_score_pct,data_center_pressure,pollution_exposure,health_vulnerability,social_vulnerability,environmental_justice,dcehpi,dcehpi_rank,priority_group
47095,,,,,,,,,Lake,TN,11.6,14.3,9.8,20.7,23.4,29.2,20.3,,,0.9332,0.0,0.0,,,50.0154,,,,,,,,,88.5149,99.6279,91.5934,99.5264,99.8139,95.6698,95.7713,99.9382,50.0154,,95.791,95.7713,99.9382,78.0311,1.0,High health vulnerability
47067,,,,,,,,,Hancock,TN,12.2,17.6,12.1,22.7,23.2,33.1,16.1,,,0.7963,0.0,0.0,,,50.0154,,,,,,,,,95.5514,100.0,99.594,100.0,99.6955,99.9323,88.9885,93.694,50.0154,,99.1289,88.9885,93.694,77.4068,2.0,High health vulnerability
54047,,,,,,,,,McDowell,WV,13.2,16.5,11.8,22.2,23.8,31.1,13.9,,,0.867,0.0,0.0,,,50.0154,,,,,,,,,98.9682,99.9662,99.2558,99.8478,99.8647,99.2896,80.8356,98.8563,50.0154,,99.532,80.8356,98.8563,77.1424,3.0,High health vulnerability
05003,,,,,,,8.4325,,Ashley,AR,11.0,11.9,10.2,19.1,19.7,25.6,12.9,,,0.8396,0.0,0.0,,,50.0154,,,,,90.6977,,,,68.9953,94.7395,94.7564,96.9215,90.5616,79.9222,75.5074,97.1252,50.0154,90.6977,87.6494,75.5074,97.1252,76.8547,4.0,High health vulnerability
40069,,,,,,,,0.0496,Johnston,OK,12.4,10.8,9.3,17.4,19.8,26.9,11.7,,,0.7942,0.0,0.0,,,50.0154,,,,,,92.9688,,,96.8539,86.7896,84.7936,86.0792,91.475,89.3437,67.1516,93.5703,50.0154,92.9688,89.2225,67.1516,93.5703,76.6246,5.0,High health vulnerability
47151,,,,,,,,,Scott,TN,11.8,13.8,9.6,19.8,23.1,32.7,14.8,,,0.7852,0.0,0.0,,,50.0154,,,,,,,,,91.8133,99.2896,89.3606,98.4608,99.594,99.8985,84.9459,92.7048,50.0154,,96.4028,84.9459,92.7048,75.8272,6.0,High health vulnerability
46102,,,,,,,,,Oglala Lakota,SD,15.0,13.6,9.7,22.5,25.7,24.3,19.1,,,0.7689,0.0,0.0,,,50.0154,,,,,,,,,99.9662,99.0528,90.6461,99.9662,100.0,66.6441,94.7395,90.6337,50.0154,,92.7126,94.7395,90.6337,75.6268,7.0,High health vulnerability
47075,,,,,,,,,Haywood,TN,12.4,12.0,9.4,18.7,20.9,26.7,15.3,,,0.8477,0.0,0.0,,,50.0154,,,,,,,,,96.8539,95.2131,86.316,95.3823,97.0568,88.0582,86.4344,97.6198,50.0154,,93.1467,86.4344,97.6198,75.5956,8.0,High health vulnerability
12047,,,,,,,8.6809,,Hamilton,FL,10.9,12.1,9.9,18.7,19.8,19.1,19.4,,,0.7649,0.0,0.0,,,50.0154,,,,,92.7649,,,,64.4621,95.5514,92.4899,95.3823,91.475,10.3687,95.0609,90.0464,50.0154,92.7649,74.9549,95.0609,90.0464,75.4453,9.0,Lower combined pressure
48405,,,,,,,,,San Augustine,TX,11.5,14.1,11.9,20.1,19.5,24.3,17.5,,,0.8566,0.0,0.0,,,50.0154,,,,,,,,,86.316,99.5264,99.3742,98.816,88.7009,66.6441,92.27,98.2689,50.0154,,89.8963,92.27,98.2689,75.3768,10.0,High health vulnerability
54059,,,,,,,,,Mingo,WV,13.3,16.1,11.5,22.4,24.1,34.0,11.7,,,0.8694,0.0,0.0,,,50.0154,,,,,,,,,99.2219,99.8985,99.002,99.9154,99.8985,99.9662,67.1516,98.949,50.0154,,99.6504,67.1516,98.949,75.3697,11.0,High health vulnerability
22065,,,,,,,,,Madison,LA,12.1,13.5,10.5,20.4,22.5,26.3,13.0,,,0.8754,0.0,0.0,,,50.0154,,,,,,,,,94.7226,98.9344,96.5663,99.0697,99.4249,85.2334,76.2686,99.0726,50.0154,,95.6585,76.2686,99.0726,75.2712,12.0,High health vulnerability
46121,,,,,,,,,Todd,SD,15.3,13.2,9.5,21.8,24.8,24.2,17.6,,,0.764,0.0,0.0,,,50.0154,,,,,,,,,100.0,98.4438,87.8383,99.7632,99.9662,65.6461,92.5744,89.9536,50.0154,,91.9429,92.5744,89.9536,74.9909,13.0,High health vulnerability
47061,,,,,,,,,Grundy,TN,11.7,13.1,9.6,19.2,21.4,31.2,14.1,,,0.7716,0.0,0.0,,,50.0154,,,,,,,,,90.3586,98.3254,89.3606,97.226,98.2747,99.3742,81.9689,90.8501,50.0154,,95.4866,81.9689,90.8501,74.8776,14.0,High health vulnerability
47135,,,,,,,,,Perry,TN,11.4,12.8,9.6,18.9,21.0,30.2,14.3,,,0.797,0.0,0.0,,,50.0154,,,,,,,,,83.7957,97.818,89.3606,96.2449,97.429,97.7165,82.9668,93.7558,50.0154,,93.7274,82.9668,93.7558,74.8117,15.0,High health vulnerability
05041,,,,,,,,,Desha,AR,11.8,13.1,10.8,20.5,20.7,23.2,16.0,,,0.8525,0.0,0.0,,,50.0154,,,,,,,,,91.8133,98.3254,97.5135,99.2219,96.2957,55.1252,88.6333,98.0216,50.0154,,89.7158,88.6333,98.0216,74.7988,16.0,High health vulnerability
41025,,,,,,,13.2394,,Harney,OR,12.6,10.6,9.8,17.5,18.5,27.1,8.9,,,0.7752,0.0,0.0,,,50.0154,,,,,99.6124,,,,97.8349,84.8782,91.5934,87.2294,76.387,90.5785,37.297,91.3756,50.0154,99.6124,88.0836,37.297,91.3756,74.7959,17.0,High health vulnerability
40067,,,,,,,,0.047,Jefferson,OK,11.7,11.6,10.1,17.7,18.5,25.4,13.0,,,0.8914,0.0,0.0,,,50.0154,,,,,,81.5104,,,90.3586,93.0988,94.0291,89.0054,76.387,78.1461,76.2686,99.4436,50.0154,81.5104,86.8375,76.2686,99.4436,74.6628,18.0,High health vulnerability
29155,,,,,,,,,Pemiscot,MO,12.2,13.3,9.7,19.6,20.5,25.7,13.1,,,0.8936,0.0,0.0,,,50.0154,,,,,,,,,95.5514,98.5961,90.6461,98.224,95.4499,80.8525,76.9621,99.5363,50.0154,,93.22,76.9621,99.5363,74.6126,19.0,High health vulnerability
05067,,,,,,,7.7674,,Jackson,AR,11.0,11.1,8.9,18.2,21.0,26.3,13.6,,,0.7815,0.0,0.0,,,50.0154,,,,,84.3669,,,,68.9953,89.4621,77.7233,92.7605,97.429,85.2334,79.4317,92.1793,50.0154,84.3669,85.2673,79.4317,92.1793,74.5743,20.0,High health vulnerability
40029,,,,,,,,,Coal,OK,12.8,12.4,10.4,18.7,20.0,27.5,12.6,,,0.8348,0.0,0.0,,,50.0154,,,,,,,,,98.5453,96.7185,96.0081,95.3823,92.8112,92.5237,73.7991,96.8779,50.0154,,95.3315,73.7991,96.8779,74.5403,21.0,High health vulnerability
47013,,,,,,,,,Campbell,TN,11.5,12.4,9.3,18.7,21.5,31.0,13.2,,,0.8298,0.0,0.0,,,50.0154,,,,,,,,,86.316,96.7185,84.7936,95.3823,98.4608,99.1881,77.5203,96.5997,50.0154,,93.4765,77.5203,96.5997,74.381,22.0,High health vulnerability
22035,,,,,,,,,East Carroll,LA,11.6,13.3,10.1,20.4,23.2,24.9,16.1,,,0.754,0.0,0.0,,,50.0154,,,,,,,,,88.5149,98.5961,94.0291,99.0697,99.6955,73.1225,88.9885,88.3153,50.0154,,92.1713,88.9885,88.3153,74.3704,23.0,High health vulnerability
47039,,,,,,,,,Decatur,TN,11.4,13.6,10.4,19.4,20.6,30.4,14.0,,,0.7455,0.0,0.0,,,50.0154,,,,,,,,,83.7957,99.0528,96.0081,97.7334,95.8897,98.1732,81.4107,87.1406,50.0154,,95.1088,81.4107,87.1406,74.1826,24.0,High health vulnerability
46095,,,,,,,,,Mellette,SD,13.2,13.7,11.5,20.3,20.7,22.8,14.6,,,0.8156,0.0,0.0,,,50.0154,,,,,,,,,98.9682,99.1543,99.002,98.9513,96.2957,50.406,84.1171,95.2705,50.0154,,90.4629,84.1171,95.2705,74.0788,25.0,High health vulnerability
48351,,,,,,,,,Newton,TX,11.5,13.0,10.5,19.2,20.3,25.0,16.2,,,0.7529,0.0,0.0,,,50.0154,,,,,,,,,86.316,98.1732,96.5663,97.226,94.452,74.205,89.4114,88.068,50.0154,,91.1564,89.4114,88.068,74.0555,26.0,High health vulnerability
40077,,,,,,,,,Latimer,OK,12.6,12.1,10.6,18.7,19.9,26.2,12.2,,,0.8719,0.0,0.0,,,50.0154,,,,,,,,,97.8349,95.5514,96.9384,95.3823,92.3038,84.6245,70.9912,98.9799,50.0154,,93.7726,70.9912,98.9799,73.9265,27.0,High health vulnerability
47087,,,,,,,,,Jackson,TN,11.3,13.1,10.1,18.8,20.3,30.6,13.5,,,0.7726,0.0,0.0,,,50.0154,,,,,,,,,80.8863,98.3254,94.0291,95.839,94.452,98.613,78.9073,91.0665,50.0154,,93.6908,78.9073,91.0665,73.8996,28.0,High health vulnerability
40127,,,,,,,,,Pushmataha,OK,12.4,12.8,11.0,18.9,19.2,27.0,12.2,,,0.8506,0.0,0.0,,,50.0154,,,,,,,,,96.8539,97.818,98.1563,96.2449,85.9269,90.0203,70.9912,97.7743,50.0154,,94.17,70.9912,97.7743,73.8983,29.0,High health vulnerability
05073,,,,,,,,,Lafayette,AR,11.4,13.6,11.8,20.5,19.5,23.9,14.1,,,0.9099,0.0,0.0,,,50.0154,,,,,,,,,83.7957,99.0528,99.2558,99.2219,88.7009,62.703,81.9689,99.7836,50.0154,,88.7883,81.9689,99.7836,73.8359,30.0,High health vulnerability
47005,,,,,,,,,Benton,TN,11.2,12.7,10.0,18.8,20.5,29.4,12.9,,,0.8171,0.0,0.0,,,50.0154,,,,,,,,,77.4357,97.5981,93.2848,95.839,95.4499,96.1604,75.5074,95.5178,50.0154,,92.628,75.5074,95.5178,73.6855,31.0,High health vulnerability
40107,,,,,,,,,Okfuskee,OK,12.5,12.1,10.1,18.4,19.9,25.7,13.5,,,0.7842,0.0,0.0,,,50.0154,,,,,,,,,97.3782,95.5514,94.0291,93.8769,92.3038,80.8525,78.9073,92.5039,50.0154,,92.332,78.9073,92.5039,73.6383,32.0,High health vulnerability
47027,,,,,,,,,Clay,TN,11.3,13.8,10.8,19.5,20.2,30.2,13.4,,,0.7477,0.0,0.0,,,50.0154,,,,,,,,,80.8863,99.2896,97.5135,98.021,93.9953,97.7165,78.366,87.357,50.0154,,94.5704,78.366,87.357,73.626,33.0,High health vulnerability
40115,,,,,,,8.0898,0.046,Ottawa,OK,12.6,10.7,9.1,17.1,19.8,27.0,11.8,,,0.8808,0.0,0.0,,,50.0154,,,,,87.7261,70.1823,,,97.8349,85.8762,81.4783,83.2206,91.475,90.0203,68.0988,99.2272,50.0154,78.9542,88.3175,68.0988,99.2272,73.5552,34.0,High health vulnerability
47171,,,,,,,,,Unicoi,TN,11.1,12.2,9.7,18.3,19.9,29.9,13.1,,,0.8553,0.0,0.0,,,50.0154,,,,,,,,,73.5284,95.9405,90.6461,93.3356,92.3038,96.9384,76.9621,98.1453,50.0154,,90.4488,76.9621,98.1453,73.5034,35.0,High health vulnerability
40133,,,,,,,,,Seminole,OK,12.7,11.4,9.6,18.2,20.3,27.6,12.3,,,0.8226,0.0,0.0,,,50.0154,,,,,,,,,98.2409,91.7794,89.3606,92.7605,94.452,92.9127,71.7355,96.0433,50.0154,,93.251,71.7355,96.0433,73.4603,36.0,High health vulnerability
38085,,,,,,,,,Sioux,ND,14.7,12.2,9.9,21.4,22.2,23.9,13.3,,,0.7854,0.0,0.0,,,50.0154,,,,,,,,,99.9154,95.9405,92.4899,99.7124,99.2219,62.703,77.9263,92.7357,50.0154,,91.6638,77.9263,92.7357,73.3157,37.0,High health vulnerability
05139,,,,,,,9.4745,,Union,AR,10.9,9.6,8.7,16.8,18.5,23.6,11.4,,,0.8611,0.0,0.0,,,50.0154,,,,,97.0284,,,,64.4621,71.5663,74.002,79.1779,76.387,59.726,64.6313,98.609,50.0154,97.0284,70.8869,64.6313,98.609,73.3075,38.0,Lower combined pressure
47097,,,,,,,,,Lauderdale,TN,11.8,11.2,8.3,17.9,21.8,27.9,15.2,,,0.7888,0.0,0.0,,,50.0154,,,,,,,,,91.8133,90.3248,63.1597,90.7476,99.002,93.7246,86.0622,93.0757,50.0154,,88.1287,86.0622,93.0757,73.2675,39.0,High health vulnerability
47007,,,,,,,,,Bledsoe,TN,11.1,13.5,10.2,19.6,21.0,29.0,15.6,,,0.6994,0.0,0.0,,,50.0154,,,,,,,,,73.5284,98.9344,94.7564,98.224,97.429,95.3823,87.1279,79.66,50.0154,,93.0424,87.1279,79.66,73.2587,40.0,High health vulnerability
46031,,,,,,,,,Corson,SD,13.3,12.5,10.4,20.0,21.2,23.8,14.0,,,0.7528,0.0,0.0,,,50.0154,,,,,,,,,99.2219,97.0737,96.0081,98.6806,97.8857,61.8234,81.4107,88.0371,50.0154,,91.7823,81.4107,88.0371,73.1933,41.0,High health vulnerability
54109,,,,,,,,,Wyoming,WV,12.9,14.0,10.7,20.6,22.4,31.6,10.5,,,0.8125,0.0,0.0,,,50.0154,,,,,,,,,98.7145,99.4756,97.2091,99.3911,99.3572,99.6617,56.2585,95.0541,50.0154,,98.9682,56.2585,95.0541,73.1706,42.0,High health vulnerability
05107,,,,,,,,,Phillips,AR,12.2,12.4,10.7,19.9,20.2,22.6,13.5,,,0.8636,0.0,0.0,,,50.0154,,,,,,,,,95.5514,96.7185,97.2091,98.5453,93.9953,47.7165,78.9073,98.7017,50.0154,,88.2894,78.9073,98.7017,73.1172,43.0,High health vulnerability
54007,,,,,,,,,Braxton,WV,12.4,14.3,11.1,20.2,22.0,30.2,10.3,,,0.8421,0.0,0.0,,,50.0154,,,,,,,,,96.8539,99.6279,98.4608,98.8836,99.1543,97.7165,54.7023,97.3416,50.0154,,98.4495,54.7023,97.3416,73.0952,44.0,High health vulnerability
30053,,,,,,,10.6684,,Lincoln,MT,11.4,10.7,9.9,17.5,16.9,24.5,10.7,,,0.7227,0.0,0.0,,,50.0154,,,,,98.5788,,,,83.7957,85.8762,92.4899,87.2294,44.5704,68.4709,57.8654,83.6167,50.0154,98.5788,77.0721,57.8654,83.6167,73.0655,45.0,High health vulnerability
29069,,,,,,,,,Dunklin,MO,11.4,12.3,9.3,19.3,20.0,26.6,12.9,,,0.8252,0.0,0.0,,,50.0154,,,,,,,,,83.7957,96.3126,84.7936,97.4797,92.8112,87.4493,75.5074,96.2906,50.0154,,90.4403,75.5074,96.2906,73.0593,46.0,High health vulnerability
13283,,,,,,,,,Treutlen,GA,11.3,11.9,9.2,19.2,20.8,21.8,18.5,,,0.867,0.0,0.0,,,50.0154,,,,,,,,,80.8863,94.7395,83.2544,97.226,96.6847,38.8363,94.0291,98.8253,50.0154,,81.9379,94.0291,98.8253,73.0327,47.0,High health vulnerability
47123,,,,,,,,,Monroe,TN,11.3,11.8,9.3,18.3,20.4,30.8,12.8,,,0.8093,0.0,0.0,,,50.0154,,,,,,,,,80.8863,94.0798,84.7936,93.3356,94.9256,98.9682,74.8647,94.8377,50.0154,,91.1649,74.8647,94.8377,73.0214,48.0,High health vulnerability
47131,,,,,,,,,Obion,TN,11.3,11.4,9.0,17.8,20.4,30.2,13.5,,,0.8178,0.0,0.0,,,50.0154,,,,,,,,,80.8863,91.7794,79.5839,89.9019,94.9256,97.7165,78.9073,95.6105,50.0154,,89.1323,78.9073,95.6105,72.986,49.0,High health vulnerability
47115,,,,,,,,,Marion,TN,11.4,11.9,9.2,18.1,20.2,30.4,13.0,,,0.7822,0.0,0.0,,,50.0154,,,,,,,,,83.7957,94.7395,83.2544,92.1008,93.9953,98.1732,76.2686,92.3029,50.0154,,91.0098,76.2686,92.3029,72.819,50.0,High health vulnerability
32021,,,,,,,,,Mineral,NV,11.7,12.9,11.1,20.0,19.3,22.3,13.9,,,0.9493,0.0,0.0,,,50.0154,,,,,,,,,90.3586,98.0041,98.4608,98.6806,86.9587,44.1137,80.8356,100.0,50.0154,,86.0961,80.8356,100.0,72.8163,51.0,High health vulnerability
13095,,,,,,,9.076,,Dougherty,GA,11.9,9.1,7.8,16.7,19.2,18.6,15.5,,,0.8077,0.0,0.0,,,50.0154,,,,,95.6072,,,,92.9465,63.6333,49.0866,77.9432,85.9269,8.1867,86.908,94.745,50.0154,95.6072,62.9539,86.908,94.745,72.8102,52.0,Lower combined pressure
47153,,,,,,,,,Sequatchie,TN,11.3,12.8,9.8,18.8,20.7,31.3,14.1,,,0.7012,0.0,0.0,,,50.0154,,,,,,,,,80.8863,97.818,91.5934,95.839,96.2957,99.4418,81.9689,79.9382,50.0154,,93.6457,81.9689,79.9382,72.809,53.0,High health vulnerability
54045,,,,,,,,,Logan,WV,12.7,13.5,10.2,20.5,23.1,34.3,10.1,,,0.8409,0.0,0.0,,,50.0154,,,,,,,,,98.2409,98.9344,94.7564,99.2219,99.594,100.0,52.3512,97.187,50.0154,,98.4579,52.3512,97.187,72.7639,54.0,High health vulnerability
47071,,,,,,,,,Hardin,TN,11.3,13.0,10.1,19.0,20.6,30.2,13.1,,,0.7248,0.0,0.0,,,50.0154,,,,,,,,,80.8863,98.1732,94.0291,96.6001,95.8897,97.7165,76.9621,83.9258,50.0154,,93.8825,76.9621,83.9258,72.7521,55.0,High health vulnerability
22027,,,,,,,,,Claiborne,LA,11.0,14.2,11.6,20.6,21.1,25.1,13.2,,,0.7887,0.0,0.0,,,50.0154,,,,,,,,,68.9953,99.5602,99.1204,99.3911,97.6827,75.1691,77.5203,93.0448,50.0154,,89.9865,77.5203,93.0448,72.7437,56.0,High health vulnerability
54015,,,,,,,,,Clay,WV,12.6,14.0,10.8,20.5,22.3,31.5,10.2,,,0.805,0.0,0.0,,,50.0154,,,,,,,,,97.8349,99.4756,97.5135,99.2219,99.3065,99.594,53.6536,94.4977,50.0154,,98.8244,53.6536,94.4977,72.7011,57.0,High health vulnerability
47099,,,,,,,7.1899,,Lawrence,TN,11.3,11.2,8.5,17.6,21.2,32.0,12.8,,,0.7619,0.0,0.0,,,50.0154,,,,,77.261,,,,80.8863,90.3248,68.9276,88.2442,97.8857,99.7801,74.8647,89.5827,50.0154,77.261,87.6748,74.8647,89.5827,72.6833,58.0,High health vulnerability
51027,,,,,,,,,Buchanan,VA,11.6,13.0,10.6,19.4,19.6,26.6,11.7,,,0.8098,0.0,0.0,,,50.0154,,,,,,,,,88.5149,98.1732,96.9384,97.7334,89.6989,87.4493,67.1516,94.9304,50.0154,,93.0847,67.1516,94.9304,72.6453,59.0,High health vulnerability
47185,,,,,,,,,White,TN,11.3,11.9,9.0,18.1,20.7,31.4,13.0,,,0.7816,0.0,0.0,,,50.0154,,,,,,,,,80.8863,94.7395,79.5839,92.1008,96.2957,99.5095,76.2686,92.2102,50.0154,,90.5193,76.2686,92.2102,72.6431,60.0,High health vulnerability
47121,,,,,,,,,Meigs,TN,11.2,11.9,9.3,18.2,20.4,30.2,13.0,,,0.7799,0.0,0.0,,,50.0154,,,,,,,,,77.4357,94.7395,84.7936,92.7605,94.9256,97.7165,76.2686,91.9938,50.0154,,90.3952,76.2686,91.9938,72.5729,61.0,High health vulnerability
47143,,,,,,,,,Rhea,TN,11.1,11.4,8.7,17.8,20.6,30.2,13.7,,,0.8255,0.0,0.0,,,50.0154,,,,,,,,,73.5284,91.7794,74.002,89.9019,95.8897,97.7165,79.956,96.3215,50.0154,,87.1363,79.956,96.3215,72.5553,62.0,High health vulnerability
54087,,,,,,,,,Roane,WV,12.6,14.4,11.0,20.5,21.8,31.5,10.3,,,0.7813,0.0,0.0,,,50.0154,,,,,,,,,97.8349,99.6955,98.1563,99.2219,99.002,99.594,54.7023,92.1175,50.0154,,98.9175,54.7023,92.1175,72.5546,63.0,High health vulnerability
45033,,,,,,,,,Dillon,SC,11.4,11.8,9.1,18.5,20.2,22.8,16.6,,,0.8189,0.0,0.0,,,50.0154,,,,,,,,,83.7957,94.0798,81.4783,94.3674,93.9953,50.406,90.3755,95.7342,50.0154,,83.0204,90.3755,95.7342,72.4943,64.0,High health vulnerability
40035,,,,,,,,,Craig,OK,12.4,11.2,9.6,17.7,19.7,26.0,12.0,,,0.8885,0.0,0.0,,,50.0154,,,,,,,,,96.8539,90.3248,89.3606,89.0054,90.5616,83.3221,69.5196,99.3509,50.0154,,89.9047,69.5196,99.3509,72.4905,65.0,High health vulnerability
47063,,,,,,,,,Hamblen,TN,11.1,10.6,8.2,17.6,20.6,30.1,14.9,,,0.8812,0.0,0.0,,,50.0154,,,,,,,,,73.5284,84.8782,60.3857,88.2442,95.8897,97.3444,85.1827,99.2581,50.0154,,83.3784,85.1827,99.2581,72.3911,66.0,High health vulnerability
51640,,,,,,,,,Galax,VA,11.7,10.7,8.6,18.1,19.8,26.5,13.2,,,0.8775,0.0,0.0,,,50.0154,,,,,,,,,90.3586,85.8762,71.6678,92.1008,91.475,86.6543,77.5203,99.1036,50.0154,,86.3554,77.5203,99.1036,72.3412,67.0,High health vulnerability
37155,,,,,,,,,Robeson,NC,13.3,11.4,9.3,18.0,20.1,22.9,16.2,,,0.7621,0.0,0.0,,,50.0154,,,,,,,,,99.2219,91.7794,84.7936,91.4242,93.3863,51.7253,89.4114,89.6136,50.0154,,85.3885,89.4114,89.6136,72.339,68.0,High health vulnerability
47109,,,,,,,,,McNairy,TN,11.4,11.8,9.0,18.0,20.9,30.2,12.9,,,0.7665,0.0,0.0,,,50.0154,,,,,,,,,83.7957,94.0798,79.5839,91.4242,97.0568,97.7165,75.5074,90.2628,50.0154,,90.6095,75.5074,90.2628,72.312,69.0,High health vulnerability
40079,,,,,,,,,Le Flore,OK,12.3,10.8,9.1,17.3,19.8,25.9,12.7,,,0.8918,0.0,0.0,,,50.0154,,,,,,,,,96.2618,86.7896,81.4783,85.1488,91.475,82.5947,74.3234,99.4745,50.0154,,87.2914,74.3234,99.4745,72.2763,70.0,High health vulnerability
29133,,,,,,,,,Mississippi,MO,11.6,12.3,9.2,18.7,19.9,25.1,12.8,,,0.8162,0.0,0.0,,,50.0154,,,,,,,,,88.5149,96.3126,83.2544,95.3823,92.3038,75.1691,74.8647,95.3632,50.0154,,88.4895,74.8647,95.3632,72.1997,71.0,High health vulnerability
30003,,,,,,,,,Big Horn,MT,14.1,10.0,8.3,19.1,22.2,25.2,14.1,,,0.8188,0.0,0.0,,,50.0154,,,,,,,,,99.7294,77.8924,63.1597,96.9215,99.2219,76.0487,81.9689,95.7032,50.0154,,85.4956,81.9689,95.7032,72.1943,72.0,High health vulnerability
13243,,,,,,,,,Randolph,GA,12.0,13.7,12.0,20.6,19.2,19.6,16.8,,,0.811,0.0,0.0,,,50.0154,,,,,,,,,93.9107,99.1543,99.4756,99.3911,85.9269,14.2422,91.0014,94.9614,50.0154,,82.0168,91.0014,94.9614,72.1401,73.0,High health vulnerability
54013,,,,,,,,,Calhoun,WV,12.7,16.2,12.5,22.0,22.2,30.9,10.6,,,0.7378,0.0,0.0,,,50.0154,,,,,,,,,98.2409,99.9323,99.797,99.797,99.2219,99.0866,56.935,85.6878,50.0154,,99.346,56.935,85.6878,72.1379,74.0,High health vulnerability
47057,,,,,,,,,Grainger,TN,11.1,11.6,9.1,17.9,20.1,29.9,12.7,,,0.8172,0.0,0.0,,,50.0154,,,,,,,,,73.5284,93.0988,81.4783,90.7476,93.3863,96.9384,74.3234,95.5487,50.0154,,88.1963,74.3234,95.5487,72.0546,75.0,High health vulnerability
40023,,,,,,,,,Choctaw,OK,12.6,11.5,9.9,18.0,19.3,25.3,11.9,,,0.8412,0.0,0.0,,,50.0154,,,,,,,,,97.8349,92.4729,92.4899,91.4242,86.9587,76.979,68.8092,97.2179,50.0154,,89.6933,68.8092,97.2179,72.0409,76.0,High health vulnerability
47073,,,,,,,,,Hawkins,TN,11.1,11.8,9.2,17.9,20.1,30.7,12.0,,,0.8535,0.0,0.0,,,50.0154,,,,,,,,,73.5284,94.0798,83.2544,90.7476,93.3863,98.7991,69.5196,98.0526,50.0154,,88.9659,69.5196,98.0526,72.0044,77.0,High health vulnerability
47019,,,,,,,,,Carter,TN,11.3,11.6,9.3,18.1,20.2,31.5,11.9,,,0.8021,0.0,0.0,,,50.0154,,,,,,,,,80.8863,93.0988,84.7936,92.1008,93.9953,99.594,68.8092,94.2195,50.0154,,90.7448,68.8092,94.2195,71.9916,78.0,High health vulnerability
40071,,,,,,,7.9152,,Kay,OK,11.8,9.6,8.6,15.8,18.6,26.5,11.2,,,0.8561,0.0,0.0,,,50.0154,,,,,85.7881,,,,91.8133,71.5663,71.6678,66.3904,77.9601,86.6543,62.703,98.238,50.0154,85.7881,77.6753,62.703,98.238,71.9646,79.0,High health vulnerability
22067,,,,,,,,,Morehouse,LA,11.5,12.3,10.0,18.8,21.0,26.7,10.8,,,0.8567,0.0,0.0,,,50.0154,,,,,,,,,86.316,96.3126,93.2848,95.839,97.429,88.0582,58.8802,98.3308,50.0154,,92.8733,58.8802,98.3308,71.9254,80.0,High health vulnerability
47177,,,,,,,,,Warren,TN,11.2,10.8,8.2,17.6,20.7,29.7,14.8,,,0.7962,0.0,0.0,,,50.0154,,,,,,,,,77.4357,86.7896,60.3857,88.2442,96.2957,96.6678,84.9459,93.6631,50.0154,,84.3031,84.9459,93.6631,71.9217,81.0,High health vulnerability
29119,,,,,,,,,McDonald,MO,11.3,11.9,9.0,18.7,20.2,26.5,13.9,,,0.7456,0.0,0.0,,,50.0154,,,,,,,,,80.8863,94.7395,79.5839,95.3823,93.9953,86.6543,80.8356,87.1716,50.0154,,88.5403,80.8356,87.1716,71.9205,82.0,High health vulnerability
22013,,,,,,,,,Bienville,LA,11.2,13.4,11.1,20.1,20.9,26.9,10.8,,,0.8356,0.0,0.0,,,50.0154,,,,,,,,,77.4357,98.7821,98.4608,98.816,97.0568,89.3437,58.8802,96.9397,50.0154,,93.3159,58.8802,96.9397,71.8874,83.0,High health vulnerability
27087,,,,,,,,,Mahnomen,MN,12.5,10.2,9.7,18.0,19.8,26.6,11.4,,,0.8962,0.0,0.0,,,50.0154,,,,,,,,,97.3782,80.2943,90.6461,91.4242,91.475,87.4493,64.6313,99.5981,50.0154,,89.7779,64.6313,99.5981,71.8294,84.0,High health vulnerability
47079,,,,,,,,,Henry,TN,11.2,12.1,9.7,18.3,19.8,30.4,12.3,,,0.7576,0.0,0.0,,,50.0154,,,,,,,,,77.4357,95.5514,90.6461,93.3356,91.475,98.1732,71.7355,88.9954,50.0154,,91.1028,71.7355,88.9954,71.8046,85.0,High health vulnerability
13303,,,,,,,8.7317,,Washington,GA,11.1,9.7,8.3,17.1,18.8,19.4,15.7,,,0.7434,0.0,0.0,,,50.0154,,,,,92.8941,,,,73.5284,73.1055,63.1597,83.2206,80.7341,12.5677,87.5,86.8006,50.0154,92.8941,64.386,87.5,86.8006,71.7547,86.0,Lower combined pressure
47101,,,,,,,,,Lewis,TN,11.2,11.1,8.6,17.5,20.6,30.2,12.6,,,0.8496,0.0,0.0,,,50.0154,,,,,,,,,77.4357,89.4621,71.6678,87.2294,95.8897,97.7165,73.7991,97.7125,50.0154,,86.5669,73.7991,97.7125,71.73,87.0,High health vulnerability
05147,,,,,,,,,Woodruff,AR,11.0,12.3,10.7,19.3,19.3,24.4,12.6,,,0.9066,0.0,0.0,,,50.0154,,,,,,,,,68.9953,96.3126,97.2091,97.4797,86.9587,67.5406,73.7991,99.7527,50.0154,,85.7493,73.7991,99.7527,71.7295,88.0,High health vulnerability
47049,,,,,,,,,Fentress,TN,11.4,13.3,10.0,19.3,20.6,30.4,12.9,,,0.6792,0.0,0.0,,,50.0154,,,,,,,,,83.7957,98.5961,93.2848,97.4797,95.8897,98.1732,75.5074,76.0124,50.0154,,94.5365,75.5074,76.0124,71.721,89.0,High health vulnerability
54101,,,,,,,,,Webster,WV,12.7,14.8,11.5,20.9,21.7,31.4,10.4,,,0.7215,0.0,0.0,,,50.0154,,,,,,,,,98.2409,99.7632,99.002,99.611,98.8498,99.5095,55.5819,83.493,50.0154,,99.1627,55.5819,83.493,71.6037,90.0,High health vulnerability
40091,,,,,,,,,McIntosh,OK,12.4,12.4,11.1,18.6,18.9,26.1,11.3,,,0.7845,0.0,0.0,,,50.0154,,,,,,,,,96.8539,96.7185,98.4608,94.8748,82.3748,83.9986,63.7686,92.6121,50.0154,,92.2136,63.7686,92.6121,71.5948,91.0,High health vulnerability
13269,,,,,,,,,Taylor,GA,11.5,12.6,10.3,19.6,19.6,21.0,16.9,,,0.7543,0.0,0.0,,,50.0154,,,,,,,,,86.316,97.3444,95.3654,98.224,89.6989,29.7361,91.2889,88.408,50.0154,,82.7808,91.2889,88.408,71.5594,92.0,High health vulnerability
40075,,,,,,,,,Kiowa,OK,11.8,11.4,10.1,17.5,18.4,25.4,12.9,,,0.8157,0.0,0.0,,,50.0154,,,,,,,,,91.8133,91.7794,94.0291,87.2294,74.5264,78.1461,75.5074,95.3014,50.0154,,86.2539,75.5074,95.3014,71.532,93.0,High health vulnerability
22081,,,,,,,,,Red River,LA,11.1,12.3,9.9,19.2,21.0,26.6,11.1,,,0.8469,0.0,0.0,,,50.0154,,,,,,,,,73.5284,96.3126,92.4899,97.226,97.429,87.4493,61.6204,97.558,50.0154,,90.7392,61.6204,97.558,71.4763,94.0,High health vulnerability
54043,,,,,,,,,Lincoln,WV,12.9,13.8,10.4,20.6,22.5,32.5,10.4,,,0.7211,0.0,0.0,,,50.0154,,,,,,,,,98.7145,99.2896,96.0081,99.3911,99.4249,99.8647,55.5819,83.3694,50.0154,,98.7821,55.5819,83.3694,71.4604,95.0,High health vulnerability
13287,,,,,,,,,Turner,GA,11.4,11.1,9.2,18.4,19.9,20.8,17.0,,,0.8594,0.0,0.0,,,50.0154,,,,,,,,,83.7957,89.4621,83.2544,93.8769,92.3038,27.4696,91.4411,98.5471,50.0154,,78.3604,91.4411,98.5471,71.4581,96.0,High health vulnerability
01011,,,,,,,,,Bullock,AL,11.5,13.0,10.7,19.7,20.1,21.1,17.7,,,0.7175,0.0,0.0,,,50.0154,,,,,,,,,86.316,98.1732,97.2091,98.3593,93.3863,31.0724,92.8112,82.8439,50.0154,,84.086,92.8112,82.8439,71.4555,97.0,High health vulnerability
22107,,,,,,,,,Tensas,LA,11.3,14.6,12.8,20.7,19.7,24.6,11.3,,,0.8342,0.0,0.0,,,50.0154,,,,,,,,,80.8863,99.7294,99.8816,99.5264,90.5616,69.5873,63.7686,96.8161,50.0154,,90.0288,63.7686,96.8161,71.427,98.0,High health vulnerability
01063,,,,,,,,,Greene,AL,12.0,13.8,11.9,19.9,19.0,20.4,14.6,,,0.8016,0.0,0.0,,,50.0154,,,,,,,,,93.9107,99.2896,99.3742,98.5453,83.7788,22.6658,84.1171,94.1577,50.0154,,82.9274,84.1171,94.1577,71.4186,99.0,High health vulnerability
54089,,,,,,,,,Summers,WV,13.0,13.9,11.0,20.3,21.5,30.5,10.0,,,0.752,0.0,0.0,,,50.0154,,,,,,,,,98.7991,99.408,98.1563,98.9513,98.4608,98.3931,50.8796,87.8207,50.0154,,98.6947,50.8796,87.8207,71.3978,100.0,High health vulnerability
41049,,,,,,,,,Morrow,OR,12.1,8.9,7.9,17.5,19.3,25.9,17.8,,,0.8776,0.0,0.0,,,50.0154,,,,,,,,,94.7226,60.1488,52.1313,87.2294,86.9587,82.5947,92.9127,99.1345,50.0154,,77.2976,92.9127,99.1345,71.3783,101.0,High health vulnerability
45067,,,,,,,,,Marion,SC,11.3,11.8,9.5,18.7,19.1,21.6,16.1,,,0.8228,0.0,0.0,,,50.0154,,,,,,,,,80.8863,94.0798,87.8383,95.3823,84.8951,36.502,88.9885,96.0742,50.0154,,79.9306,88.9885,96.0742,71.3247,102.0,High health vulnerability
47137,,,,,,,,,Pickett,TN,11.3,15.2,12.1,20.4,19.9,29.9,13.4,,,0.6344,0.0,0.0,,,50.0154,,,,,,,,,80.8863,99.8309,99.594,99.0697,92.3038,96.9384,78.366,69.3972,50.0154,,94.7705,78.366,69.3972,71.2981,103.0,High health vulnerability
47133,,,,,,,,,Overton,TN,11.4,12.3,9.1,18.3,21.0,30.6,13.4,,,0.6791,0.0,0.0,,,50.0154,,,,,,,,,83.7957,96.3126,81.4783,93.3356,97.429,98.613,78.366,75.9505,50.0154,,91.8274,78.366,75.9505,71.1908,104.0,High health vulnerability
13065,,,,,,,,,Clinch,GA,11.1,11.0,8.8,18.4,20.1,21.8,16.7,,,0.874,0.0,0.0,,,50.0154,,,,,,,,,73.5284,88.498,75.9303,93.8769,93.3863,38.8363,90.68,99.0417,50.0154,,77.3427,90.68,99.0417,71.0833,105.0,High health vulnerability
47059,,,,,,,,,Greene,TN,11.1,11.3,8.9,17.8,19.9,29.3,12.3,,,0.805,0.0,0.0,,,50.0154,,,,,,,,,73.5284,91.069,77.7233,89.9019,92.3038,95.9235,71.7355,94.4668,50.0154,,86.7417,71.7355,94.4668,71.0803,106.0,High health vulnerability
16079,,,,,,,8.2906,,Shoshone,ID,11.3,9.9,8.7,16.9,17.3,22.9,11.3,,,0.8583,0.0,0.0,,,50.0154,,,,,89.7933,,,,80.8863,76.3532,74.002,80.5142,52.3681,51.7253,63.7686,98.5162,50.0154,89.7933,69.3082,63.7686,98.5162,71.0085,107.0,Lower combined pressure
22119,,,,,,,,,Webster,LA,11.2,12.6,10.2,19.5,20.9,27.4,10.1,,,0.8522,0.0,0.0,,,50.0154,,,,,,,,,77.4357,97.3444,94.7564,98.021,97.0568,92.067,52.3512,97.9907,50.0154,,92.7802,52.3512,97.9907,70.9785,108.0,High health vulnerability
05077,,,,,,,,,Lee,AR,11.0,11.7,10.1,19.0,20.1,21.3,15.8,,,0.8038,0.0,0.0,,,50.0154,,,,,,,,,68.9953,93.5724,94.0291,96.6001,93.3863,33.3897,87.9398,94.3431,50.0154,,79.9955,87.9398,94.3431,70.9757,109.0,High health vulnerability
13273,,,,,,,,,Terrell,GA,11.9,11.6,9.9,19.0,19.5,19.4,17.6,,,0.7719,0.0,0.0,,,50.0154,,,,,,,,,92.9465,93.0988,92.4899,96.6001,88.7009,12.5677,92.5744,90.9119,50.0154,,79.4007,92.5744,90.9119,70.9379,110.0,High health vulnerability
47069,,,,,,,,,Hardeman,TN,11.4,10.5,8.3,17.3,20.7,25.8,14.8,,,0.7731,0.0,0.0,,,50.0154,,,,,,,,,83.7957,83.7111,63.1597,85.1488,96.2957,81.8166,84.9459,91.0974,50.0154,,82.3213,84.9459,91.0974,70.919,111.0,High health vulnerability
47175,,,,,,,,,Van Buren,TN,11.1,11.8,9.5,17.9,19.8,29.5,12.3,,,0.7492,0.0,0.0,,,50.0154,,,,,,,,,73.5284,94.0798,87.8383,90.7476,91.475,96.3464,71.7355,87.5116,50.0154,,89.0026,71.7355,87.5116,70.9066,112.0,High health vulnerability
13081,,,,,,,,,Crisp,GA,11.6,11.0,9.4,18.1,19.4,20.5,15.8,,,0.8643,0.0,0.0,,,50.0154,,,,,,,,,88.5149,88.498,86.316,92.1008,87.8214,24.1543,87.9398,98.7635,50.0154,,77.9009,87.9398,98.7635,70.8669,113.0,High health vulnerability
13193,,,,,,,,,Macon,GA,11.2,11.3,9.5,18.9,19.6,18.1,20.2,,,0.8616,0.0,0.0,,,50.0154,,,,,,,,,77.4357,91.069,87.8383,96.2449,89.6989,6.7321,95.6867,98.6399,50.0154,,74.8365,95.6867,98.6399,70.8619,114.0,Lower combined pressure
54019,,,,,,,,,Fayette,WV,12.5,12.2,9.7,18.8,21.8,31.2,9.2,,,0.8723,0.0,0.0,,,50.0154,,,,,,,,,97.3782,95.9405,90.6461,95.839,99.002,99.3742,41.475,99.0108,50.0154,,96.3633,41.475,99.0108,70.8587,115.0,High health vulnerability
16009,,,,,,,8.2098,,Benewah,ID,11.6,10.2,9.1,16.9,16.6,22.4,11.3,,,0.93,0.0,0.0,,,50.0154,,,,,88.7597,,,,88.5149,80.2943,81.4783,80.5142,38.7855,45.1455,63.7686,99.9073,50.0154,88.7597,69.1221,63.7686,99.9073,70.8427,116.0,Lower combined pressure
40019,,,,,,,8.4533,0.0502,Carter,OK,11.7,8.8,7.7,15.1,18.4,25.5,11.1,,,0.8367,0.0,0.0,,,50.0154,,,,,90.9561,94.2708,,,90.3586,58.2206,46.431,54.956,74.5264,79.1779,61.6204,97.0015,50.0154,92.6135,67.2784,61.6204,97.0015,70.8398,117.0,Lower combined pressure
40089,,,,,,,,,McCurtain,OK,12.5,10.5,8.9,17.0,19.5,25.5,12.4,,,0.831,0.0,0.0,,,50.0154,,,,,,,,,97.3782,83.7111,77.7233,81.8166,88.7009,79.1779,72.4797,96.6306,50.0154,,84.7514,72.4797,96.6306,70.8047,118.0,High health vulnerability
54081,,,,,,,,,Raleigh,WV,12.6,12.1,9.5,19.4,22.3,30.6,9.5,,,0.8136,0.0,0.0,,,50.0154,,,,,,,,,97.8349,95.5514,87.8383,97.7334,99.3065,98.613,45.3484,95.1468,50.0154,,96.1463,45.3484,95.1468,70.7876,119.0,High health vulnerability
13003,,,,,,,,,Atkinson,GA,10.8,11.0,8.7,19.5,20.7,22.0,25.2,,,0.7792,0.0,0.0,,,50.0154,,,,,,,,,60.2842,88.498,74.002,98.021,96.2957,41.0183,97.7503,91.932,50.0154,,76.3532,97.7503,91.932,70.7482,120.0,High health vulnerability
29023,,,,,,,,,Butler,MO,11.6,11.8,9.0,18.5,20.2,27.4,11.3,,,0.7687,0.0,0.0,,,50.0154,,,,,,,,,88.5149,94.0798,79.5839,94.3674,93.9953,92.067,63.7686,90.5719,50.0154,,90.4347,63.7686,90.5719,70.7298,121.0,High health vulnerability
01131,,,,,,,,,Wilcox,AL,11.9,12.8,10.8,19.0,19.3,21.4,14.4,,,0.7397,0.0,0.0,,,50.0154,,,,,,,,,92.9465,97.818,97.5135,96.6001,86.9587,34.3369,83.3051,86.2133,50.0154,,84.3623,83.3051,86.2133,70.7294,122.0,High health vulnerability
22009,,,,,,,,,Avoyelles,LA,11.1,12.0,9.6,18.9,21.8,28.0,11.4,,,0.7504,0.0,0.0,,,50.0154,,,,,,,,,73.5284,95.2131,89.3606,96.2449,99.002,93.9445,64.6313,87.728,50.0154,,91.2156,64.6313,87.728,70.7259,123.0,High health vulnerability
05099,,,,,,,,,Nevada,AR,10.9,11.8,10.3,18.9,19.6,24.1,12.4,,,0.8478,0.0,0.0,,,50.0154,,,,,,,,,64.4621,94.0798,95.3654,96.2449,89.6989,64.5636,72.4797,97.6507,50.0154,,84.0691,72.4797,97.6507,70.7133,124.0,High health vulnerability
29143,,,,,,,,,New Madrid,MO,11.5,11.9,9.1,18.2,19.3,25.7,11.2,,,0.8949,0.0,0.0,,,50.0154,,,,,,,,,86.316,94.7395,81.4783,92.7605,86.9587,80.8525,62.703,99.5672,50.0154,,87.1843,62.703,99.5672,70.7036,125.0,High health vulnerability
28053,,,,,,,,,Humphreys,MS,11.7,13.4,10.8,19.6,19.2,18.6,16.0,,,0.7779,0.0,0.0,,,50.0154,,,,,,,,,90.3586,98.7821,97.5135,98.224,85.9269,8.1867,88.6333,91.8393,50.0154,,79.832,88.6333,91.8393,70.6798,126.0,High health vulnerability
51105,,,,,,,,,Lee,VA,11.5,12.6,10.2,19.2,19.4,25.8,12.0,,,0.7211,0.0,0.0,,,50.0154,,,,,,,,,86.316,97.3444,94.7564,97.226,87.8214,81.8166,69.5196,83.3076,50.0154,,90.8801,69.5196,83.3076,70.6765,127.0,High health vulnerability
40063,,,,,,,,,Hughes,OK,11.9,10.5,9.0,16.9,19.3,25.3,13.3,,,0.7919,0.0,0.0,,,50.0154,,,,,,,,,92.9465,83.7111,79.5839,80.5142,86.9587,76.979,77.9263,93.3849,50.0154,,83.4489,77.9263,93.3849,70.664,128.0,High health vulnerability
37165,,,,,,,,,Scotland,NC,12.4,10.9,9.0,16.9,19.7,24.3,14.2,,,0.7534,0.0,0.0,,,50.0154,,,,,,,,,96.8539,87.6015,79.5839,80.5142,90.5616,66.6441,82.5101,88.1298,50.0154,,83.6265,82.5101,88.1298,70.6337,129.0,High health vulnerability
51051,,,,,,,,,Dickenson,VA,11.3,12.6,10.6,19.1,19.3,26.4,11.1,,,0.772,0.0,0.0,,,50.0154,,,,,,,,,80.8863,97.3444,96.9384,96.9215,86.9587,85.8593,61.6204,90.9428,50.0154,,90.8181,61.6204,90.9428,70.6206,130.0,High health vulnerability
39145,,,,,,,7.0716,,Scioto,OH,11.6,11.4,9.0,17.6,21.0,29.3,9.5,,,0.821,0.0,0.0,,,50.0154,,,,,75.4522,,,,88.5149,91.7794,79.5839,88.2442,97.429,95.9235,45.3484,95.9505,50.0154,75.4522,90.2458,45.3484,95.9505,70.559,131.0,High health vulnerability
48241,,,,,,,,,Jasper,TX,11.1,10.7,9.0,17.1,19.4,24.5,15.0,,,0.8021,0.0,0.0,,,50.0154,,,,,,,,,73.5284,85.8762,79.5839,83.2206,87.8214,68.4709,85.4364,94.1886,50.0154,,79.7502,85.4364,94.1886,70.5396,132.0,High health vulnerability
05095,,,,,,,,,Monroe,AR,11.3,11.5,10.4,18.8,18.9,22.9,12.3,,,0.8804,0.0,0.0,,,50.0154,,,,,,,,,80.8863,92.4729,96.0081,95.839,82.3748,51.7253,71.7355,99.1963,50.0154,,83.2177,71.7355,99.1963,70.5363,133.0,High health vulnerability
39105,,,,,,,,,Meigs,OH,11.6,12.9,10.3,18.5,20.3,27.7,9.6,,,0.8399,0.0,0.0,,,50.0154,,,,,,,,,88.5149,98.0041,95.3654,94.3674,94.452,93.1664,46.6509,97.1561,50.0154,,93.9783,46.6509,97.1561,70.5065,134.0,High health vulnerability
54005,,,,,,,,,Boone,WV,12.5,12.4,9.7,18.9,21.6,31.0,9.1,,,0.8422,0.0,0.0,,,50.0154,,,,,,,,,97.3782,96.7185,90.6461,96.2449,98.6806,99.1881,40.1218,97.3725,50.0154,,96.4761,40.1218,97.3725,70.4974,135.0,High health vulnerability
54053,,,,,,,,,Mason,WV,12.8,12.5,9.7,19.0,21.6,31.7,9.1,,,0.8231,0.0,0.0,,,50.0154,,,,,,,,,98.5453,97.0737,90.6461,96.6001,98.6806,99.6955,40.1218,96.1051,50.0154,,96.8736,40.1218,96.1051,70.4609,136.0,High health vulnerability
40121,,,,,,,8.3706,0.0467,Pittsburg,OK,11.8,9.9,8.9,16.2,18.2,25.0,11.2,,,0.7545,0.0,0.0,,,50.0154,,,,,90.3101,77.9948,,,91.8133,76.3532,77.7233,72.1583,70.6698,74.205,62.703,88.4389,50.0154,84.1524,77.1538,62.703,88.4389,70.4454,137.0,High health vulnerability
48155,,,,,,,,,Foard,TX,10.7,11.8,10.9,18.7,18.4,23.8,18.4,,,0.7278,0.0,0.0,,,50.0154,,,,,,,,,55.8018,94.0798,97.8687,95.3823,74.5264,61.8234,93.9445,84.3895,50.0154,,79.9137,93.9445,84.3895,70.4219,138.0,High health vulnerability
48349,,,,,,,8.5241,0.0486,Navarro,TX,10.6,8.6,7.6,16.0,18.9,23.3,20.8,,,0.7097,0.0,0.0,,,50.0154,,,,,91.6021,90.3646,,,51.2686,54.6854,43.8092,69.3505,82.3748,56.2754,96.0081,81.5456,50.0154,90.9833,59.6273,96.0081,81.5456,70.4127,139.0,Lower combined pressure
54075,,,,,,,,,Pocahontas,WV,12.2,13.9,11.4,20.1,20.6,29.4,10.0,,,0.7213,0.0,0.0,,,50.0154,,,,,,,,,95.5514,99.408,98.9175,98.816,95.8897,96.1604,50.8796,83.4312,50.0154,,97.4571,50.8796,83.4312,70.4,140.0,High health vulnerability
05123,,,,,,,,,St. Francis,AR,11.0,10.9,9.3,18.2,19.9,21.7,15.1,,,0.8649,0.0,0.0,,,50.0154,,,,,,,,,68.9953,87.6015,84.7936,92.7605,92.3038,37.7368,85.707,98.7944,50.0154,,77.3652,85.707,98.7944,70.3948,141.0,High health vulnerability
40061,,,,,,,,,Haskell,OK,12.2,10.8,9.5,17.2,18.8,25.4,11.6,,,0.8507,0.0,0.0,,,50.0154,,,,,,,,,95.5514,86.7896,87.8383,84.3031,80.7341,78.1461,66.1874,97.8053,50.0154,,85.5604,66.1874,97.8053,70.392,142.0,High health vulnerability
54099,,,,,,,,,Wayne,WV,12.5,12.0,9.7,18.7,21.8,31.3,9.0,,,0.8632,0.0,0.0,,,50.0154,,,,,,,,,97.3782,95.2131,90.6461,95.3823,99.002,99.4418,38.7348,98.6708,50.0154,,96.1773,38.7348,98.6708,70.386,143.0,High health vulnerability
47181,,,,,,,,,Wayne,TN,11.0,11.8,8.9,17.9,20.7,29.0,14.0,,,0.6916,0.0,0.0,,,50.0154,,,,,,,,,68.9953,94.0798,77.7233,90.7476,96.2957,95.3823,81.4107,78.4235,50.0154,,87.204,81.4107,78.4235,70.3854,144.0,High health vulnerability
28119,,,,,,,,,Quitman,MS,11.6,12.4,9.7,18.7,19.4,18.5,15.4,,,0.8296,0.0,0.0,,,50.0154,,,,,,,,,88.5149,96.7185,90.6461,95.3823,87.8214,7.7808,86.705,96.5379,50.0154,,77.8107,86.705,96.5379,70.3754,145.0,High health vulnerability
40101,,,,,,,,,Muskogee,OK,12.6,10.1,8.5,17.1,20.1,26.1,12.1,,,0.8272,0.0,0.0,,,50.0154,,,,,,,,,97.8349,79.1272,68.9276,83.2206,93.3863,83.9986,70.2639,96.4451,50.0154,,84.4159,70.2639,96.4451,70.3727,146.0,High health vulnerability
41037,,,,,,,7.5168,,Lake,OR,12.0,10.0,9.4,16.8,17.5,26.2,10.0,,,0.906,0.0,0.0,,,50.0154,,,,,81.3953,,,,93.9107,77.8924,86.316,79.1779,56.8166,84.6245,50.8796,99.7218,50.0154,81.3953,79.7897,50.8796,99.7218,70.361,147.0,High health vulnerability
22029,,,,,,,,,Concordia,LA,11.1,12.4,10.1,19.0,21.3,27.4,11.2,,,0.735,0.0,0.0,,,50.0154,,,,,,,,,73.5284,96.7185,94.0291,96.6001,98.1055,92.067,62.703,85.2241,50.0154,,91.8415,62.703,85.2241,70.3436,148.0,High health vulnerability
47085,,,,,,,,,Humphreys,TN,11.1,10.9,8.5,17.2,20.3,30.1,12.1,,,0.824,0.0,0.0,,,50.0154,,,,,,,,,73.5284,87.6015,68.9276,84.3031,94.452,97.3444,70.2639,96.1978,50.0154,,84.3595,70.2639,96.1978,70.3209,149.0,High health vulnerability
26085,,,,,,,,,Lake,MI,11.7,13.4,10.9,19.0,18.3,26.4,10.7,,,0.7936,0.0,0.0,,,50.0154,,,,,,,,,90.3586,98.7821,97.8687,96.6001,72.615,85.8593,57.8654,93.5085,50.0154,,90.3473,57.8654,93.5085,70.3051,150.0,High health vulnerability
46137,,,,,,,,,Ziebach,SD,13.8,11.2,9.2,19.3,21.5,23.1,13.7,,,0.6965,0.0,0.0,,,50.0154,,,,,,,,,99.611,90.3248,83.2544,97.4797,98.4608,53.9073,79.956,79.1345,50.0154,,87.173,79.956,79.1345,70.2759,151.0,High health vulnerability
05017,,,,,,,,,Chicot,AR,11.1,11.5,10.3,18.7,18.7,21.5,14.3,,,0.8476,0.0,0.0,,,50.0154,,,,,,,,,73.5284,92.4729,95.3654,95.3823,79.2456,35.318,82.9668,97.5889,50.0154,,78.5521,82.9668,97.5889,70.2643,152.0,High health vulnerability
05111,,,,,,,,,Poinsett,AR,10.8,11.3,9.1,18.3,20.5,26.8,12.6,,,0.7659,0.0,0.0,,,50.0154,,,,,,,,,60.2842,91.069,81.4783,93.3356,95.4499,88.6502,73.7991,90.2009,50.0154,,85.0445,73.7991,90.2009,70.221,153.0,High health vulnerability
01053,,,,,,,,,Escambia,AL,10.9,11.4,9.5,18.0,19.6,24.0,13.1,,,0.8186,0.0,0.0,,,50.0154,,,,,,,,,64.4621,91.7794,87.8383,91.4242,89.6989,63.6164,76.9621,95.6723,50.0154,,81.4699,76.9621,95.6723,70.1807,154.0,High health vulnerability
45069,,,,,,,,,Marlboro,SC,11.0,11.4,9.0,18.6,19.4,21.8,17.6,,,0.7743,0.0,0.0,,,50.0154,,,,,,,,,68.9953,91.7794,79.5839,94.8748,87.8214,38.8363,92.5744,91.1901,50.0154,,76.9818,92.5744,91.1901,70.1687,155.0,High health vulnerability
47129,,,,,,,,,Morgan,TN,10.9,11.1,8.5,17.5,20.8,30.0,13.4,,,0.7521,0.0,0.0,,,50.0154,,,,,,,,,64.4621,89.4621,68.9276,87.2294,96.6847,97.1076,78.366,87.8516,50.0154,,83.9789,78.366,87.8516,70.1615,156.0,High health vulnerability
54001,,,,,,,,,Barbour,WV,12.6,11.9,9.3,18.5,22.6,31.9,9.3,,,0.8163,0.0,0.0,,,50.0154,,,,,,,,,97.8349,94.7395,84.7936,94.3674,99.4926,99.7294,42.7943,95.3941,50.0154,,95.1596,42.7943,95.3941,70.1511,157.0,High health vulnerability
48419,,,,,,,,,Shelby,TX,11.0,10.1,8.5,17.1,19.4,23.9,18.9,,,0.7943,0.0,0.0,,,50.0154,,,,,,,,,68.9953,79.1272,68.9276,83.2206,87.8214,62.703,94.5365,93.6012,50.0154,,75.1325,94.5365,93.6012,70.1354,158.0,High health vulnerability
30051,,,,,,,,,Liberty,MT,11.9,10.9,9.6,17.7,18.2,24.9,11.8,,,0.8557,0.0,0.0,,,50.0154,,,,,,,,,92.9465,87.6015,89.3606,89.0054,70.6698,73.1225,68.0988,98.2071,50.0154,,83.7844,68.0988,98.2071,70.1084,159.0,High health vulnerability
29011,,,,,,,,,Barton,MO,11.2,12.2,9.5,18.3,19.1,25.6,10.9,,,0.8895,0.0,0.0,,,50.0154,,,,,,,,,77.4357,95.9405,87.8383,93.3356,84.8951,79.9222,59.8275,99.4127,50.0154,,86.5612,59.8275,99.4127,70.0919,160.0,High health vulnerability
47139,,,,,,,,,Polk,TN,11.2,11.0,8.7,17.5,20.1,30.5,11.6,,,0.7862,0.0,0.0,,,50.0154,,,,,,,,,77.4357,88.498,74.002,87.2294,93.3863,98.3931,66.1874,92.9212,50.0154,,86.4908,66.1874,92.9212,70.0509,161.0,High health vulnerability
47033,,,,,,,,,Crockett,TN,11.2,10.0,8.0,16.9,20.0,27.9,14.2,,,0.7979,0.0,0.0,,,50.0154,,,,,,,,,77.4357,77.8924,55.0744,80.5142,92.8112,93.7246,82.5101,93.8485,50.0154,,79.5754,82.5101,93.8485,70.0458,162.0,High health vulnerability
13165,,,,,,,,,Jenkins,GA,11.2,10.9,8.7,18.3,20.4,20.5,18.2,,,0.7896,0.0,0.0,,,50.0154,,,,,,,,,77.4357,87.6015,74.002,93.3356,94.9256,24.1543,93.7415,93.1376,50.0154,,75.2424,93.7415,93.1376,70.0042,163.0,High health vulnerability
47091,,,,,,,,,Johnson,TN,11.2,13.3,10.1,19.1,20.4,30.1,14.2,,,0.5771,0.0,0.0,,,50.0154,,,,,,,,,77.4357,98.5961,94.0291,96.9215,94.9256,97.3444,82.5101,59.2581,50.0154,,93.2087,82.5101,59.2581,69.9782,164.0,High health vulnerability
46017,,,,,,,,,Buffalo,SD,14.0,9.9,8.0,18.9,23.1,22.6,14.6,,,0.7854,0.0,0.0,,,50.0154,,,,,,,,,99.6955,76.3532,55.0744,96.2449,99.594,47.7165,84.1171,92.7666,50.0154,,79.1131,84.1171,92.7666,69.9617,165.0,High health vulnerability
39131,,,,,,,,,Pike,OH,11.9,12.5,9.6,18.1,21.0,29.2,10.2,,,0.7365,0.0,0.0,,,50.0154,,,,,,,,,92.9465,97.0737,89.3606,92.1008,97.429,95.6698,53.6536,85.5641,50.0154,,94.0968,53.6536,85.5641,69.9341,166.0,High health vulnerability
01085,,,,,,,,,Lowndes,AL,11.7,12.3,10.4,18.8,19.1,20.9,13.9,,,0.7551,0.0,0.0,,,50.0154,,,,,,,,,90.3586,96.3126,96.0081,95.839,84.8951,28.5521,80.8356,88.5008,50.0154,,81.9942,80.8356,88.5008,69.9158,167.0,High health vulnerability
05133,,,,,,,,,Sevier,AR,10.2,9.9,8.6,18.6,19.5,24.1,20.5,,,0.8818,0.0,0.0,,,50.0154,,,,,,,,,33.4405,76.3532,71.6678,94.8748,88.7009,64.5636,95.8728,99.289,50.0154,,71.6001,95.8728,99.289,69.8945,168.0,Lower combined pressure
13141,,,,,,,,,Hancock,GA,11.4,11.9,10.5,19.2,18.8,17.5,18.7,,,0.7552,0.0,0.0,,,50.0154,,,,,,,,,83.7957,94.7395,96.5663,97.226,80.7341,4.8545,94.2828,88.5626,50.0154,,76.3194,94.2828,88.5626,69.8253,169.0,High health vulnerability
05129,,,,,,,,,Searcy,AR,10.7,13.7,11.9,20.0,19.0,26.0,11.9,,,0.7501,0.0,0.0,,,50.0154,,,,,,,,,55.8018,99.1543,99.3742,98.6806,83.7788,83.3221,68.8092,87.6662,50.0154,,86.6853,68.8092,87.6662,69.7646,170.0,High health vulnerability
40095,,,,,,,,,Marshall,OK,11.6,10.5,9.6,16.9,17.8,24.6,13.6,,,0.822,0.0,0.0,,,50.0154,,,,,,,,,88.5149,83.7111,89.3606,80.5142,62.7876,69.5873,79.4317,96.0124,50.0154,,79.0793,79.4317,96.0124,69.7585,171.0,High health vulnerability
54085,,,,,,,,,Ritchie,WV,12.4,13.4,10.5,19.5,21.5,30.5,9.6,,,0.7115,0.0,0.0,,,50.0154,,,,,,,,,96.8539,98.7821,96.5663,98.021,98.4608,98.3931,46.6509,81.7774,50.0154,,97.8462,46.6509,81.7774,69.7453,172.0,High health vulnerability
01105,,,,,,,,,Perry,AL,11.9,12.9,10.9,19.3,19.8,22.1,13.8,,,0.6793,0.0,0.0,,,50.0154,,,,,,,,,92.9465,98.0041,97.8687,97.4797,91.475,42.1516,80.362,76.0433,50.0154,,86.6543,80.362,76.0433,69.745,173.0,High health vulnerability
05011,,,,,,,,,Bradley,AR,10.8,10.7,9.4,18.5,19.1,23.2,15.2,,,0.7837,0.0,0.0,,,50.0154,,,,,,,,,60.2842,85.8762,86.316,94.3674,84.8951,55.1252,86.0622,92.3957,50.0154,,77.8107,86.0622,92.3957,69.7374,174.0,High health vulnerability
54017,,,,,,,,,Doddridge,WV,11.9,11.5,9.4,18.0,21.2,29.2,9.8,,,0.7814,0.0,0.0,,,50.0154,,,,,,,,,92.9465,92.4729,86.316,91.4242,97.8857,95.6698,48.7483,92.1484,50.0154,,92.7859,48.7483,92.1484,69.721,175.0,High health vulnerability
47077,,,,,,,,,Henderson,TN,11.2,10.9,8.4,17.5,20.4,29.0,12.6,,,0.7442,0.0,0.0,,,50.0154,,,,,,,,,77.4357,87.6015,66.0521,87.2294,94.9256,95.3823,73.7991,86.9243,50.0154,,84.7711,73.7991,86.9243,69.693,176.0,High health vulnerability
13161,,,,,,,,,Jeff Davis,GA,10.8,10.6,8.5,18.1,20.1,22.2,18.6,,,0.797,0.0,0.0,,,50.0154,,,,,,,,,60.2842,84.8782,68.9276,92.1008,93.3863,43.1834,94.1475,93.7867,50.0154,,73.7934,94.1475,93.7867,69.6619,177.0,Lower combined pressure
22041,,,,,,,,,Franklin,LA,11.1,12.5,9.9,19.1,21.1,28.1,10.7,,,0.7278,0.0,0.0,,,50.0154,,,,,,,,,73.5284,97.0737,92.4899,96.9215,97.6827,94.0798,57.8654,84.4204,50.0154,,91.9627,57.8654,84.4204,69.6318,178.0,High health vulnerability
30073,,,,,,,,,Pondera,MT,12.3,10.3,8.9,17.7,18.8,25.0,11.7,,,0.8248,0.0,0.0,,,50.0154,,,,,,,,,96.2618,81.6137,77.7233,89.0054,80.7341,74.205,67.1516,96.2597,50.0154,,83.2572,67.1516,96.2597,69.5467,179.0,High health vulnerability
29181,,,,,,,,,Ripley,MO,11.4,12.8,9.7,18.5,19.9,27.1,11.2,,,0.7004,0.0,0.0,,,50.0154,,,,,,,,,83.7957,97.818,90.6461,94.3674,92.3038,90.5785,62.703,79.8764,50.0154,,91.5849,62.703,79.8764,69.545,180.0,High health vulnerability
47111,,,,,,,,,Macon,TN,11.3,10.9,7.9,17.4,21.8,30.7,14.4,,,0.6889,0.0,0.0,,,50.0154,,,,,,,,,80.8863,87.6015,52.1313,86.0792,99.002,98.7991,83.3051,77.8362,50.0154,,84.0832,83.3051,77.8362,69.5194,181.0,High health vulnerability
51037,,,,,,,,,Charlotte,VA,11.9,11.5,9.9,18.4,18.6,24.0,11.2,,,0.8067,0.0,0.0,,,50.0154,,,,,,,,,92.9465,92.4729,92.4899,93.8769,77.9601,63.6164,62.703,94.6832,50.0154,,85.5604,62.703,94.6832,69.5111,182.0,High health vulnerability
08011,,,,,,,,,Bent,CO,10.8,10.1,9.2,17.8,18.3,22.0,22.1,,,0.8337,0.0,0.0,,,50.0154,,,,,,,,,60.2842,79.1272,83.2544,89.9019,72.615,41.0183,96.8877,96.7852,50.0154,,71.0335,96.8877,96.7852,69.507,183.0,Lower combined pressure
22097,,,,,,,,,St. Landry,LA,11.2,11.2,9.0,18.4,21.3,26.6,10.7,,,0.7947,0.0,0.0,,,50.0154,,,,,,,,,77.4357,90.3248,79.5839,93.8769,98.1055,87.4493,57.8654,93.6321,50.0154,,87.796,57.8654,93.6321,69.4712,184.0,High health vulnerability
13017,,,,,,,,,Ben Hill,GA,11.4,11.1,9.0,18.6,19.8,20.9,17.2,,,0.7254,0.0,0.0,,,50.0154,,,,,,,,,83.7957,89.4621,79.5839,94.8748,91.475,28.5521,91.6779,84.0495,50.0154,,77.9573,91.6779,84.0495,69.4222,185.0,High health vulnerability
41023,,,,,,,12.9572,,Grant,OR,12.1,10.2,10.0,16.7,16.9,25.7,8.0,,,0.6776,0.0,0.0,,,50.0154,,,,,99.4832,,,,94.7226,80.2943,93.2848,77.9432,44.5704,80.8525,23.1225,75.5796,50.0154,99.4832,78.6113,23.1225,75.5796,69.3985,186.0,High health vulnerability
29223,,,,,,,,,Wayne,MO,11.3,14.3,11.1,20.0,19.1,25.8,11.4,,,0.6959,0.0,0.0,,,50.0154,,,,,,,,,80.8863,99.6279,98.4608,98.6806,84.8951,81.8166,64.6313,78.9799,50.0154,,90.7279,64.6313,78.9799,69.397,187.0,High health vulnerability
05047,,,,,,,,,Franklin,AR,10.6,11.2,9.5,18.3,19.8,27.0,11.5,,,0.8027,0.0,0.0,,,50.0154,,,,,,,,,51.2686,90.3248,87.8383,93.3356,91.475,90.0203,65.4093,94.2813,50.0154,,84.0438,65.4093,94.2813,69.3128,188.0,High health vulnerability
47083,,,,,,,,,Houston,TN,11.1,10.5,8.3,17.0,20.1,30.1,12.1,,,0.8004,0.0,0.0,,,50.0154,,,,,,,,,73.5284,83.7111,63.1597,81.8166,93.3863,97.3444,70.2639,94.0649,50.0154,,82.1578,70.2639,94.0649,69.3026,189.0,High health vulnerability
22091,,,,,,,,,St. Helena,LA,11.3,11.5,9.8,18.4,20.5,25.7,10.6,,,0.7633,0.0,0.0,,,50.0154,,,,,,,,,80.8863,92.4729,91.5934,93.8769,95.4499,80.8525,56.935,89.7991,50.0154,,89.1887,56.935,89.7991,69.3003,190.0,High health vulnerability
28125,,,,,,,,,Sharkey,MS,11.3,13.3,11.3,19.4,18.4,17.6,15.2,,,0.7921,0.0,0.0,,,50.0154,,,,,,,,,80.8863,98.5961,98.8329,97.7334,74.5264,5.2097,86.0622,93.4467,50.0154,,75.9641,86.0622,93.4467,69.2621,191.0,High health vulnerability
54031,,,,,,,,,Hardy,WV,12.3,12.6,10.4,19.5,21.0,29.8,9.7,,,0.6971,0.0,0.0,,,50.0154,,,,,,,,,96.2618,97.3444,96.0081,98.021,97.429,96.7862,47.7165,79.1654,50.0154,,96.9751,47.7165,79.1654,69.2488,192.0,High health vulnerability
45087,,,,,,,,,Union,SC,10.9,11.9,9.4,18.3,18.8,23.4,14.8,,,0.7363,0.0,0.0,,,50.0154,,,,,,,,,64.4621,94.7395,86.316,93.3356,80.7341,57.4256,84.9459,85.5332,50.0154,,79.5021,84.9459,85.5332,69.2374,193.0,High health vulnerability
05121,,,,,,,,,Randolph,AR,10.6,11.2,9.4,18.4,20.3,26.8,11.7,,,0.7763,0.0,0.0,,,50.0154,,,,,,,,,51.2686,90.3248,86.316,93.8769,94.452,88.6502,67.1516,91.6538,50.0154,,84.1481,67.1516,91.6538,69.2296,194.0,High health vulnerability
05001,,,,,,,8.8144,,Arkansas,AR,10.6,9.6,8.6,16.6,19.1,23.4,11.1,,,0.665,0.0,0.0,,,50.0154,,,,,93.6693,,,,51.2686,71.5663,71.6678,76.8606,84.8951,57.4256,61.6204,74.0031,50.0154,93.6693,68.9473,61.6204,74.0031,69.2211,195.0,Lower combined pressure
22021,,,,,,,,,Caldwell,LA,10.5,11.7,9.4,18.2,21.4,29.2,10.7,,,0.8383,0.0,0.0,,,50.0154,,,,,,,,,46.9046,93.5724,86.316,92.7605,98.2747,95.6698,57.8654,97.0325,50.0154,,85.583,57.8654,97.0325,69.1869,196.0,High health vulnerability
29035,,,,,,,,,Carter,MO,11.3,12.7,9.7,18.8,19.4,26.6,10.9,,,0.7232,0.0,0.0,,,50.0154,,,,,,,,,80.8863,97.5981,90.6461,95.839,87.8214,87.4493,59.8275,83.7403,50.0154,,90.04,59.8275,83.7403,69.1619,197.0,High health vulnerability
51690,,,,,,,,,Martinsville,VA,12.5,10.2,8.4,17.5,19.5,23.2,12.2,,,0.9125,0.0,0.0,,,50.0154,,,,,,,,,97.3782,80.2943,66.0521,87.2294,88.7009,55.1252,70.9912,99.8454,50.0154,,79.13,70.9912,99.8454,69.1611,198.0,High health vulnerability
51595,,,,,,,,,Emporia,VA,12.8,10.1,8.8,17.6,19.1,21.1,13.3,,,0.9156,0.0,0.0,,,50.0154,,,,,,,,,98.5453,79.1272,75.9303,88.2442,84.8951,31.0724,77.9263,99.8764,50.0154,,76.3024,77.9263,99.8764,69.1473,199.0,High health vulnerability
18025,,,,,,,,,Crawford,IN,11.9,13.8,10.4,18.7,19.5,27.1,10.3,,,0.6976,0.0,0.0,,,50.0154,,,,,,,,,92.9465,99.2896,96.0081,95.3823,88.7009,90.5785,54.7023,79.289,50.0154,,93.8177,54.7023,79.289,69.1442,200.0,High health vulnerability
05075,,,,,,,,,Lawrence,AR,10.7,11.3,9.3,18.1,20.4,27.3,11.6,,,0.76,0.0,0.0,,,50.0154,,,,,,,,,55.8018,91.069,84.7936,92.1008,94.9256,91.6272,66.1874,89.3663,50.0154,,85.053,66.1874,89.3663,69.0977,201.0,High health vulnerability
05071,,,,,,,,,Johnson,AR,10.3,10.3,8.9,17.8,19.5,25.4,13.8,,,0.8601,0.0,0.0,,,50.0154,,,,,,,,,38.0751,81.6137,77.7233,89.9019,88.7009,78.1461,80.362,98.5781,50.0154,,75.6935,80.362,98.5781,69.096,202.0,High health vulnerability
54103,,,,,,,,,Wetzel,WV,12.1,11.7,9.7,18.2,21.3,30.7,8.6,,,0.8579,0.0,0.0,,,50.0154,,,,,,,,,94.7226,93.5724,90.6461,92.7605,98.1055,98.7991,32.6286,98.4544,50.0154,,94.7677,32.6286,98.4544,69.0731,203.0,High health vulnerability
13019,,,,,,,,,Berrien,GA,10.7,10.7,8.8,17.8,19.9,22.9,15.9,,,0.7756,0.0,0.0,,,50.0154,,,,,,,,,55.8018,85.8762,75.9303,89.9019,92.3038,51.7253,88.3288,91.4992,50.0154,,75.2565,88.3288,91.4992,69.0688,204.0,High health vulnerability
40015,,,,,,,,,Caddo,OK,11.5,9.5,8.2,16.5,19.0,24.2,15.8,,,0.8208,0.0,0.0,,,50.0154,,,,,,,,,86.316,69.9763,60.3857,75.7442,83.7788,65.6461,87.9398,95.9196,50.0154,,73.6412,87.9398,95.9196,69.0678,205.0,Lower combined pressure
29149,,,,,,,,,Oregon,MO,11.1,13.3,10.4,18.8,19.2,25.9,10.9,,,0.738,0.0,0.0,,,50.0154,,,,,,,,,73.5284,98.5961,96.0081,95.839,85.9269,82.5947,59.8275,85.7805,50.0154,,88.7489,59.8275,85.7805,69.0035,206.0,High health vulnerability
40113,,,,,,,,0.0488,Osage,OK,12.1,9.2,8.7,15.3,17.4,24.0,10.1,,,0.76,0.0,0.0,,,50.0154,,,,,,90.7552,,,94.7226,65.4093,74.002,58.7449,54.364,63.6164,52.3512,89.2736,50.0154,90.7552,68.4765,52.3512,89.2736,68.975,207.0,Lower combined pressure
54091,,,,,,,,,Taylor,WV,12.3,11.2,9.0,17.9,21.0,30.2,9.0,,,0.858,0.0,0.0,,,50.0154,,,,,,,,,96.2618,90.3248,79.5839,90.7476,97.429,97.7165,38.7348,98.4853,50.0154,,92.0106,38.7348,98.4853,68.9724,208.0,High health vulnerability
29229,,,,,,,,,Wright,MO,11.2,12.6,9.5,18.6,19.8,26.6,11.5,,,0.6911,0.0,0.0,,,50.0154,,,,,,,,,77.4357,97.3444,87.8383,94.8748,91.475,87.4493,65.4093,78.2071,50.0154,,89.4029,65.4093,78.2071,68.956,209.0,High health vulnerability
29221,,,,,,,,,Washington,MO,11.2,11.9,8.8,17.8,19.8,26.4,11.0,,,0.7757,0.0,0.0,,,50.0154,,,,,,,,,77.4357,94.7395,75.9303,89.9019,91.475,85.8593,60.724,91.5301,50.0154,,85.8903,60.724,91.5301,68.9368,210.0,High health vulnerability
13163,,,,,,,,,Jefferson,GA,11.5,10.1,8.5,17.7,19.4,19.9,16.8,,,0.8428,0.0,0.0,,,50.0154,,,,,,,,,86.316,79.1272,68.9276,89.0054,87.8214,16.9317,91.0014,97.4034,50.0154,,71.3549,91.0014,97.4034,68.9118,211.0,Lower combined pressure
13075,,,,,,,,,Cook,GA,11.0,10.1,8.3,17.7,19.9,22.2,16.2,,,0.8183,0.0,0.0,,,50.0154,,,,,,,,,68.9953,79.1272,63.1597,89.0054,92.3038,43.1834,89.4114,95.6414,50.0154,,72.6291,89.4114,95.6414,68.8896,212.0,Lower combined pressure
22025,,,,,,,,,Catahoula,LA,10.6,11.6,9.3,18.6,20.6,26.9,12.0,,,0.7321,0.0,0.0,,,50.0154,,,,,,,,,51.2686,93.0988,84.7936,94.8748,95.8897,89.3437,69.5196,84.8841,50.0154,,84.8782,69.5196,84.8841,68.8861,213.0,High health vulnerability
05049,,,,,,,,,Fulton,AR,10.6,13.2,11.5,19.4,19.0,26.2,11.3,,,0.7539,0.0,0.0,,,50.0154,,,,,,,,,51.2686,98.4438,99.002,97.7334,83.7788,84.6245,63.7686,88.2535,50.0154,,85.8085,63.7686,88.2535,68.8786,214.0,High health vulnerability
48079,,,,,,,,,Cochran,TX,10.1,9.7,8.8,19.2,19.6,22.9,32.3,,,0.7912,0.0,0.0,,,50.0154,,,,,,,,,29.2794,73.1055,75.9303,97.226,89.6989,51.7253,99.3065,93.323,50.0154,,69.4942,99.3065,93.323,68.8549,215.0,Lower combined pressure
22101,,,,,,,,,St. Mary,LA,10.7,10.8,9.2,18.2,20.4,27.3,11.1,,,0.8004,0.0,0.0,,,50.0154,,,,,,,,,55.8018,86.7896,83.2544,92.7605,94.9256,91.6272,61.6204,94.0958,50.0154,,84.1932,61.6204,94.0958,68.8327,216.0,High health vulnerability
54055,,,,,,,,,Mercer,WV,12.7,12.1,9.5,18.3,21.3,31.1,8.8,,,0.7792,0.0,0.0,,,50.0154,,,,,,,,,98.2409,95.5514,87.8383,93.3356,98.1055,99.2896,35.8085,91.9011,50.0154,,95.3935,35.8085,91.9011,68.832,217.0,High health vulnerability
13027,,,,,,,,,Brooks,GA,11.1,11.6,10.0,18.8,18.8,20.2,16.4,,,0.7386,0.0,0.0,,,50.0154,,,,,,,,,73.5284,93.0988,93.2848,95.839,80.7341,20.1116,89.885,85.9969,50.0154,,76.0995,89.885,85.9969,68.8236,218.0,High health vulnerability
12039,,,,,,,,,Gadsden,FL,11.1,11.0,9.3,17.7,18.8,16.6,18.0,,,0.8545,0.0,0.0,,,50.0154,,,,,,,,,73.5284,88.498,84.7936,89.0054,80.7341,2.5203,93.3187,98.1144,50.0154,,69.8466,93.3187,98.1144,68.8128,219.0,Lower combined pressure
05037,,,,,,,,,Cross,AR,10.9,10.8,9.1,17.9,19.8,25.3,12.2,,,0.765,0.0,0.0,,,50.0154,,,,,,,,,64.4621,86.7896,81.4783,90.7476,91.475,76.979,70.9912,90.0773,50.0154,,81.9886,70.9912,90.0773,68.8115,220.0,High health vulnerability
13007,,,,,,,,,Baker,GA,11.1,12.4,11.3,19.2,18.2,19.3,16.4,,,0.7575,0.0,0.0,,,50.0154,,,,,,,,,73.5284,96.7185,98.8329,97.226,70.6698,11.7388,89.885,88.9645,50.0154,,74.7857,89.885,88.9645,68.7813,221.0,Lower combined pressure
46007,,,,,,,,,Bennett,SD,13.2,11.5,9.8,19.1,20.4,22.4,13.7,,,0.6318,0.0,0.0,,,50.0154,,,,,,,,,98.9682,92.4729,91.5934,96.9215,94.9256,45.1455,79.956,69.0263,50.0154,,86.6712,79.956,69.0263,68.7609,222.0,High health vulnerability
48063,,,,,,,,,Camp,TX,10.8,9.5,8.3,16.7,18.9,23.5,19.8,,,0.8566,0.0,0.0,,,50.0154,,,,,,,,,60.2842,69.9763,63.1597,77.9432,82.3748,58.6265,95.4161,98.2998,50.0154,,68.7274,95.4161,98.2998,68.7441,223.0,Lower combined pressure
37153,,,,,,,,,Richmond,NC,12.1,10.6,8.8,16.4,19.1,25.9,13.4,,,0.6993,0.0,0.0,,,50.0154,,,,,,,,,94.7226,84.8782,75.9303,74.6448,84.8951,82.5947,78.366,79.5981,50.0154,,82.9443,78.366,79.5981,68.7162,224.0,High health vulnerability
40005,,,,,,,,,Atoka,OK,11.7,10.3,8.9,16.5,18.8,24.8,12.7,,,0.7756,0.0,0.0,,,50.0154,,,,,,,,,90.3586,81.6137,77.7233,75.7442,80.7341,71.8539,74.3234,91.4683,50.0154,,79.6713,74.3234,91.4683,68.6688,225.0,High health vulnerability
28051,,,,,,,,,Holmes,MS,11.5,11.6,9.4,18.1,19.5,17.9,15.6,,,0.7584,0.0,0.0,,,50.0154,,,,,,,,,86.316,93.0988,86.316,92.1008,88.7009,6.1908,87.1279,89.0572,50.0154,,75.4539,87.1279,89.0572,68.6488,226.0,High health vulnerability
51089,,,,,,,,,Henry,VA,11.7,11.0,9.8,18.0,18.1,23.7,11.2,,,0.8416,0.0,0.0,,,50.0154,,,,,,,,,90.3586,88.498,91.5934,91.4242,68.7415,60.8762,62.703,97.2798,50.0154,,81.9153,62.703,97.2798,68.6423,227.0,High health vulnerability
51720,,,,,,,,,Norton,VA,11.7,10.5,8.1,17.2,20.2,27.1,10.5,,,0.9103,0.0,0.0,,,50.0154,,,,,,,,,90.3586,83.7111,57.747,84.3031,93.9953,90.5785,56.2585,99.8145,50.0154,,83.4489,56.2585,99.8145,68.6322,228.0,High health vulnerability
13001,,,,,,,,,Appling,GA,10.8,11.0,9.1,18.4,19.6,22.0,17.9,,,0.7124,0.0,0.0,,,50.0154,,,,,,,,,60.2842,88.498,81.4783,93.8769,89.6989,41.0183,93.0819,81.9784,50.0154,,75.8091,93.0819,81.9784,68.6172,229.0,High health vulnerability
40111,,,,,,,,,Okmulgee,OK,12.7,9.9,8.6,16.5,19.5,25.7,11.1,,,0.8512,0.0,0.0,,,50.0154,,,,,,,,,98.2409,76.3532,71.6678,75.7442,88.7009,80.8525,61.6204,97.9289,50.0154,,81.9266,61.6204,97.9289,68.5883,230.0,High health vulnerability
05035,,,,,,,7.9512,0.0452,Crittenden,AR,11.6,9.3,7.9,17.0,20.2,23.9,12.3,,,0.7791,0.0,0.0,,,50.0154,,,,,86.0465,63.0208,,,88.5149,66.9486,52.1313,81.8166,93.9953,62.703,71.7355,91.8702,50.0154,74.5337,74.3516,71.7355,91.8702,68.5865,231.0,Lower combined pressure
13271,,,,,,,,,Telfair,GA,10.7,12.0,10.1,19.7,19.7,19.8,22.8,,,0.6989,0.0,0.0,,,50.0154,,,,,,,,,55.8018,95.2131,94.0291,98.3593,90.5616,16.1536,97.1245,79.4745,50.0154,,75.0197,97.1245,79.4745,68.5593,232.0,High health vulnerability
28027,,,,,,,,,Coahoma,MS,11.4,11.1,9.1,17.8,19.2,17.9,15.1,,,0.8259,0.0,0.0,,,50.0154,,,,,,,,,83.7957,89.4621,81.4783,89.9019,85.9269,6.1908,85.707,96.3524,50.0154,,72.7926,85.707,96.3524,68.545,233.0,Lower combined pressure
51111,,,,,,,,,Lunenburg,VA,11.6,10.6,9.5,17.8,18.0,22.8,12.5,,,0.8118,0.0,0.0,,,50.0154,,,,,,,,,88.5149,84.8782,87.8383,89.9019,66.8978,50.406,73.1901,95.0232,50.0154,,78.0728,73.1901,95.0232,68.4589,234.0,High health vulnerability
49031,,,,,,,,,Piute,UT,11.5,10.3,10.2,17.8,17.1,26.0,13.0,,,0.7348,0.0,0.0,,,50.0154,,,,,,,,,86.316,81.6137,94.7564,89.9019,48.0717,83.3221,76.2686,85.1932,50.0154,,80.6636,76.2686,85.1932,68.4223,235.0,High health vulnerability
54041,,,,,,,,,Lewis,WV,12.2,11.6,9.2,18.3,21.6,31.0,9.0,,,0.7626,0.0,0.0,,,50.0154,,,,,,,,,95.5514,93.0988,83.2544,93.3356,98.6806,99.1881,38.7348,89.7372,50.0154,,93.8515,38.7348,89.7372,68.4196,236.0,High health vulnerability
05091,,,,,,,,,Miller,AR,11.1,10.1,8.5,17.2,20.1,24.6,12.2,,,0.8323,0.0,0.0,,,50.0154,,,,,,,,,73.5284,79.1272,68.9276,84.3031,93.3863,69.5873,70.9912,96.6615,50.0154,,78.1433,70.9912,96.6615,68.4076,237.0,High health vulnerability
54097,,,,,,,,,Upshur,WV,12.2,11.5,9.4,17.9,21.6,30.3,8.9,,,0.7739,0.0,0.0,,,50.0154,,,,,,,,,95.5514,92.4729,86.316,90.7476,98.6806,98.0041,37.297,91.1283,50.0154,,93.6288,37.297,91.1283,68.3391,238.0,High health vulnerability
37083,,,,,,,,,Halifax,NC,12.4,11.5,9.8,17.2,18.4,22.5,13.6,,,0.7027,0.0,0.0,,,50.0154,,,,,,,,,96.8539,92.4729,91.5934,84.3031,74.5264,46.3464,79.4317,80.34,50.0154,,81.016,79.4317,80.34,68.3144,239.0,High health vulnerability
48045,,,,,,,,,Briscoe,TX,10.3,10.4,9.9,17.7,17.5,22.8,20.5,,,0.8167,0.0,0.0,,,50.0154,,,,,,,,,38.0751,82.6793,92.4899,89.0054,56.8166,50.406,95.8728,95.456,50.0154,,68.2454,95.8728,95.456,68.2651,240.0,Lower combined pressure
40033,,,,,,,,,Cotton,OK,11.8,10.5,9.2,16.7,18.0,25.6,11.3,,,0.8332,0.0,0.0,,,50.0154,,,,,,,,,91.8133,83.7111,83.2544,77.9432,66.8978,79.9222,63.7686,96.6924,50.0154,,80.5903,63.7686,96.6924,68.2644,241.0,High health vulnerability
05065,,,,,,,,,Izard,AR,10.3,12.2,10.9,18.8,18.8,25.6,11.8,,,0.7662,0.0,0.0,,,50.0154,,,,,,,,,38.0751,95.9405,97.8687,95.839,80.7341,79.9222,68.0988,90.2318,50.0154,,81.3966,68.0988,90.2318,68.2491,242.0,High health vulnerability
47015,,,,,,,,,Cannon,TN,11.1,10.8,8.2,17.1,20.5,30.3,12.6,,,0.704,0.0,0.0,,,50.0154,,,,,,,,,73.5284,86.7896,60.3857,83.2206,95.4499,98.0041,73.7991,80.5873,50.0154,,82.8964,73.7991,80.5873,68.2231,243.0,High health vulnerability
39163,,,,,,,,,Vinton,OH,11.7,11.4,8.9,17.1,19.6,28.1,9.5,,,0.8295,0.0,0.0,,,50.0154,,,,,,,,,90.3586,91.7794,77.7233,83.2206,89.6989,94.0798,45.3484,96.507,50.0154,,87.8101,45.3484,96.507,68.1903,244.0,High health vulnerability
05127,,,,,,,,,Scott,AR,10.3,10.6,9.5,17.9,18.9,25.1,12.4,,,0.8467,0.0,0.0,,,50.0154,,,,,,,,,38.0751,84.8782,87.8383,90.7476,82.3748,75.1691,72.4797,97.527,50.0154,,76.5139,72.4797,97.527,68.1784,245.0,High health vulnerability
40135,,,,,,,8.1794,0.0397,Sequoyah,OK,12.8,11.5,9.7,18.4,20.3,26.8,12.2,,,0.8334,0.0,0.0,,,50.0154,,,,,88.6305,16.1458,,,98.5453,92.4729,90.6461,93.8769,94.452,88.6502,70.9912,96.7233,50.0154,52.3882,93.1072,70.9912,96.7233,68.1499,246.0,High health vulnerability
06039,,,,,,,9.0801,0.0472,Madera,CA,10.4,7.2,7.0,16.9,19.8,21.8,17.9,,,0.7376,0.0,0.0,,,50.0154,,,,,95.7364,82.9427,,,42.6928,27.6894,29.161,80.5142,91.475,38.8363,93.0819,85.626,50.0154,89.3396,51.7281,93.0819,85.626,68.1423,247.0,Lower combined pressure
13239,,,,,,,,,Quitman,GA,11.1,13.1,12.1,19.8,17.3,18.6,15.3,,,0.8127,0.0,0.0,,,50.0154,,,,,,,,,73.5284,98.3254,99.594,98.4608,52.3681,8.1867,86.4344,95.1159,50.0154,,71.7439,86.4344,95.1159,68.1275,248.0,Lower combined pressure
54083,,,,,,,,,Randolph,WV,12.0,10.9,9.1,17.4,20.8,30.7,9.0,,,0.8148,0.0,0.0,,,50.0154,,,,,,,,,93.9107,87.6015,81.4783,86.0792,96.6847,98.7991,38.7348,95.2087,50.0154,,90.7589,38.7348,95.2087,68.1183,249.0,High health vulnerability
08009,,,,,,,,,Baca,CO,11.9,10.7,9.6,17.2,17.7,24.2,12.8,,,0.7404,0.0,0.0,,,50.0154,,,,,,,,,92.9465,85.8762,89.3606,84.3031,60.8424,65.6461,74.8647,86.3369,50.0154,,79.8292,74.8647,86.3369,68.1094,250.0,High health vulnerability
54063,,,,,,,,,Monroe,WV,12.2,12.3,10.3,18.6,20.4,30.3,8.8,,,0.7343,0.0,0.0,,,50.0154,,,,,,,,,95.5514,96.3126,95.3654,94.8748,94.9256,98.0041,35.8085,85.1005,50.0154,,95.839,35.8085,85.1005,68.0737,251.0,High health vulnerability
40041,,,,,,,,,Delaware,OK,12.1,11.5,10.4,17.8,18.5,25.4,10.8,,,0.7114,0.0,0.0,,,50.0154,,,,,,,,,94.7226,92.4729,96.0081,89.9019,76.387,78.1461,58.8802,81.7311,50.0154,,87.9398,58.8802,81.7311,68.0676,252.0,High health vulnerability
48315,,,,,,,,,Marion,TX,11.0,11.2,10.1,17.4,17.9,23.1,13.6,,,0.7625,0.0,0.0,,,50.0154,,,,,,,,,68.9953,90.3248,94.0291,86.0792,64.9019,53.9073,79.4317,89.7063,50.0154,,76.3729,79.4317,89.7063,68.0155,253.0,High health vulnerability
48487,,,,,,,,,Wilbarger,TX,10.5,9.9,8.5,17.3,19.2,23.7,21.3,,,0.7448,0.0,0.0,,,50.0154,,,,,,,,,46.9046,76.3532,68.9276,85.1488,85.9269,60.8762,96.3464,86.9861,50.0154,,70.6896,96.3464,86.9861,68.0137,254.0,Lower combined pressure
13299,,,,,,,,,Ware,GA,10.9,10.0,8.4,17.7,19.8,21.9,16.4,,,0.7755,0.0,0.0,,,50.0154,,,,,,,,,64.4621,77.8924,66.0521,89.0054,91.475,39.885,89.885,91.4374,50.0154,,71.462,89.885,91.4374,68.0031,255.0,Lower combined pressure
51195,,,,,,,,,Wise,VA,11.4,10.5,8.6,17.1,19.7,26.3,10.9,,,0.7837,0.0,0.0,,,50.0154,,,,,,,,,83.7957,83.7111,71.6678,83.2206,90.5616,85.2334,59.8275,92.3648,50.0154,,83.0317,59.8275,92.3648,67.9757,256.0,High health vulnerability
29091,,,,,,,,,Howell,MO,11.2,12.0,9.1,17.9,19.3,26.7,10.8,,,0.7263,0.0,0.0,,,50.0154,,,,,,,,,77.4357,95.2131,81.4783,90.7476,86.9587,88.0582,58.8802,84.204,50.0154,,86.6486,58.8802,84.204,67.9669,257.0,High health vulnerability
22085,,,,,,,,,Sabine,LA,10.7,11.5,9.9,18.5,20.6,28.0,9.5,,,0.8169,0.0,0.0,,,50.0154,,,,,,,,,55.8018,92.4729,92.4899,94.3674,95.8897,93.9445,45.3484,95.4869,50.0154,,87.4944,45.3484,95.4869,67.949,258.0,High health vulnerability
40141,,,,,,,,,Tillman,OK,11.1,9.8,9.2,16.6,17.2,23.4,15.9,,,0.8509,0.0,0.0,,,50.0154,,,,,,,,,73.5284,74.7124,83.2544,76.8606,50.203,57.4256,88.3288,97.8671,50.0154,,69.3307,88.3288,97.8671,67.9425,259.0,Lower combined pressure
22039,,,,,,,,,Evangeline,LA,10.9,11.1,8.8,18.2,21.3,28.3,11.7,,,0.6882,0.0,0.0,,,50.0154,,,,,,,,,64.4621,89.4621,75.9303,92.7605,98.1055,94.4012,67.1516,77.6198,50.0154,,85.8536,67.1516,77.6198,67.9269,260.0,High health vulnerability
48387,,,,,,,,,Red River,TX,10.9,10.7,9.7,17.0,18.2,23.7,14.3,,,0.7454,0.0,0.0,,,50.0154,,,,,,,,,64.4621,85.8762,90.6461,81.8166,70.6698,60.8762,82.9668,87.0788,50.0154,,75.7245,82.9668,87.0788,67.9204,261.0,High health vulnerability
54067,,,,,,,,,Nicholas,WV,12.1,11.9,9.9,18.4,20.7,30.8,8.6,,,0.7556,0.0,0.0,,,50.0154,,,,,,,,,94.7226,94.7395,92.4899,93.8769,96.2957,98.9682,32.6286,88.5935,50.0154,,95.1821,32.6286,88.5935,67.8965,262.0,High health vulnerability
05149,,,,,,,,,Yell,AR,10.1,9.9,8.7,17.5,18.8,25.1,15.3,,,0.8298,0.0,0.0,,,50.0154,,,,,,,,,29.2794,76.3532,74.002,87.2294,80.7341,75.1691,86.4344,96.5688,50.0154,,70.4612,86.4344,96.5688,67.8937,263.0,Lower combined pressure
12027,,,,,,,,,DeSoto,FL,10.0,12.1,10.7,19.5,18.9,18.6,26.1,,,0.7771,0.0,0.0,,,50.0154,,,,,,,,,24.8816,95.5514,97.2091,98.021,82.3748,8.1867,98.1732,91.7156,50.0154,,67.7041,98.1732,91.7156,67.8927,264.0,Lower combined pressure
45005,,,,,,,,,Allendale,SC,11.0,10.7,9.1,17.8,18.3,19.6,17.6,,,0.8045,0.0,0.0,,,50.0154,,,,,,,,,68.9953,85.8762,81.4783,89.9019,72.615,14.2422,92.5744,94.4359,50.0154,,68.8515,92.5744,94.4359,67.8914,265.0,Lower combined pressure
22117,,,,,,,,,Washington,LA,10.8,11.3,9.3,18.0,20.4,27.2,10.1,,,0.7842,0.0,0.0,,,50.0154,,,,,,,,,60.2842,91.069,84.7936,91.4242,94.9256,91.1198,52.3512,92.5502,50.0154,,85.6027,52.3512,92.5502,67.8606,266.0,High health vulnerability
18009,,,,,,,,,Blackford,IN,11.7,12.1,9.6,17.2,18.9,26.5,9.5,,,0.7909,0.0,0.0,,,50.0154,,,,,,,,,90.3586,95.5514,89.3606,84.3031,82.3748,86.6543,45.3484,93.2303,50.0154,,88.1005,45.3484,93.2303,67.8502,267.0,High health vulnerability
40147,,,,,,,8.768,0.0486,Washington,OK,11.6,8.8,8.2,14.6,17.2,26.5,10.0,,,0.7386,0.0,0.0,,,50.0154,,,,,93.2817,90.1042,,,88.5149,58.2206,60.3857,45.4838,50.203,86.6543,50.8796,85.966,50.0154,91.6929,64.9104,50.8796,85.966,67.84,268.0,Lower combined pressure
48005,,,,,,,,,Angelina,TX,11.0,8.8,7.9,17.0,19.6,24.3,18.8,,,0.7673,0.0,0.0,,,50.0154,,,,,,,,,68.9953,58.2206,52.1313,81.8166,89.6989,66.6441,94.4181,90.2937,50.0154,,69.5845,94.4181,90.2937,67.8292,269.0,Lower combined pressure
51580,,,,,,,,,Covington,VA,11.7,11.0,9.0,17.9,19.7,25.6,11.0,,,0.7078,0.0,0.0,,,50.0154,,,,,,,,,90.3586,88.498,79.5839,90.7476,90.5616,79.9222,60.724,81.2983,50.0154,,86.612,60.724,81.2983,67.8131,270.0,High health vulnerability
39001,,,,,,,,,Adams,OH,11.8,11.8,9.2,17.4,19.8,26.6,9.6,,,0.76,0.0,0.0,,,50.0154,,,,,,,,,91.8133,94.0798,83.2544,86.0792,91.475,87.4493,46.6509,89.3354,50.0154,,89.0251,46.6509,89.3354,67.8127,271.0,High health vulnerability
13307,,,,,,,,,Webster,GA,11.2,11.4,10.7,18.5,17.9,19.3,14.6,,,0.7758,0.0,0.0,,,50.0154,,,,,,,,,77.4357,91.7794,97.2091,94.3674,64.9019,11.7388,84.1171,91.5611,50.0154,,72.9054,84.1171,91.5611,67.7317,272.0,Lower combined pressure
13099,,,,,,,,,Early,GA,11.6,10.3,8.8,17.8,19.0,19.8,15.4,,,0.761,0.0,0.0,,,50.0154,,,,,,,,,88.5149,81.6137,75.9303,89.9019,83.7788,16.1536,86.705,89.459,50.0154,,72.6488,86.705,89.459,67.711,273.0,Lower combined pressure
35006,,,,,,,,,Cibola,NM,11.5,8.4,8.3,18.1,18.7,23.4,16.1,,,0.7642,0.0,0.0,,,50.0154,,,,,,,,,86.316,50.592,63.1597,92.1008,79.2456,57.4256,88.9885,89.9845,50.0154,,71.4733,88.9885,89.9845,67.6937,274.0,Lower combined pressure
28103,,,,,,,,,Noxubee,MS,11.1,11.0,9.2,17.8,18.7,17.9,15.2,,,0.8243,0.0,0.0,,,50.0154,,,,,,,,,73.5284,88.498,83.2544,89.9019,79.2456,6.1908,86.0622,96.2287,50.0154,,70.1032,86.0622,96.2287,67.6794,275.0,Lower combined pressure
47055,,,,,,,,,Giles,TN,11.3,10.5,8.4,16.8,19.8,29.1,11.8,,,0.7144,0.0,0.0,,,50.0154,,,,,,,,,80.8863,83.7111,66.0521,79.1779,91.475,95.5007,68.0988,82.4111,50.0154,,82.8005,68.0988,82.4111,67.6743,276.0,High health vulnerability
39007,,,,,,,,0.0455,Ashtabula,OH,11.3,11.0,9.2,16.9,19.5,27.7,10.0,,,0.8517,0.0,0.0,,,50.0154,,,,,,65.2344,,,80.8863,88.498,83.2544,80.5142,88.7009,93.1664,50.8796,97.9598,50.0154,65.2344,85.8367,50.8796,97.9598,67.6563,277.0,High health vulnerability
40037,,,,,,,,0.0493,Creek,OK,11.7,8.9,8.0,15.1,17.9,24.9,10.1,,,0.6941,0.0,0.0,,,50.0154,,,,,,91.6667,,,90.3586,60.1488,55.0744,54.956,64.9019,73.1225,52.3512,78.7635,50.0154,91.6667,66.427,52.3512,78.7635,67.6395,278.0,Lower combined pressure
05137,,,,,,,,,Stone,AR,10.5,13.2,11.8,19.4,18.3,25.3,11.2,,,0.76,0.0,0.0,,,50.0154,,,,,,,,,46.9046,98.4438,99.2558,97.7334,72.615,76.979,62.703,89.3045,50.0154,,81.9886,62.703,89.3045,67.6034,279.0,High health vulnerability
48037,,,,,,,9.3657,,Bowie,TX,10.8,8.1,7.1,14.6,18.6,23.6,14.1,,,0.64,0.0,0.0,,,50.0154,,,,,96.124,,,,60.2842,44.7903,31.4276,45.4838,77.9601,59.726,81.9689,70.3555,50.0154,96.124,53.2786,81.9689,70.3555,67.5877,280.0,Lower combined pressure
18075,,,,,,,,,Jay,IN,11.6,11.0,8.6,16.6,19.2,26.5,10.0,,,0.8574,0.0,0.0,,,50.0154,,,,,,,,,88.5149,88.498,71.6678,76.8606,85.9269,86.6543,50.8796,98.3926,50.0154,,83.0204,50.8796,98.3926,67.5826,281.0,High health vulnerability
47041,,,,,,,,0.0441,DeKalb,TN,11.1,11.8,8.9,18.3,20.8,30.1,14.4,,,0.7938,0.0,0.0,,,50.0154,,,,,,50.7812,,,73.5284,94.0798,77.7233,93.3356,96.6847,97.3444,83.3051,93.5394,50.0154,50.7812,88.7827,83.3051,93.5394,67.5801,282.0,High health vulnerability
47183,,,,,,,,,Weakley,TN,11.3,10.0,7.8,16.0,21.5,30.1,12.3,,,0.7527,0.0,0.0,,,50.0154,,,,,,,,,80.8863,77.8924,49.0866,69.3505,98.4608,97.3444,71.7355,87.9753,50.0154,,78.8368,71.7355,87.9753,67.5799,283.0,High health vulnerability
29215,,,,,,,,,Texas,MO,10.9,12.2,9.6,18.1,19.1,25.5,11.2,,,0.7203,0.0,0.0,,,50.0154,,,,,,,,,64.4621,95.9405,89.3606,92.1008,84.8951,79.1779,62.703,83.2457,50.0154,,84.3228,62.703,83.2457,67.5736,284.0,High health vulnerability
48457,,,,,,,,,Tyler,TX,10.7,10.7,9.0,16.9,19.3,24.3,17.3,,,0.6733,0.0,0.0,,,50.0154,,,,,,,,,55.8018,85.8762,79.5839,80.5142,86.9587,66.6441,91.9317,74.9614,50.0154,,75.8965,91.9317,74.9614,67.5574,285.0,High health vulnerability
46041,,,,,,,,,Dewey,SD,13.7,10.3,8.3,18.1,21.1,22.1,13.4,,,0.6992,0.0,0.0,,,50.0154,,,,,,,,,99.5602,81.6137,63.1597,92.1008,97.6827,42.1516,78.366,79.5672,50.0154,,79.3781,78.366,79.5672,67.5233,286.0,High health vulnerability
13301,,,,,,,,,Warren,GA,11.4,10.5,9.4,17.7,18.2,18.9,15.3,,,0.7969,0.0,0.0,,,50.0154,,,,,,,,,83.7957,83.7111,86.316,89.0054,70.6698,9.2862,86.4344,93.7249,50.0154,,70.464,86.4344,93.7249,67.5154,287.0,Lower combined pressure
40085,,,,,,,,,Love,OK,11.4,9.3,8.5,15.9,18.0,24.8,13.7,,,0.8638,0.0,0.0,,,50.0154,,,,,,,,,83.7957,66.9486,68.9276,67.8112,66.8978,71.8539,79.956,98.7326,50.0154,,71.0391,79.956,98.7326,67.511,288.0,Lower combined pressure
54105,,,,,,,,,Wirt,WV,12.3,12.7,10.4,18.9,20.9,30.3,8.6,,,0.707,0.0,0.0,,,50.0154,,,,,,,,,96.2618,97.5981,96.0081,96.2449,97.0568,98.0041,32.6286,81.0819,50.0154,,96.8623,32.6286,81.0819,67.455,289.0,High health vulnerability
05051,,,,,,,9.0249,,Garland,AR,10.1,9.5,9.3,16.7,17.4,24.1,10.3,,,0.656,0.0,0.0,,,50.0154,,,,,95.2196,,,,29.2794,69.9763,84.7936,77.9432,54.364,64.5636,54.7023,72.6739,50.0154,95.2196,63.4867,54.7023,72.6739,67.4188,290.0,Lower combined pressure
17153,,,,,,,,,Pulaski,IL,11.6,11.6,9.5,17.5,18.9,21.9,11.1,,,0.8039,0.0,0.0,,,50.0154,,,,,,,,,88.5149,93.0988,87.8383,87.2294,82.3748,39.885,61.6204,94.374,50.0154,,79.8235,61.6204,94.374,67.4133,291.0,High health vulnerability
40057,,,,,,,,,Harmon,OK,11.1,10.1,9.4,17.1,17.2,23.2,16.7,,,0.7409,0.0,0.0,,,50.0154,,,,,,,,,73.5284,79.1272,86.316,83.2206,50.203,55.1252,90.68,86.4915,50.0154,,71.2534,90.68,86.4915,67.3802,292.0,Lower combined pressure
22083,,,,,,,,,Richland,LA,11.0,11.0,9.0,17.8,20.8,27.4,10.2,,,0.7415,0.0,0.0,,,50.0154,,,,,,,,,68.9953,88.498,79.5839,89.9019,96.6847,92.067,53.6536,86.6151,50.0154,,85.9551,53.6536,86.6151,67.3604,293.0,High health vulnerability
18041,,,,,,,,,Fayette,IN,11.8,11.4,8.9,16.6,19.1,27.1,9.4,,,0.8367,0.0,0.0,,,50.0154,,,,,,,,,91.8133,91.7794,77.7233,76.8606,84.8951,90.5785,44.0291,96.9706,50.0154,,85.6084,44.0291,96.9706,67.3423,294.0,High health vulnerability
05057,,,,,,,,,Hempstead,AR,10.7,9.8,8.9,17.5,18.9,22.1,14.2,,,0.8464,0.0,0.0,,,50.0154,,,,,,,,,55.8018,74.7124,77.7233,87.2294,82.3748,42.1516,82.5101,97.4961,50.0154,,69.9989,82.5101,97.4961,67.34,295.0,Lower combined pressure
12079,,,,,,,,,Madison,FL,10.9,11.1,9.4,17.7,18.7,18.6,16.6,,,0.7721,0.0,0.0,,,50.0154,,,,,,,,,64.4621,89.4621,86.316,89.0054,79.2456,8.1867,90.3755,90.9892,50.0154,,69.4463,90.3755,90.9892,67.3369,296.0,Lower combined pressure
13205,,,,,,,,,Mitchell,GA,11.2,9.8,8.4,17.3,19.3,20.0,16.0,,,0.8235,0.0,0.0,,,50.0154,,,,,,,,,77.4357,74.7124,66.0521,85.1488,86.9587,17.8281,88.6333,96.1669,50.0154,,68.0227,88.6333,96.1669,67.3204,297.0,Lower combined pressure
05103,,,,,,,,,Ouachita,AR,11.0,10.3,9.3,17.5,19.1,23.2,11.3,,,0.8556,0.0,0.0,,,50.0154,,,,,,,,,68.9953,81.6137,84.7936,87.2294,84.8951,55.1252,63.7686,98.1762,50.0154,,77.1087,63.7686,98.1762,67.3017,298.0,High health vulnerability
47107,,,,,,,6.3691,,McMinn,TN,11.1,10.5,8.3,16.9,20.1,29.2,12.4,,,0.8349,0.0,0.0,,,50.0154,,,,,59.6899,,,,73.5284,83.7111,63.1597,80.5142,93.3863,95.6698,72.4797,96.9088,50.0154,59.6899,81.6616,72.4797,96.9088,67.2814,299.0,High health vulnerability
40013,,,,,,,,,Bryan,OK,12.2,9.4,8.1,16.0,18.9,27.0,11.5,,,0.819,0.0,0.0,,,50.0154,,,,,,,,,95.5514,68.3694,57.747,69.3505,82.3748,90.0203,65.4093,95.7651,50.0154,,77.2356,65.4093,95.7651,67.2413,300.0,High health vulnerability
01005,,,,,,,,,Barbour,AL,10.8,11.1,9.5,17.4,18.5,22.1,14.3,,,0.7435,0.0,0.0,,,50.0154,,,,,,,,,60.2842,89.4621,87.8383,86.0792,76.387,42.1516,82.9668,86.8315,50.0154,,73.7004,82.9668,86.8315,67.2127,301.0,Lower combined pressure
51083,,,,,,,,,Halifax,VA,11.8,11.2,10.0,17.9,17.9,22.4,11.2,,,0.7862,0.0,0.0,,,50.0154,,,,,,,,,91.8133,90.3248,93.2848,90.7476,64.9019,45.1455,62.703,92.8903,50.0154,,79.3696,62.703,92.8903,67.2085,302.0,High health vulnerability
39053,,,,,,,,,Gallia,OH,11.5,11.0,9.2,17.3,19.6,28.3,9.3,,,0.7749,0.0,0.0,,,50.0154,,,,,,,,,86.316,88.498,83.2544,85.1488,89.6989,94.4012,42.7943,91.3138,50.0154,,87.8862,42.7943,91.3138,67.1826,303.0,High health vulnerability
46071,,,,,,,1.4845,0.05,Jackson,SD,13.2,12.3,10.3,19.5,20.9,22.3,13.9,,,0.7301,0.0,0.0,,,50.0154,,,,,14.7287,93.6198,,,98.9682,96.3126,95.3654,98.021,97.0568,44.1137,80.8356,84.6677,50.0154,54.1742,88.3063,80.8356,84.6677,67.1751,304.0,High health vulnerability
29153,,,,,,,,,Ozark,MO,11.2,14.9,12.0,20.3,18.4,25.5,11.2,,,0.6402,0.0,0.0,,,50.0154,,,,,,,,,77.4357,99.797,99.4756,98.9513,74.5264,79.1779,62.703,70.4173,50.0154,,88.2273,62.703,70.4173,67.1646,305.0,High health vulnerability
37157,,,,,,,,0.0469,Rockingham,NC,11.3,9.7,8.4,15.3,17.8,25.2,11.7,,,0.6891,0.0,0.0,,,50.0154,,,,,,80.9896,,,80.8863,73.1055,66.0521,58.7449,62.7876,76.0487,67.1516,77.9598,50.0154,80.9896,69.6042,67.1516,77.9598,67.1642,306.0,Lower combined pressure
05029,,,,,,,,,Conway,AR,10.6,10.7,9.4,17.7,19.1,24.9,11.2,,,0.8094,0.0,0.0,,,50.0154,,,,,,,,,51.2686,85.8762,86.316,89.0054,84.8951,73.1225,62.703,94.8686,50.0154,,78.414,62.703,94.8686,67.1537,307.0,High health vulnerability
05093,,,,,,,,,Mississippi,AR,11.1,9.6,8.1,16.9,20.1,24.8,12.5,,,0.7865,0.0,0.0,,,50.0154,,,,,,,,,73.5284,71.5663,57.747,80.5142,93.3863,71.8539,73.1901,92.9521,50.0154,,74.766,73.1901,92.9521,67.0805,308.0,Lower combined pressure
32009,,,,,,,,,Esmeralda,NV,10.9,12.5,12.1,19.4,16.8,20.2,14.7,,,0.7849,0.0,0.0,,,50.0154,,,,,,,,,64.4621,97.0737,99.594,97.7334,42.7267,20.1116,84.5907,92.643,50.0154,,70.2836,84.5907,92.643,67.0652,309.0,Lower combined pressure
13109,,,,,,,,,Evans,GA,10.9,9.6,8.0,17.2,19.4,20.8,17.6,,,0.8439,0.0,0.0,,,50.0154,,,,,,,,,64.4621,71.5663,55.0744,84.3031,87.8214,27.4696,92.5744,97.4343,50.0154,,65.1161,92.5744,97.4343,67.046,310.0,Lower combined pressure
48343,,,,,,,,,Morris,TX,11.1,9.4,8.4,16.1,18.5,23.4,14.7,,,0.8199,0.0,0.0,,,50.0154,,,,,,,,,73.5284,68.3694,66.0521,70.8728,76.387,57.4256,84.5907,95.8269,50.0154,,68.7726,84.5907,95.8269,66.986,311.0,Lower combined pressure
12013,,,,,,,,,Calhoun,FL,10.6,11.1,9.2,17.8,19.6,19.9,16.8,,,0.739,0.0,0.0,,,50.0154,,,,,,,,,51.2686,89.4621,83.2544,89.9019,89.6989,16.9317,91.0014,86.1206,50.0154,,70.0863,91.0014,86.1206,66.9845,312.0,Lower combined pressure
18121,,,,,,,,,Parke,IN,12.2,11.8,9.1,17.1,19.3,27.2,9.7,,,0.716,0.0,0.0,,,50.0154,,,,,,,,,95.5514,94.0798,81.4783,83.2206,86.9587,91.1198,47.7165,82.6584,50.0154,,88.7348,47.7165,82.6584,66.9677,313.0,High health vulnerability
22111,,,,,,,,,Union,LA,10.5,11.9,10.2,18.2,19.7,27.0,9.9,,,0.7638,0.0,0.0,,,50.0154,,,,,,,,,46.9046,94.7395,94.7564,92.7605,90.5616,90.0203,49.7124,89.9227,50.0154,,84.9571,49.7124,89.9227,66.9432,314.0,High health vulnerability
40043,,,,,,,7.2675,0.0494,Dewey,OK,11.3,9.2,8.3,15.2,17.5,24.8,10.1,,,0.7605,0.0,0.0,,,50.0154,,,,,78.1654,92.1875,,,80.8863,65.4093,63.1597,56.8843,56.8166,71.8539,52.3512,89.3972,50.0154,85.1764,65.835,52.3512,89.3972,66.9323,315.0,Lower combined pressure
54095,,,,,,,,,Tyler,WV,12.0,11.9,10.0,18.3,20.4,29.8,8.1,,,0.7688,0.0,0.0,,,50.0154,,,,,,,,,93.9107,94.7395,93.2848,93.3356,94.9256,96.7862,24.7294,90.6028,50.0154,,94.4971,24.7294,90.6028,66.8828,316.0,High health vulnerability
29103,,,,,,,,,Knox,MO,11.1,12.4,9.7,18.0,18.8,25.2,10.7,,,0.7066,0.0,0.0,,,50.0154,,,,,,,,,73.5284,96.7185,90.6461,91.4242,80.7341,76.0487,57.8654,81.051,50.0154,,84.85,57.8654,81.051,66.8117,317.0,High health vulnerability
54029,,,,,,,6.4344,0.0464,Hancock,WV,12.1,10.8,9.2,17.4,20.2,29.5,8.0,,,0.8511,0.0,0.0,,,50.0154,,,,,61.8863,75.0,,,94.7226,86.7896,83.2544,86.0792,93.9953,96.3464,23.1225,97.898,50.0154,68.4432,90.1979,23.1225,97.898,66.7669,318.0,High health vulnerability
05135,,,,,,,,,Sharp,AR,10.6,12.3,10.8,19.0,18.9,26.1,11.1,,,0.6868,0.0,0.0,,,50.0154,,,,,,,,,51.2686,96.3126,97.5135,96.6001,82.3748,83.9986,61.6204,77.3107,50.0154,,84.6781,61.6204,77.3107,66.7563,319.0,High health vulnerability
30005,,,,,,,,,Blaine,MT,13.2,9.3,8.3,18.1,19.8,24.3,11.9,,,0.7126,0.0,0.0,,,50.0154,,,,,,,,,98.9682,66.9486,63.1597,92.1008,91.475,66.6441,68.8092,82.102,50.0154,,79.8827,68.8092,82.102,66.7552,320.0,High health vulnerability
51167,,,,,,,,,Russell,VA,11.5,11.4,9.5,18.1,18.6,26.3,10.0,,,0.7148,0.0,0.0,,,50.0154,,,,,,,,,86.316,91.7794,87.8383,92.1008,77.9601,85.2334,50.8796,82.5039,50.0154,,86.8713,50.8796,82.5039,66.7477,321.0,High health vulnerability
01035,,,,,,,,,Conecuh,AL,11.0,12.6,11.1,18.6,18.3,22.3,12.7,,,0.6873,0.0,0.0,,,50.0154,,,,,,,,,68.9953,97.3444,98.4608,94.8748,72.615,44.1137,74.3234,77.4034,50.0154,,79.4007,74.3234,77.4034,66.7033,322.0,High health vulnerability
13305,,,,,,,,,Wayne,GA,10.8,10.0,8.0,17.3,19.7,21.6,16.3,,,0.7758,0.0,0.0,,,50.0154,,,,,,,,,60.2842,77.8924,55.0744,85.1488,90.5616,36.502,89.6651,91.592,50.0154,,67.5772,89.6651,91.592,66.6995,323.0,Lower combined pressure
39031,,,,,,,,,Coshocton,OH,11.3,11.1,9.1,16.8,18.9,27.7,9.4,,,0.8094,0.0,0.0,,,50.0154,,,,,,,,,80.8863,89.4621,81.4783,79.1779,82.3748,93.1664,44.0291,94.8995,50.0154,,84.4243,44.0291,94.8995,66.6714,324.0,High health vulnerability
28151,,,,,,,,,Washington,MS,11.3,11.1,9.1,17.4,18.3,16.9,14.4,,,0.8023,0.0,0.0,,,50.0154,,,,,,,,,80.8863,89.4621,81.4783,86.0792,72.615,3.3153,83.3051,94.2504,50.0154,,68.9727,83.3051,94.2504,66.6711,325.0,Lower combined pressure
40137,,,,,,,,,Stephens,OK,11.6,9.8,8.8,16.0,17.9,25.4,11.3,,,0.8499,0.0,0.0,,,50.0154,,,,,,,,,88.5149,74.7124,75.9303,69.3505,64.9019,78.1461,63.7686,97.7434,50.0154,,75.2594,63.7686,97.7434,66.6276,326.0,High health vulnerability
47173,,,,,,,,,Union,TN,11.1,10.9,8.3,17.2,20.4,29.9,12.5,,,0.6257,0.0,0.0,,,50.0154,,,,,,,,,73.5284,87.6015,63.1597,84.3031,94.9256,96.9384,73.1901,67.8825,50.0154,,83.4094,73.1901,67.8825,66.619,327.0,High health vulnerability
37187,,,,,,,,,Washington,NC,12.2,12.4,11.1,17.6,17.7,23.4,12.8,,,0.6242,0.0,0.0,,,50.0154,,,,,,,,,95.5514,96.7185,98.4608,88.2442,60.8424,57.4256,74.8647,67.5425,50.0154,,82.8738,74.8647,67.5425,66.6184,328.0,High health vulnerability
54071,,,,,,,,,Pendleton,WV,11.8,12.2,10.9,18.4,19.3,28.7,8.6,,,0.7188,0.0,0.0,,,50.0154,,,,,,,,,91.8133,95.9405,97.8687,93.8769,86.9587,94.8579,32.6286,82.9521,50.0154,,93.5527,32.6286,82.9521,66.6011,329.0,High health vulnerability
01099,,,,,,,,,Monroe,AL,11.1,11.2,9.7,17.5,18.6,22.7,12.1,,,0.7245,0.0,0.0,,,50.0154,,,,,,,,,73.5284,90.3248,90.6461,87.2294,77.9601,49.0528,70.2639,83.8794,50.0154,,78.1236,70.2639,83.8794,66.5998,330.0,High health vulnerability
22105,,,,,,,8.9719,,Tangipahoa,LA,10.5,8.7,7.3,15.4,20.8,26.4,9.5,,,0.6623,0.0,0.0,,,50.0154,,,,,94.832,,,,46.9046,56.4445,36.3329,60.2334,96.6847,85.8593,45.3484,73.6321,50.0154,94.832,63.7432,45.3484,73.6321,66.5465,331.0,Lower combined pressure
48067,,,,,,,,,Cass,TX,10.9,9.9,8.7,16.3,18.6,24.0,13.5,,,0.7715,0.0,0.0,,,50.0154,,,,,,,,,64.4621,76.3532,74.002,73.4269,77.9601,63.6164,78.9073,90.8192,50.0154,,71.6368,78.9073,90.8192,66.5153,332.0,Lower combined pressure
32011,,,,,,,,,Eureka,NV,11.4,12.1,9.9,19.1,19.7,23.5,12.3,,,0.5886,0.0,0.0,,,50.0154,,,,,,,,,83.7957,95.5514,92.4899,96.9215,90.5616,58.6265,71.7355,61.2365,50.0154,,86.3244,71.7355,61.2365,66.5106,333.0,High health vulnerability
47163,,,,,,,5.7504,0.0464,Sullivan,TN,11.2,10.3,8.5,16.6,19.3,30.6,11.1,,,0.7877,0.0,0.0,,,50.0154,,,,,50.0,74.8698,,,77.4357,81.6137,68.9276,76.8606,86.9587,98.613,61.6204,92.983,50.0154,62.4349,81.7349,61.6204,92.983,66.5074,334.0,High health vulnerability
29097,,,,,,,,0.0482,Jasper,MO,10.8,9.2,7.2,15.7,19.2,25.8,10.9,,,0.6366,0.0,0.0,,,50.0154,,,,,,88.8021,,,60.2842,65.4093,33.8464,64.8512,85.9269,81.8166,59.8275,69.7063,50.0154,88.8021,65.3558,59.8275,69.7063,66.4975,335.0,Lower combined pressure
40105,,,,,,,,,Nowata,OK,12.3,10.2,9.0,16.7,18.7,25.7,10.2,,,0.7588,0.0,0.0,,,50.0154,,,,,,,,,96.2618,80.2943,79.5839,77.9432,79.2456,80.8525,53.6536,89.119,50.0154,,82.3636,53.6536,89.119,66.497,336.0,High health vulnerability
05061,,,,,,,,,Howard,AR,10.6,9.5,8.6,16.8,18.9,24.3,12.5,,,0.9376,0.0,0.0,,,50.0154,,,,,,,,,51.2686,69.9763,71.6678,79.1779,82.3748,66.6441,73.1901,99.9691,50.0154,,70.1849,73.1901,99.9691,66.489,337.0,Lower combined pressure
47031,,,,,,,,,Coffee,TN,11.1,10.0,7.9,16.4,20.0,29.8,12.6,,,0.6977,0.0,0.0,,,50.0154,,,,,,,,,73.5284,77.8924,52.1313,74.6448,92.8112,96.7862,73.7991,79.3818,50.0154,,77.9657,73.7991,79.3818,66.4188,338.0,High health vulnerability
54023,,,,,,,,,Grant,WV,11.9,11.2,9.7,17.8,20.0,28.8,8.2,,,0.7777,0.0,0.0,,,50.0154,,,,,,,,,92.9465,90.3248,90.6461,89.9019,92.8112,95.0271,26.3024,91.7929,50.0154,,91.9429,26.3024,91.7929,66.3999,339.0,High health vulnerability
13201,,,,,,,,,Miller,GA,11.0,10.7,9.6,17.7,18.2,21.1,14.2,,,0.7255,0.0,0.0,,,50.0154,,,,,,,,,68.9953,85.8762,89.3606,89.0054,70.6698,31.0724,82.5101,84.0804,50.0154,,72.4966,82.5101,84.0804,66.3838,340.0,Lower combined pressure
48101,,,,,,,,,Cottle,TX,10.5,11.0,10.2,18.1,17.4,22.6,19.7,,,0.6776,0.0,0.0,,,50.0154,,,,,,,,,46.9046,88.498,94.7564,92.1008,54.364,47.7165,95.3315,75.5178,50.0154,,70.7234,95.3315,75.5178,66.3605,341.0,Lower combined pressure
39079,,,,,,,,,Jackson,OH,11.5,10.5,8.4,16.9,20.0,28.9,9.1,,,0.8412,0.0,0.0,,,50.0154,,,,,,,,,86.316,83.7111,66.0521,80.5142,92.8112,95.2131,40.1218,97.2488,50.0154,,84.103,40.1218,97.2488,66.3566,342.0,High health vulnerability
47127,,,,,,,,,Moore,TN,10.8,10.2,8.5,16.4,18.9,28.8,11.0,,,0.8036,0.0,0.0,,,50.0154,,,,,,,,,60.2842,80.2943,68.9276,74.6448,82.3748,95.0271,60.724,94.3122,50.0154,,76.9255,60.724,94.3122,66.3195,343.0,High health vulnerability
30013,,,,,,,8.9755,,Cascade,MT,12.3,7.5,6.7,15.1,18.8,27.1,10.0,,,0.6187,0.0,0.0,,,50.0154,,,,,94.9612,,,,96.2618,33.1698,23.3593,54.956,80.7341,90.5785,50.8796,66.5842,50.0154,94.9612,63.1766,50.8796,66.5842,66.2855,344.0,Lower combined pressure
35029,,,,,,,,,Luna,NM,9.9,9.5,10.1,19.7,17.6,22.6,25.8,,,0.7414,0.0,0.0,,,50.0154,,,,,,,,,20.5514,69.9763,94.0291,98.3593,59.0325,47.7165,97.9871,86.5533,50.0154,,64.9442,97.9871,86.5533,66.2596,345.0,Lower combined pressure
48127,,,,,,,,,Dimmit,TX,9.5,9.4,9.9,21.4,19.2,20.9,41.1,,,0.7402,0.0,0.0,,,50.0154,,,,,,,,,9.6583,68.3694,92.4899,99.7124,85.9269,28.5521,99.8985,86.2442,50.0154,,64.1182,99.8985,86.2442,66.1979,346.0,Lower combined pressure
13107,,,,,,,,,Emanuel,GA,11.1,10.0,8.0,17.5,19.8,20.8,16.7,,,0.7223,0.0,0.0,,,50.0154,,,,,,,,,73.5284,77.8924,55.0744,87.2294,91.475,27.4696,90.68,83.5549,50.0154,,68.7782,90.68,83.5549,66.1635,347.0,Lower combined pressure
08089,,,,,,,,,Otero,CO,11.3,9.0,8.5,17.1,17.6,22.5,18.8,,,0.7325,0.0,0.0,,,50.0154,,,,,,,,,80.8863,61.8572,68.9276,83.2206,59.0325,46.3464,94.4181,84.915,50.0154,,66.7118,94.4181,84.915,66.1545,348.0,Lower combined pressure
45025,,,,,,,7.4385,0.0449,Chesterfield,SC,10.4,10.3,8.5,17.6,18.4,23.1,15.5,,,0.6883,0.0,0.0,,,50.0154,,,,,80.6202,59.8958,,,42.6928,81.6137,68.9276,88.2442,74.5264,53.9073,86.908,77.6507,50.0154,70.258,68.3187,86.908,77.6507,66.1047,349.0,Lower combined pressure
13087,,,,,,,,,Decatur,GA,11.1,9.7,8.3,17.5,19.5,20.3,16.4,,,0.7392,0.0,0.0,,,50.0154,,,,,,,,,73.5284,73.1055,63.1597,87.2294,88.7009,21.2957,89.885,86.1824,50.0154,,67.8366,89.885,86.1824,66.094,350.0,Lower combined pressure
05021,,,,,,,,,Clay,AR,10.4,10.8,9.3,17.5,19.2,26.8,11.0,,,0.7406,0.0,0.0,,,50.0154,,,,,,,,,42.6928,86.7896,84.7936,87.2294,85.9269,88.6502,60.724,86.4297,50.0154,,79.3471,60.724,86.4297,66.0757,351.0,High health vulnerability
48353,,,,,,,,,Nolan,TX,10.2,9.4,8.5,17.3,18.6,23.1,22.9,,,0.7432,0.0,0.0,,,50.0154,,,,,,,,,33.4405,68.3694,68.9276,85.1488,77.9601,53.9073,97.1583,86.7697,50.0154,,64.6256,97.1583,86.7697,66.0718,352.0,Lower combined pressure
47081,,,,,,,,,Hickman,TN,11.0,10.3,7.9,16.7,20.5,29.7,12.7,,,0.6587,0.0,0.0,,,50.0154,,,,,,,,,68.9953,81.6137,52.1313,77.9432,95.4499,96.6678,74.3234,73.1066,50.0154,,78.8002,74.3234,73.1066,65.9302,353.0,High health vulnerability
22127,,,,,,,,,Winn,LA,10.2,10.3,8.9,17.2,19.9,26.4,11.1,,,0.7894,0.0,0.0,,,50.0154,,,,,,,,,33.4405,81.6137,77.7233,84.3031,92.3038,85.8593,61.6204,93.1066,50.0154,,75.8739,61.6204,93.1066,65.9278,354.0,High health vulnerability
05141,,,,,,,,,Van Buren,AR,10.4,12.6,11.1,18.7,18.3,24.8,11.3,,,0.7072,0.0,0.0,,,50.0154,,,,,,,,,42.6928,97.3444,98.4608,95.3823,72.615,71.8539,63.7686,81.2056,50.0154,,79.7249,63.7686,81.2056,65.911,355.0,High health vulnerability
51077,,,,,,,,,Grayson,VA,11.2,12.1,10.4,18.6,18.3,24.9,11.5,,,0.6184,0.0,0.0,,,50.0154,,,,,,,,,77.4357,95.5514,96.0081,94.8748,72.615,73.1225,65.4093,66.5224,50.0154,,84.9346,65.4093,66.5224,65.9086,356.0,High health vulnerability
17003,,,,,,,,,Alexander,IL,11.7,12.1,10.2,17.8,18.2,21.2,10.1,,,0.8057,0.0,0.0,,,50.0154,,,,,,,,,90.3586,95.5514,94.7564,89.9019,70.6698,32.3072,52.3512,94.5595,50.0154,,78.9242,52.3512,94.5595,65.9023,357.0,High health vulnerability
40117,,,,,,,,,Pawnee,OK,11.9,9.9,8.8,16.0,18.2,26.0,10.7,,,0.7724,0.0,0.0,,,50.0154,,,,,,,,,92.9465,76.3532,75.9303,69.3505,70.6698,83.3221,57.8654,91.0355,50.0154,,78.0954,57.8654,91.0355,65.8914,358.0,High health vulnerability
22049,,,,,,,,,Jackson,LA,10.5,11.2,9.6,18.0,19.8,26.5,9.8,,,0.7545,0.0,0.0,,,50.0154,,,,,,,,,46.9046,90.3248,89.3606,91.4242,91.475,86.6543,48.7483,88.4699,50.0154,,82.6906,48.7483,88.4699,65.8654,359.0,High health vulnerability
01049,,,,,,,6.438,0.0461,DeKalb,AL,10.1,10.8,8.9,17.5,18.9,26.3,14.7,,,0.6385,0.0,0.0,,,50.0154,,,,,62.0155,71.0938,,,29.2794,86.7896,77.7233,87.2294,82.3748,85.2334,84.5907,70.0464,50.0154,66.5546,74.7717,84.5907,70.0464,65.7999,360.0,Lower combined pressure
13235,,,,,,,,,Pulaski,GA,11.5,10.2,8.7,17.6,19.6,21.8,15.2,,,0.6202,0.0,0.0,,,50.0154,,,,,,,,,86.316,80.2943,74.002,88.2442,89.6989,38.8363,86.0622,66.8006,50.0154,,76.232,86.0622,66.8006,65.7985,361.0,High health vulnerability
39027,,,,,,,,0.049,Clinton,OH,11.3,9.3,8.0,15.0,18.4,26.2,8.1,,,0.7118,0.0,0.0,,,50.0154,,,,,,91.276,,,80.8863,66.9486,55.0744,53.0277,74.5264,84.6245,24.7294,81.8238,50.0154,91.276,69.1813,24.7294,81.8238,65.7743,362.0,Lower combined pressure
51173,,,,,,,,,Smyth,VA,11.4,10.9,9.3,17.6,18.7,26.0,9.9,,,0.7139,0.0,0.0,,,50.0154,,,,,,,,,83.7957,87.6015,84.7936,88.2442,79.2456,83.3221,49.7124,82.2875,50.0154,,84.5005,49.7124,82.2875,65.773,363.0,High health vulnerability
29093,,,,,,,,,Iron,MO,10.9,11.5,9.3,17.8,18.5,26.3,10.0,,,0.7432,0.0,0.0,,,50.0154,,,,,,,,,64.4621,92.4729,84.7936,89.9019,76.387,85.2334,50.8796,86.7388,50.0154,,82.2085,50.8796,86.7388,65.7581,364.0,High health vulnerability
12123,,,,,,,,,Taylor,FL,10.5,11.5,9.7,17.5,19.0,19.3,15.8,,,0.7193,0.0,0.0,,,50.0154,,,,,,,,,46.9046,92.4729,90.6461,87.2294,83.7788,11.7388,87.9398,83.1221,50.0154,,68.7951,87.9398,83.1221,65.7461,365.0,Lower combined pressure
29179,,,,,,,,,Reynolds,MO,11.0,12.7,10.2,18.6,18.4,25.4,10.7,,,0.6588,0.0,0.0,,,50.0154,,,,,,,,,68.9953,97.5981,94.7564,94.8748,74.5264,78.1461,57.8654,73.1376,50.0154,,84.8162,57.8654,73.1376,65.7453,366.0,High health vulnerability
53003,,,,,,,9.2551,,Asotin,WA,11.7,8.1,8.1,15.2,17.1,25.4,8.1,,,0.7404,0.0,0.0,,,50.0154,,,,,95.8656,,,,90.3586,44.7903,57.747,56.8843,48.0717,78.1461,24.7294,86.306,50.0154,95.8656,62.6663,24.7294,86.306,65.7412,367.0,Lower combined pressure
13071,,,,,,,,,Colquitt,GA,10.7,9.6,8.1,17.6,19.6,21.7,19.9,,,0.7038,0.0,0.0,,,50.0154,,,,,,,,,55.8018,71.5663,57.747,88.2442,89.6989,37.7368,95.4668,80.5255,50.0154,,66.7992,95.4668,80.5255,65.7382,368.0,Lower combined pressure
13197,,,,,,,,,Marion,GA,10.8,10.5,9.4,17.9,18.0,20.4,16.2,,,0.7143,0.0,0.0,,,50.0154,,,,,,,,,60.2842,83.7111,86.316,90.7476,66.8978,22.6658,89.4114,82.3338,50.0154,,68.4371,89.4114,82.3338,65.7179,369.0,Lower combined pressure
47045,,,,,,,6.1886,,Dyer,TN,11.4,10.2,8.0,16.8,20.7,30.8,12.5,,,0.7425,0.0,0.0,,,50.0154,,,,,56.5891,,,,83.7957,80.2943,55.0744,79.1779,96.2957,98.9682,73.1901,86.677,50.0154,56.5891,82.2677,73.1901,86.677,65.7055,370.0,High health vulnerability
39059,,,,,,,,,Guernsey,OH,11.3,10.6,8.9,16.1,19.1,27.3,9.1,,,0.8538,0.0,0.0,,,50.0154,,,,,,,,,80.8863,84.8782,77.7233,70.8728,84.8951,91.6272,40.1218,98.0835,50.0154,,81.8138,40.1218,98.0835,65.7048,371.0,High health vulnerability
29079,,,,,,,,,Grundy,MO,10.8,11.2,9.2,17.3,18.2,25.3,10.2,,,0.806,0.0,0.0,,,50.0154,,,,,,,,,60.2842,90.3248,83.2544,85.1488,70.6698,76.979,53.6536,94.6213,50.0154,,77.7768,53.6536,94.6213,65.7018,372.0,High health vulnerability
04015,,,,,,,8.5192,,Mohave,AZ,11.0,11.2,10.0,16.5,15.1,19.2,13.1,,,0.5406,0.0,0.0,,,50.0154,,,,,91.4729,,,,68.9953,90.3248,93.2848,75.7442,15.8999,10.9777,76.9621,53.1376,50.0154,91.4729,59.2044,76.9621,53.1376,65.6839,373.0,Lower combined pressure
47155,,,,,,,,0.0497,Sevier,TN,10.8,10.1,8.2,16.7,19.7,29.4,12.4,,,-36.405,0.0,0.0,,,50.0154,,,,,,93.099,,,60.2842,79.1272,60.3857,77.9432,90.5616,96.1604,72.4797,7.8516,50.0154,93.099,77.4104,72.4797,7.8516,65.6651,374.0,High health vulnerability
48225,,,,,,,,,Houston,TX,10.6,9.9,8.9,16.6,18.2,22.7,17.9,,,0.7123,0.0,0.0,,,50.0154,,,,,,,,,51.2686,76.3532,77.7233,76.8606,70.6698,49.0528,93.0819,81.8856,50.0154,,66.988,93.0819,81.8856,65.6645,375.0,Lower combined pressure
13167,,,,,,,,,Johnson,GA,10.6,10.7,9.3,18.1,19.2,20.2,17.4,,,0.6752,0.0,0.0,,,50.0154,,,,,,,,,51.2686,85.8762,84.7936,92.1008,85.9269,20.1116,92.1008,75.1468,50.0154,,70.013,92.1008,75.1468,65.6435,376.0,Lower combined pressure
12029,,,,,,,,,Dixie,FL,10.3,12.2,10.6,18.5,19.2,20.0,16.2,,,0.6635,0.0,0.0,,,50.0154,,,,,,,,,38.0751,95.9405,96.9384,94.3674,85.9269,17.8281,89.4114,73.8176,50.0154,,71.5127,89.4114,73.8176,65.6076,377.0,Lower combined pressure
40049,,,,,,,,,Garvin,OK,11.7,9.6,8.2,15.7,18.7,25.9,12.0,,,0.7331,0.0,0.0,,,50.0154,,,,,,,,,90.3586,71.5663,60.3857,64.8512,79.2456,82.5947,69.5196,84.9768,50.0154,,74.8337,69.5196,84.9768,65.5502,378.0,Lower combined pressure
13289,,,,,,,,,Twiggs,GA,11.0,10.3,9.3,17.7,18.1,19.1,14.6,,,0.7597,0.0,0.0,,,50.0154,,,,,,,,,68.9953,81.6137,84.7936,89.0054,68.7415,10.3687,84.1171,89.2427,50.0154,,67.253,84.1171,89.2427,65.5385,379.0,Lower combined pressure
48145,,,,,,,,,Falls,TX,10.9,9.1,8.1,16.4,19.1,23.1,19.5,,,0.7006,0.0,0.0,,,50.0154,,,,,,,,,64.4621,63.6333,57.747,74.6448,84.8951,53.9073,95.1455,79.9073,50.0154,,66.5483,95.1455,79.9073,65.5293,380.0,Lower combined pressure
05087,,,,,,,,,Madison,AR,10.4,10.5,9.0,17.5,19.3,25.6,12.4,,,0.6862,0.0,0.0,,,50.0154,,,,,,,,,42.6928,83.7111,79.5839,87.2294,86.9587,79.9222,72.4797,77.1252,50.0154,,76.683,72.4797,77.1252,65.5145,381.0,High health vulnerability
47035,,,,,,,,,Cumberland,TN,10.8,12.7,10.9,18.0,18.3,29.1,11.5,,,0.5883,0.0,0.0,,,50.0154,,,,,,,,,60.2842,97.5981,97.8687,91.4242,72.615,95.5007,65.4093,61.1747,50.0154,,85.8818,65.4093,61.1747,65.5113,382.0,High health vulnerability
28083,,,,,,,,,Leflore,MS,11.3,10.6,8.5,17.2,18.8,17.6,14.6,,,0.7542,0.0,0.0,,,50.0154,,,,,,,,,80.8863,84.8782,68.9276,84.3031,80.7341,5.2097,84.1171,88.3771,50.0154,,67.4899,84.1171,88.3771,65.502,383.0,Lower combined pressure
40097,,,,,,,,0.0449,Mayes,OK,12.4,10.0,8.7,16.7,19.0,25.1,10.5,,,0.8266,0.0,0.0,,,50.0154,,,,,,59.7656,,,96.8539,77.8924,74.002,77.9432,83.7788,75.1691,56.2585,96.4142,50.0154,59.7656,80.9399,56.2585,96.4142,65.4483,384.0,High health vulnerability
29085,,,,,,,,,Hickory,MO,11.1,16.0,13.1,21.0,17.9,24.9,10.7,,,0.6383,0.0,0.0,,,50.0154,,,,,,,,,73.5284,99.8647,99.9662,99.6617,64.9019,73.1225,57.8654,69.9845,50.0154,,85.1742,57.8654,69.9845,65.4442,385.0,High health vulnerability
45049,,,,,,,,,Hampton,SC,10.6,10.1,8.6,16.9,18.4,21.1,16.6,,,0.7558,0.0,0.0,,,50.0154,,,,,,,,,51.2686,79.1272,71.6678,80.5142,74.5264,31.0724,90.3755,88.6553,50.0154,,64.6961,90.3755,88.6553,65.4423,386.0,Lower combined pressure
54011,,,,,,,6.6863,0.0457,Cabell,WV,12.8,9.8,8.1,16.8,21.9,32.4,8.3,,,0.805,0.0,0.0,,,50.0154,,,,,67.7003,68.099,,,98.5453,74.7124,57.747,79.1779,99.1204,99.8309,27.8417,94.5286,50.0154,67.8996,84.8557,27.8417,94.5286,65.4305,387.0,High health vulnerability
29141,,,,,,,,,Morgan,MO,10.9,12.5,10.1,18.5,18.3,26.1,11.1,,,0.6259,0.0,0.0,,,50.0154,,,,,,,,,64.4621,97.0737,94.0291,94.3674,72.615,83.9986,61.6204,67.9134,50.0154,,84.4243,61.6204,67.9134,65.4188,388.0,High health vulnerability
39115,,,,,,,,,Morgan,OH,11.5,11.1,9.4,16.7,18.5,26.5,8.8,,,0.8126,0.0,0.0,,,50.0154,,,,,,,,,86.316,89.4621,86.316,77.9432,76.387,86.6543,35.8085,95.085,50.0154,,83.8464,35.8085,95.085,65.4074,389.0,High health vulnerability
05097,,,,,,,,,Montgomery,AR,10.4,12.0,11.1,18.6,18.0,25.2,10.9,,,0.7188,0.0,0.0,,,50.0154,,,,,,,,,42.6928,95.2131,98.4608,94.8748,66.8978,76.0487,59.8275,82.9521,50.0154,,79.0313,59.8275,82.9521,65.3872,390.0,High health vulnerability
16023,,,,,,,0.2419,0.0517,Butte,ID,11.5,11.8,10.5,18.4,17.2,23.8,13.1,,,0.8886,0.0,0.0,,,50.0154,,,,,4.0052,96.875,,,86.316,94.0798,96.5663,93.8769,50.203,61.8234,76.9621,99.3818,50.0154,50.4401,80.4776,76.9621,99.3818,65.3684,391.0,High health vulnerability
29217,,,,,,,,,Vernon,MO,11.1,11.3,9.0,17.4,19.0,26.6,10.1,,,0.6946,0.0,0.0,,,50.0154,,,,,,,,,73.5284,91.069,79.5839,86.0792,83.7788,87.4493,52.3512,78.8563,50.0154,,83.5814,52.3512,78.8563,65.361,392.0,High health vulnerability
54107,,,,,,,6.5153,0.0463,Wood,WV,12.0,10.8,9.0,17.5,20.8,32.0,7.9,,,0.7164,0.0,0.0,,,50.0154,,,,,63.5659,74.2188,,,93.9107,86.7896,79.5839,87.2294,96.6847,99.7801,21.6171,82.7512,50.0154,68.8923,90.6631,21.6171,82.7512,65.3303,393.0,High health vulnerability
38079,,,,,,,,,Rolette,ND,13.8,9.7,8.5,18.2,19.2,22.0,10.8,,,0.7558,0.0,0.0,,,50.0154,,,,,,,,,99.611,73.1055,68.9276,92.7605,85.9269,41.0183,58.8802,88.6244,50.0154,,76.8916,58.8802,88.6244,65.304,394.0,High health vulnerability
48455,,,,,,,,,Trinity,TX,10.7,10.5,9.5,16.8,17.7,23.7,14.5,,,0.688,0.0,0.0,,,50.0154,,,,,,,,,55.8018,83.7111,87.8383,79.1779,60.8424,60.8762,83.6604,77.5889,50.0154,,71.3746,83.6604,77.5889,65.2976,395.0,Lower combined pressure
01047,,,,,,,,,Dallas,AL,11.6,11.2,9.6,17.3,18.4,20.3,12.3,,,0.7046,0.0,0.0,,,50.0154,,,,,,,,,88.5149,90.3248,89.3606,85.1488,74.5264,21.2957,71.7355,80.711,50.0154,,74.8619,71.7355,80.711,65.2863,396.0,Lower combined pressure
01059,,,,,,,,,Franklin,AL,10.0,10.7,8.9,17.3,18.6,25.1,15.7,,,0.6661,0.0,0.0,,,50.0154,,,,,,,,,24.8816,85.8762,77.7233,85.1488,77.9601,75.1691,87.5,74.0958,50.0154,,71.1265,87.5,74.0958,65.2611,397.0,Lower combined pressure
29109,,,,,,,,,Lawrence,MO,10.9,10.7,8.4,17.1,19.0,25.7,11.6,,,0.6999,0.0,0.0,,,50.0154,,,,,,,,,64.4621,85.8762,66.0521,83.2206,83.7788,80.8525,66.1874,79.7218,50.0154,,77.3737,66.1874,79.7218,65.252,398.0,High health vulnerability
51169,,,,,,,,,Scott,VA,11.3,11.6,10.1,17.9,18.4,26.7,10.1,,,0.6367,0.0,0.0,,,50.0154,,,,,,,,,80.8863,93.0988,94.0291,90.7476,74.5264,88.0582,52.3512,69.7372,50.0154,,86.8911,52.3512,69.7372,65.2483,399.0,High health vulnerability
30079,,,,,,,,,Prairie,MT,11.2,12.8,12.3,18.9,16.0,22.2,12.2,,,0.7227,0.0,0.0,,,50.0154,,,,,,,,,77.4357,97.818,99.7124,96.2449,28.8058,43.1834,70.9912,83.6476,50.0154,,73.8667,70.9912,83.6476,65.2469,400.0,Lower combined pressure
22123,,,,,,,,,West Carroll,LA,10.4,11.1,9.4,17.6,19.6,27.7,9.5,,,0.7634,0.0,0.0,,,50.0154,,,,,,,,,42.6928,89.4621,86.316,88.2442,89.6989,93.1664,45.3484,89.8609,50.0154,,81.5968,45.3484,89.8609,65.233,401.0,High health vulnerability
51185,,,,,,,,,Tazewell,VA,11.4,10.9,9.3,17.6,18.7,26.9,10.0,,,0.6701,0.0,0.0,,,50.0154,,,,,,,,,83.7957,87.6015,84.7936,88.2442,79.2456,89.3437,50.8796,74.5595,50.0154,,85.5041,50.8796,74.5595,65.2327,402.0,High health vulnerability
13317,,,,,,,,,Wilkes,GA,10.8,10.2,9.3,17.5,17.6,19.2,15.1,,,0.7986,0.0,0.0,,,50.0154,,,,,,,,,60.2842,80.2943,84.7936,87.2294,59.0325,10.9777,85.707,93.9413,50.0154,,63.7686,85.707,93.9413,65.2155,403.0,Lower combined pressure
30035,,,,,,,5.4511,,Glacier,MT,14.6,10.8,8.5,20.7,23.2,25.8,14.3,,,0.7014,0.0,0.0,,,50.0154,,,,,46.124,,,,99.8647,86.7896,68.9276,99.5264,99.6955,81.8166,82.9668,80.0,50.0154,46.124,89.4367,82.9668,80.0,65.1915,404.0,High health vulnerability
01133,,,,,,,,,Winston,AL,10.3,11.8,9.9,17.8,18.3,26.2,11.7,,,0.6739,0.0,0.0,,,50.0154,,,,,,,,,38.0751,94.0798,92.4899,89.9019,72.615,84.6245,67.1516,74.9923,50.0154,,78.631,67.1516,74.9923,65.169,405.0,High health vulnerability
37185,,,,,,,,,Warren,NC,11.9,11.5,10.5,16.8,17.2,22.2,12.7,,,0.6731,0.0,0.0,,,50.0154,,,,,,,,,92.9465,92.4729,96.5663,79.1779,50.203,43.1834,74.3234,74.8995,50.0154,,75.7583,74.3234,74.8995,65.1553,406.0,High health vulnerability
26035,,,,,,,,,Clare,MI,12.1,12.7,10.2,18.1,18.9,28.1,7.9,,,0.7352,0.0,0.0,,,50.0154,,,,,,,,,94.7226,97.5981,94.7564,92.1008,82.3748,94.0798,21.6171,85.2859,50.0154,,92.6054,21.6171,85.2859,65.1284,407.0,High health vulnerability
41055,,,,,,,,,Sherman,OR,12.2,9.9,9.4,16.9,17.8,26.4,9.0,,,0.826,0.0,0.0,,,50.0154,,,,,,,,,95.5514,76.3532,86.316,80.5142,62.7876,85.8593,38.7348,96.3833,50.0154,,81.2303,38.7348,96.3833,65.0987,408.0,High health vulnerability
39023,,,,,,,7.2983,0.0459,Clark,OH,11.4,9.9,8.4,15.8,18.8,26.7,8.9,,,0.7386,0.0,0.0,,,50.0154,,,,,78.6822,69.5312,,,83.7957,76.3532,66.0521,66.3904,80.7341,88.0582,37.297,85.9351,50.0154,74.1067,76.8973,37.297,85.9351,65.0788,409.0,High health vulnerability
22031,,,,,,,,,De Soto,LA,10.9,10.5,8.9,17.5,20.3,27.1,9.5,,,0.7345,0.0,0.0,,,50.0154,,,,,,,,,64.4621,83.7111,77.7233,87.2294,94.452,90.5785,45.3484,85.1314,50.0154,,83.026,45.3484,85.1314,65.0788,410.0,High health vulnerability
01057,,,,,,,,,Fayette,AL,10.3,10.9,9.4,16.9,18.2,25.7,11.0,,,0.7817,0.0,0.0,,,50.0154,,,,,,,,,38.0751,87.6015,86.316,80.5142,70.6698,80.8525,60.724,92.2411,50.0154,,74.0048,60.724,92.2411,65.0698,411.0,Lower combined pressure
41021,,,,,,,,,Gilliam,OR,12.3,10.4,9.8,17.1,17.2,26.2,9.1,,,0.7997,0.0,0.0,,,50.0154,,,,,,,,,96.2618,82.6793,91.5934,83.2206,50.203,84.6245,40.1218,94.0031,50.0154,,81.4304,40.1218,94.0031,65.033,412.0,High health vulnerability
29057,,,,,,,,,Dade,MO,11.0,12.2,10.0,18.1,18.1,25.3,9.6,,,0.727,0.0,0.0,,,50.0154,,,,,,,,,68.9953,95.9405,93.2848,92.1008,68.7415,76.979,46.6509,84.2968,50.0154,,82.6737,46.6509,84.2968,65.0237,413.0,High health vulnerability
01071,,,,,,,,,Jackson,AL,10.3,10.9,9.2,17.0,18.5,26.7,11.2,,,0.7313,0.0,0.0,,,50.0154,,,,,,,,,38.0751,87.6015,83.2544,81.8166,76.387,88.0582,62.703,84.7913,50.0154,,75.8655,62.703,84.7913,64.9606,414.0,High health vulnerability
05083,,,,,,,,,Logan,AR,10.5,10.4,9.0,17.3,18.7,25.8,10.6,,,0.7684,0.0,0.0,,,50.0154,,,,,,,,,46.9046,82.6793,79.5839,85.1488,79.2456,81.8166,56.935,90.4791,50.0154,,75.8965,56.935,90.4791,64.9602,415.0,High health vulnerability
51017,,,,,,,,,Bath,VA,11.2,12.9,11.6,19.1,17.7,24.8,10.4,,,0.6464,0.0,0.0,,,50.0154,,,,,,,,,77.4357,98.0041,99.1204,96.9215,60.8424,71.8539,55.5819,71.3756,50.0154,,84.0297,55.5819,71.3756,64.9437,416.0,High health vulnerability
48407,,,,,,,,,San Jacinto,TX,10.6,10.1,9.0,17.0,18.4,23.9,17.6,,,0.6148,0.0,0.0,,,50.0154,,,,,,,,,51.2686,79.1272,79.5839,81.8166,74.5264,62.703,92.5744,65.6878,50.0154,,71.5043,92.5744,65.6878,64.9426,417.0,Lower combined pressure
39075,,,,,,,,,Holmes,OH,12.0,10.7,7.8,17.0,21.5,29.3,12.3,,,0.5495,0.0,0.0,,,50.0154,,,,,,,,,93.9107,85.8762,49.0866,81.8166,98.4608,95.9235,71.7355,54.4977,50.0154,,84.1791,71.7355,54.4977,64.8969,418.0,High health vulnerability
12007,,,,,,,,,Bradford,FL,10.5,10.5,8.6,17.1,19.8,20.3,15.8,,,0.7159,0.0,0.0,,,50.0154,,,,,,,,,46.9046,83.7111,71.6678,83.2206,91.475,21.2957,87.9398,82.6275,50.0154,,66.3791,87.9398,82.6275,64.8748,419.0,Lower combined pressure
22045,,,,,,,,,Iberia,LA,10.8,10.4,8.5,17.3,20.5,27.9,10.4,,,0.6908,0.0,0.0,,,50.0154,,,,,,,,,60.2842,82.6793,68.9276,85.1488,95.4499,93.7246,55.5819,78.1762,50.0154,,81.0357,55.5819,78.1762,64.8525,420.0,High health vulnerability
54027,,,,,,,,,Hampshire,WV,11.9,11.3,9.5,17.7,20.1,29.6,8.5,,,0.6787,0.0,0.0,,,50.0154,,,,,,,,,92.9465,91.069,87.8383,89.0054,93.3863,96.5156,31.0047,75.796,50.0154,,91.7935,31.0047,75.796,64.8441,421.0,High health vulnerability
29007,,,,,,,,,Audrain,MO,11.2,10.7,8.3,17.1,19.3,25.9,10.0,,,0.738,0.0,0.0,,,50.0154,,,,,,,,,77.4357,85.8762,63.1597,83.2206,86.9587,82.5947,50.8796,85.7187,50.0154,,79.8743,50.8796,85.7187,64.844,422.0,High health vulnerability
06047,,,,,,,7.5669,0.0482,Merced,CA,9.8,6.1,6.1,16.0,19.0,21.5,18.2,,,0.7981,0.0,0.0,,,50.0154,,,,,82.1705,89.1927,,,16.6272,12.7199,13.9378,69.3505,83.7788,35.318,93.7415,93.8794,50.0154,85.6816,38.622,93.7415,93.8794,64.8426,423.0,Lower combined pressure
39111,,,,,,,,,Monroe,OH,11.2,11.6,9.9,16.9,18.5,26.6,8.7,,,0.7682,0.0,0.0,,,50.0154,,,,,,,,,77.4357,93.0988,92.4899,80.5142,76.387,87.4493,34.2524,90.4173,50.0154,,84.5625,34.2524,90.4173,64.8163,424.0,High health vulnerability
13043,,,,,,,,,Candler,GA,10.8,9.8,8.4,17.4,18.9,21.2,17.2,,,0.6848,0.0,0.0,,,50.0154,,,,,,,,,60.2842,74.7124,66.0521,86.0792,82.3748,32.3072,91.6779,76.9706,50.0154,,66.9683,91.6779,76.9706,64.8154,425.0,Lower combined pressure
48385,,,,,,,,,Real,TX,10.2,11.0,10.5,17.8,16.6,22.7,18.3,,,0.6847,0.0,0.0,,,50.0154,,,,,,,,,33.4405,88.498,96.5663,89.9019,38.7855,49.0528,93.843,76.9088,50.0154,,66.0408,93.843,76.9088,64.7867,426.0,Lower combined pressure
13321,,,,,,,,,Worth,GA,10.9,10.1,8.6,17.4,19.0,21.7,14.2,,,0.6808,0.0,0.0,,,50.0154,,,,,,,,,64.4621,79.1272,71.6678,86.0792,83.7788,37.7368,82.5101,76.3524,50.0154,,70.4753,82.5101,76.3524,64.6796,427.0,Lower combined pressure
39047,,,,,,,,,Fayette,OH,11.4,10.2,8.2,16.1,19.2,26.8,9.4,,,0.8144,0.0,0.0,,,50.0154,,,,,,,,,83.7957,80.2943,60.3857,70.8728,85.9269,88.6502,44.0291,95.1777,50.0154,,78.3209,44.0291,95.1777,64.6741,428.0,High health vulnerability
54073,,,,,,,,,Pleasants,WV,11.8,10.0,8.1,16.8,20.9,30.7,8.4,,,0.8234,0.0,0.0,,,50.0154,,,,,,,,,91.8133,77.8924,57.747,79.1779,97.0568,98.7991,29.4147,96.136,50.0154,,83.7477,29.4147,96.136,64.6622,429.0,High health vulnerability
39067,,,,,,,,,Harrison,OH,11.3,10.6,9.1,16.2,18.7,26.8,8.6,,,0.878,0.0,0.0,,,50.0154,,,,,,,,,80.8863,84.8782,81.4783,72.1583,79.2456,88.6502,32.6286,99.1654,50.0154,,81.2162,32.6286,99.1654,64.6507,430.0,High health vulnerability
22087,,,,,,,8.4936,0.0434,St. Bernard,LA,10.6,9.1,7.4,16.7,20.8,27.9,11.1,,,0.775,0.0,0.0,,,50.0154,,,,,91.0853,42.9688,,,51.2686,63.6333,38.6671,77.9432,96.6847,93.7246,61.6204,91.3447,50.0154,67.027,70.3203,61.6204,91.3447,64.6379,431.0,Lower combined pressure
12067,,,,,,,,,Lafayette,FL,10.2,10.6,8.8,17.4,19.8,19.3,18.1,,,0.708,0.0,0.0,,,50.0154,,,,,,,,,33.4405,84.8782,75.9303,86.0792,91.475,11.7388,93.5724,81.3292,50.0154,,63.9237,93.5724,81.3292,64.6343,432.0,Lower combined pressure
13263,,,,,,,,,Talbot,GA,11.3,11.3,10.4,18.6,17.6,18.5,15.1,,,0.638,0.0,0.0,,,50.0154,,,,,,,,,80.8863,91.069,96.0081,94.8748,59.0325,7.7808,85.707,69.9227,50.0154,,71.6086,85.707,69.9227,64.6263,433.0,Lower combined pressure
05081,,,,,,,,,Little River,AR,10.7,10.2,9.2,17.1,18.7,24.5,10.8,,,0.7524,0.0,0.0,,,50.0154,,,,,,,,,55.8018,80.2943,83.2544,83.2206,79.2456,68.4709,58.8802,87.9134,50.0154,,75.0479,58.8802,87.9134,64.5946,434.0,High health vulnerability
05063,,,,,,,,,Independence,AR,10.4,9.7,8.4,16.6,19.3,26.1,11.6,,,0.7584,0.0,0.0,,,50.0154,,,,,,,,,42.6928,73.1055,66.0521,76.8606,86.9587,83.9986,66.1874,89.0881,50.0154,,71.6114,66.1874,89.0881,64.58,435.0,Lower combined pressure
54035,,,,,,,,,Jackson,WV,12.2,11.1,9.2,17.8,20.6,30.5,8.2,,,0.6888,0.0,0.0,,,50.0154,,,,,,,,,95.5514,89.4621,83.2544,89.9019,95.8897,98.3931,26.3024,77.7743,50.0154,,92.0754,26.3024,77.7743,64.5749,436.0,High health vulnerability
54009,,,,,,,6.7931,,Brooke,WV,11.7,9.8,8.7,16.3,19.5,28.8,7.4,,,0.8568,0.0,0.0,,,50.0154,,,,,70.155,,,,90.3586,74.7124,74.002,73.4269,88.7009,95.0271,14.9188,98.3617,50.0154,70.155,82.7047,14.9188,98.3617,64.5476,437.0,High health vulnerability
01061,,,,,,,,,Geneva,AL,10.4,11.0,9.3,17.0,18.3,25.7,11.8,,,0.689,0.0,0.0,,,50.0154,,,,,,,,,42.6928,88.498,84.7936,81.8166,72.615,80.8525,68.0988,77.8671,50.0154,,75.2114,68.0988,77.8671,64.5388,438.0,High health vulnerability
40009,,,,,,,,,Beckham,OK,11.2,9.5,7.9,15.6,18.7,24.3,14.8,,,0.6932,0.0,0.0,,,50.0154,,,,,,,,,77.4357,69.9763,52.1313,63.2273,79.2456,66.6441,84.9459,78.6399,50.0154,,68.1101,84.9459,78.6399,64.521,439.0,Lower combined pressure
54077,,,,,,,,,Preston,WV,11.9,10.5,8.5,17.2,21.2,30.5,9.4,,,0.6405,0.0,0.0,,,50.0154,,,,,,,,,92.9465,83.7111,68.9276,84.3031,97.8857,98.3931,44.0291,70.541,50.0154,,87.6945,44.0291,70.541,64.5137,440.0,High health vulnerability
47113,,,,,,,6.489,,Madison,TN,11.5,9.1,7.7,16.0,19.5,26.9,11.9,,,0.7201,0.0,0.0,,,50.0154,,,,,63.1783,,,,86.316,63.6333,46.431,69.3505,88.7009,89.3437,68.8092,83.2148,50.0154,63.1783,73.9626,68.8092,83.2148,64.4922,441.0,Lower combined pressure
51057,,,,,,,,,Essex,VA,11.8,9.8,8.9,16.9,17.7,22.8,10.3,,,0.8386,0.0,0.0,,,50.0154,,,,,,,,,91.8133,74.7124,77.7233,80.5142,60.8424,50.406,54.7023,97.0634,50.0154,,72.6686,54.7023,97.0634,64.4644,442.0,Lower combined pressure
12133,,,,,,,,,Washington,FL,10.5,10.7,8.9,17.5,19.7,20.4,15.7,,,0.6704,0.0,0.0,,,50.0154,,,,,,,,,46.9046,85.8762,77.7233,87.2294,90.5616,22.6658,87.5,74.6213,50.0154,,68.4935,87.5,74.6213,64.4535,443.0,Lower combined pressure
48293,,,,,,,,,Limestone,TX,10.5,9.3,8.4,16.3,18.1,22.8,18.1,,,0.728,0.0,0.0,,,50.0154,,,,,,,,,46.9046,66.9486,66.0521,73.4269,68.7415,50.406,93.5724,84.4513,50.0154,,62.08,93.5724,84.4513,64.436,444.0,Lower combined pressure
18017,,,,,,,,,Cass,IN,11.1,10.0,8.1,16.0,18.0,24.8,12.3,,,0.7494,0.0,0.0,,,50.0154,,,,,,,,,73.5284,77.8924,57.747,69.3505,66.8978,71.8539,71.7355,87.5734,50.0154,,69.545,71.7355,87.5734,64.429,445.0,Lower combined pressure
01127,,,,,,,,,Walker,AL,10.3,10.2,8.6,16.8,18.5,26.6,10.7,,,0.8061,0.0,0.0,,,50.0154,,,,,,,,,38.0751,80.2943,71.6678,79.1779,76.387,87.4493,57.8654,94.6522,50.0154,,72.1752,57.8654,94.6522,64.4003,446.0,Lower combined pressure
29067,,,,,,,,,Douglas,MO,11.1,11.7,9.6,17.7,18.0,25.3,10.1,,,0.6821,0.0,0.0,,,50.0154,,,,,,,,,73.5284,93.5724,89.3606,89.0054,66.8978,76.979,52.3512,76.5688,50.0154,,81.5573,52.3512,76.5688,64.3813,447.0,High health vulnerability
22109,,,,,,,8.0228,,Terrebonne,LA,10.4,9.0,7.7,16.4,20.1,27.3,9.3,,,0.5933,0.0,0.0,,,50.0154,,,,,87.0801,,,,42.6928,61.8572,46.431,74.6448,93.3863,91.6272,42.7943,62.0711,50.0154,87.0801,68.4399,42.7943,62.0711,64.3712,448.0,Lower combined pressure
40021,,,,,,,,,Cherokee,OK,12.7,8.9,8.1,16.1,19.6,25.3,10.8,,,0.7302,0.0,0.0,,,50.0154,,,,,,,,,98.2409,60.1488,57.747,70.8728,89.6989,76.979,58.8802,84.6986,50.0154,,75.6146,58.8802,84.6986,64.3549,449.0,High health vulnerability
05043,,,,,,,,,Drew,AR,11.1,9.8,8.5,16.8,19.8,24.1,12.0,,,0.6693,0.0,0.0,,,50.0154,,,,,,,,,73.5284,74.7124,68.9276,79.1779,91.475,64.5636,69.5196,74.4668,50.0154,,75.3975,69.5196,74.4668,64.3368,450.0,High health vulnerability
13061,,,,,,,,,Clay,GA,11.2,11.0,10.5,17.9,17.4,18.3,14.5,,,0.6778,0.0,0.0,,,50.0154,,,,,,,,,77.4357,88.498,96.5663,90.7476,54.364,7.2903,83.6604,75.6105,50.0154,,69.1503,83.6604,75.6105,64.2924,451.0,Lower combined pressure
01055,,,,,,,8.6773,0.0445,Etowah,AL,10.3,9.8,8.5,16.4,18.1,24.9,10.8,,,0.7229,0.0,0.0,,,50.0154,,,,,92.6357,54.6875,,,38.0751,74.7124,68.9276,74.6448,68.7415,73.1225,58.8802,83.7094,50.0154,73.6616,66.3707,58.8802,83.7094,64.2717,452.0,Lower combined pressure
05055,,,,,,,,,Greene,AR,10.5,9.7,8.0,17.0,20.0,27.8,11.2,,,0.7287,0.0,0.0,,,50.0154,,,,,,,,,46.9046,73.1055,55.0744,81.8166,92.8112,93.4202,62.703,84.544,50.0154,,73.8554,62.703,84.544,64.2576,453.0,Lower combined pressure
28021,,,,,,,,,Claiborne,MS,11.4,9.8,8.5,16.4,19.4,17.5,13.9,,,0.7413,0.0,0.0,,,50.0154,,,,,,,,,83.7957,74.7124,68.9276,74.6448,87.8214,4.8545,80.8356,86.5224,50.0154,,65.7927,80.8356,86.5224,64.2515,454.0,Lower combined pressure
18167,,,,,,,8.922,0.0456,Vigo,IN,11.6,9.5,7.4,14.8,19.6,26.5,8.9,,,0.6901,0.0,0.0,,,50.0154,,,,,94.4444,66.276,,,88.5149,69.9763,38.6671,49.2896,89.6989,86.6543,37.297,78.0835,50.0154,80.3602,70.4668,37.297,78.0835,64.2494,455.0,Lower combined pressure
01023,,,,,,,,,Choctaw,AL,10.9,11.1,10.0,17.4,17.8,23.3,11.0,,,0.7153,0.0,0.0,,,50.0154,,,,,,,,,64.4621,89.4621,93.2848,86.0792,62.7876,56.2754,60.724,82.5966,50.0154,,75.3919,60.724,82.5966,64.2462,456.0,High health vulnerability
48323,,,,,,,8.967,,Maverick,TX,8.9,5.7,6.6,17.4,18.0,19.7,38.8,,,0.6539,0.0,0.0,,,50.0154,,,,,94.7028,,,,1.9452,8.4574,21.4141,86.0792,66.8978,15.2064,99.7632,72.4266,50.0154,94.7028,33.3333,99.7632,72.4266,64.2326,457.0,Lower combined pressure
28133,,,,,,,,,Sunflower,MS,10.8,10.1,8.1,16.8,18.9,17.1,16.2,,,0.774,0.0,0.0,,,50.0154,,,,,,,,,60.2842,79.1272,57.747,79.1779,82.3748,3.9073,89.4114,91.1592,50.0154,,60.4364,89.4114,91.1592,64.2277,458.0,Lower combined pressure
29061,,,,,,,,,Daviess,MO,10.9,11.2,9.1,17.0,18.2,25.7,10.1,,,0.7218,0.0,0.0,,,50.0154,,,,,,,,,64.4621,90.3248,81.4783,81.8166,70.6698,80.8525,52.3512,83.524,50.0154,,78.2674,52.3512,83.524,64.212,459.0,High health vulnerability
37199,,,,,,,,0.0479,Yancey,NC,10.8,10.0,9.1,15.1,16.6,26.1,10.4,,,0.5363,0.0,0.0,,,50.0154,,,,,,87.3698,,,60.2842,77.8924,81.4783,54.956,38.7855,83.9986,55.5819,52.3802,50.0154,87.3698,66.2325,55.5819,52.3802,64.2014,460.0,Lower combined pressure
37195,,,,,,,,,Wilson,NC,11.9,9.9,8.6,15.9,18.1,23.8,13.8,,,0.6268,0.0,0.0,,,50.0154,,,,,,,,,92.9465,76.3532,71.6678,67.8112,68.7415,61.8234,80.362,68.0371,50.0154,,73.224,80.362,68.0371,64.2007,461.0,Lower combined pressure
40011,,,,,,,,,Blaine,OK,11.3,9.4,8.6,15.6,17.4,24.6,12.1,,,0.7708,0.0,0.0,,,50.0154,,,,,,,,,80.8863,68.3694,71.6678,63.2273,54.364,69.5873,70.2639,90.7883,50.0154,,68.017,70.2639,90.7883,64.1521,462.0,Lower combined pressure
16087,,,,,,,,,Washington,ID,11.1,10.0,9.6,17.1,16.1,21.8,13.3,,,0.7568,0.0,0.0,,,50.0154,,,,,,,,,73.5284,77.8924,89.3606,83.2206,30.4635,38.8363,77.9263,88.8408,50.0154,,65.5503,77.9263,88.8408,64.0919,463.0,Lower combined pressure
28063,,,,,,,,,Jefferson,MS,11.2,11.5,9.8,18.0,18.3,16.5,15.0,,,0.6212,0.0,0.0,,,50.0154,,,,,,,,,77.4357,92.4729,91.5934,91.4242,72.615,2.182,85.4364,66.9552,50.0154,,71.2872,85.4364,66.9552,64.0874,464.0,Lower combined pressure
22001,,,,,,,,,Acadia,LA,10.8,11.2,8.7,18.2,21.6,30.6,10.4,,,0.5843,0.0,0.0,,,50.0154,,,,,,,,,60.2842,90.3248,74.002,92.7605,98.6806,98.613,55.5819,60.4946,50.0154,,85.7775,55.5819,60.4946,64.0755,465.0,High health vulnerability
13199,,,,,,,,,Meriwether,GA,11.0,9.9,8.6,17.1,18.5,20.4,14.7,,,0.6977,0.0,0.0,,,50.0154,,,,,,,,,68.9953,76.3532,71.6678,83.2206,76.387,22.6658,84.5907,79.3509,50.0154,,66.5483,84.5907,79.3509,64.0478,466.0,Lower combined pressure
51620,,,,,,,,,Franklin,VA,12.5,9.3,8.1,16.4,18.6,22.4,10.6,,,0.8576,0.0,0.0,,,50.0154,,,,,,,,,97.3782,66.9486,57.747,74.6448,77.9601,45.1455,56.935,98.4235,50.0154,,69.9707,56.935,98.4235,64.0442,467.0,Lower combined pressure
37075,,,,,,,,0.0489,Graham,NC,10.9,9.2,8.7,14.7,16.8,25.4,9.9,,,0.5709,0.0,0.0,,,50.0154,,,,,,91.0156,,,64.4621,65.4093,74.002,47.3106,42.7267,78.1461,49.7124,57.9907,50.0154,91.0156,62.0095,49.7124,57.9907,64.0312,468.0,Lower combined pressure
01075,,,,,,,,,Lamar,AL,10.3,11.1,9.6,17.0,18.3,24.7,10.9,,,0.7386,0.0,0.0,,,50.0154,,,,,,,,,38.0751,89.4621,89.3606,81.8166,72.615,70.6867,59.8275,86.0278,50.0154,,73.6694,59.8275,86.0278,64.01,469.0,Lower combined pressure
53019,,,,,,,,,Ferry,WA,12.3,9.8,10.0,17.9,17.4,25.0,8.5,,,0.8417,0.0,0.0,,,50.0154,,,,,,,,,96.2618,74.7124,93.2848,90.7476,54.364,74.205,31.0047,97.3107,50.0154,,80.596,31.0047,97.3107,63.9802,470.0,High health vulnerability
39087,,,,,,,6.5616,0.0447,Lawrence,OH,11.7,10.6,8.6,16.3,19.6,27.4,8.6,,,0.8344,0.0,0.0,,,50.0154,,,,,64.5995,56.25,,,90.3586,84.8782,71.6678,73.4269,89.6989,92.067,32.6286,96.847,50.0154,60.4247,83.6829,32.6286,96.847,63.9791,471.0,High health vulnerability
47103,,,,,,,,,Lincoln,TN,10.9,10.0,8.0,16.5,19.3,28.3,11.8,,,0.6526,0.0,0.0,,,50.0154,,,,,,,,,64.4621,77.8924,55.0744,75.7442,86.9587,94.4012,68.0988,72.2102,50.0154,,75.7555,68.0988,72.2102,63.9659,472.0,High health vulnerability
48437,,,,,,,,,Swisher,TX,9.8,8.9,8.2,17.0,18.7,21.9,26.5,,,0.7681,0.0,0.0,,,50.0154,,,,,,,,,16.6272,60.1488,60.3857,81.8166,79.2456,39.885,98.2409,90.3555,50.0154,,56.3515,98.2409,90.3555,63.9362,473.0,Lower combined pressure
41059,,,,,,,5.8214,0.0476,Umatilla,OR,12.0,7.8,7.0,15.7,18.4,23.5,13.6,,,0.7605,0.0,0.0,,,50.0154,,,,,51.1628,85.1562,,,93.9107,38.887,29.161,64.8512,74.5264,58.6265,79.4317,89.4281,50.0154,68.1595,59.9938,79.4317,89.4281,63.9289,474.0,Lower combined pressure
47051,,,,,,,,,Franklin,TN,11.0,9.5,7.8,15.5,19.6,30.1,10.9,,,0.7484,0.0,0.0,,,50.0154,,,,,,,,,68.9953,69.9763,49.0866,61.6204,89.6989,97.3444,59.8275,87.4807,50.0154,,72.787,59.8275,87.4807,63.9096,475.0,Lower combined pressure
48073,,,,,,,,,Cherokee,TX,10.5,8.9,7.8,15.9,18.5,23.6,19.1,,,0.7281,0.0,0.0,,,50.0154,,,,,,,,,46.9046,60.1488,49.0866,67.8112,76.387,59.726,94.7395,84.4822,50.0154,,60.0107,94.7395,84.4822,63.906,476.0,Lower combined pressure
26135,,,,,,,,,Oscoda,MI,11.9,13.5,11.2,18.6,17.8,27.2,8.1,,,0.6996,0.0,0.0,,,50.0154,,,,,,,,,92.9465,98.9344,98.7145,94.8748,62.7876,91.1198,24.7294,79.6909,50.0154,,89.8963,24.7294,79.6909,63.8943,477.0,High health vulnerability
51193,,,,,,,,,Westmoreland,VA,11.4,10.7,10.0,17.5,16.9,23.0,11.2,,,0.7002,0.0,0.0,,,50.0154,,,,,,,,,83.7957,85.8762,93.2848,87.2294,44.5704,52.8417,62.703,79.8454,50.0154,,74.5997,62.703,79.8454,63.8792,478.0,Lower combined pressure
48291,,,,,,,,,Liberty,TX,10.6,8.0,6.5,16.2,20.1,23.7,23.8,,,0.7632,0.0,0.0,,,50.0154,,,,,,,,,51.2686,42.7436,19.5873,72.1583,93.3863,60.8762,97.3782,89.7682,50.0154,,56.67,97.3782,89.7682,63.849,479.0,Lower combined pressure
18027,,,,,,,,,Daviess,IN,11.7,10.2,7.8,16.2,19.6,27.2,10.8,,,0.6578,0.0,0.0,,,50.0154,,,,,,,,,90.3586,80.2943,49.0866,72.1583,89.6989,91.1198,58.8802,72.9212,50.0154,,78.7861,58.8802,72.9212,63.8417,480.0,High health vulnerability
21013,,,,,,,8.0534,0.0437,Bell,KY,,,,,,,,,,0.8462,0.0,0.0,,,50.0154,,,,,87.4677,46.4844,,,,,,,,,,97.4652,50.0154,66.976,,,97.4652,63.8387,481.0,Lower combined pressure
29129,,,,,,,,,Mercer,MO,10.8,11.8,9.8,17.6,18.0,25.4,10.5,,,0.6556,0.0,0.0,,,50.0154,,,,,,,,,60.2842,94.0798,91.5934,88.2442,66.8978,78.1461,56.2585,72.6121,50.0154,,79.8743,56.2585,72.6121,63.8137,482.0,High health vulnerability
45023,,,,,,,,,Chester,SC,10.7,9.9,8.3,16.6,18.5,23.0,13.8,,,0.7055,0.0,0.0,,,50.0154,,,,,,,,,55.8018,76.3532,63.1597,76.8606,76.387,52.8417,80.362,80.8964,50.0154,,66.9007,80.362,80.8964,63.8075,483.0,Lower combined pressure
47025,,,,,,,,0.0435,Claiborne,TN,11.3,11.3,8.5,17.4,20.8,30.9,12.4,,,0.756,0.0,0.0,,,50.0154,,,,,,43.6198,,,80.8863,91.069,68.9276,86.0792,96.6847,99.0866,72.4797,88.6862,50.0154,43.6198,87.1222,72.4797,88.6862,63.8067,484.0,High health vulnerability
42051,,,,,,,6.4163,0.0486,Fayette,PA,,,,,,,,,,0.678,0.0,0.0,,,50.0154,,,,,60.9819,90.2344,,,,,,,,,,75.6414,50.0154,75.6081,,,75.6414,63.8012,485.0,Lower combined pressure
48191,,,,,,,,,Hall,TX,10.0,9.6,9.5,17.1,17.3,22.1,21.3,,,0.7071,0.0,0.0,,,50.0154,,,,,,,,,24.8816,71.5663,87.8383,83.2206,52.3681,42.1516,96.3464,81.1128,50.0154,,60.3377,96.3464,81.1128,63.78,486.0,Lower combined pressure
48023,,,,,,,,,Baylor,TX,10.3,9.7,8.9,16.1,17.7,23.9,15.3,,,0.7124,0.0,0.0,,,50.0154,,,,,,,,,38.0751,73.1055,77.7233,70.8728,60.8424,62.703,86.4344,82.0093,50.0154,,63.887,86.4344,82.0093,63.761,487.0,Lower combined pressure
37047,,,,,,,,,Columbus,NC,11.8,10.0,8.6,15.8,18.3,24.4,12.3,,,0.6371,0.0,0.0,,,50.0154,,,,,,,,,91.8133,77.8924,71.6678,66.3904,72.615,67.5406,71.7355,69.7682,50.0154,,74.6532,71.7355,69.7682,63.7577,488.0,Lower combined pressure
28163,,,,,,,,,Yazoo,MS,10.4,10.7,8.3,17.4,19.4,18.6,18.6,,,0.6904,0.0,0.0,,,50.0154,,,,,,,,,42.6928,85.8762,63.1597,86.0792,87.8214,8.1867,94.1475,78.1144,50.0154,,62.3027,94.1475,78.1144,63.742,489.0,Lower combined pressure
54065,,,,,,,,,Morgan,WV,11.9,11.1,9.4,17.7,19.8,29.1,8.2,,,0.6713,0.0,0.0,,,50.0154,,,,,,,,,92.9465,89.4621,86.316,89.0054,91.475,95.5007,26.3024,74.745,50.0154,,90.7843,26.3024,74.745,63.7406,490.0,High health vulnerability
28011,,,,,,,7.8893,0.0436,Bolivar,MS,11.2,10.7,8.9,17.0,18.6,18.9,13.7,,,0.664,0.0,0.0,,,50.0154,,,,,85.6589,44.401,,,77.4357,85.8762,77.7233,81.8166,77.9601,9.2862,79.956,73.9104,50.0154,65.03,68.3497,79.956,73.9104,63.7362,491.0,Lower combined pressure
18083,,,,,,,,0.0471,Knox,IN,11.3,9.3,7.6,15.1,18.6,25.7,8.3,,,0.7338,0.0,0.0,,,50.0154,,,,,,82.1615,,,80.8863,66.9486,43.8092,54.956,77.9601,80.8525,27.8417,85.0386,50.0154,82.1615,67.5688,27.8417,85.0386,63.7252,492.0,Lower combined pressure
18149,,,,,,,,,Starke,IN,11.4,10.9,8.6,16.3,18.6,26.4,9.6,,,0.7062,0.0,0.0,,,50.0154,,,,,,,,,83.7957,87.6015,71.6678,73.4269,77.9601,85.8593,46.6509,81.0201,50.0154,,80.0519,46.6509,81.0201,63.7129,493.0,High health vulnerability
47003,,,,,,,,,Bedford,TN,11.0,9.2,7.0,16.1,20.4,29.6,15.1,,,0.6071,0.0,0.0,,,50.0154,,,,,,,,,68.9953,65.4093,29.161,70.8728,94.9256,96.5156,85.707,64.3277,50.0154,,70.9799,85.707,64.3277,63.6708,494.0,Lower combined pressure
48449,,,,,,,,,Titus,TX,10.2,8.5,7.5,16.5,18.7,22.5,24.8,,,0.7861,0.0,0.0,,,50.0154,,,,,,,,,33.4405,52.6556,41.0859,75.7442,79.2456,46.3464,97.6488,92.8594,50.0154,,54.753,97.6488,92.8594,63.6583,495.0,Lower combined pressure
13253,,,,,,,,,Seminole,GA,10.8,10.2,9.5,17.1,17.4,19.5,13.3,,,0.7748,0.0,0.0,,,50.0154,,,,,,,,,60.2842,80.2943,87.8383,83.2206,54.364,13.3965,77.9263,91.2828,50.0154,,63.233,77.9263,91.2828,63.645,496.0,Lower combined pressure
12063,,,,,,,,,Jackson,FL,10.3,10.3,9.1,17.1,19.0,19.3,16.5,,,0.6945,0.0,0.0,,,50.0154,,,,,,,,,38.0751,81.6137,81.4783,83.2206,83.7788,11.7388,90.1218,78.8253,50.0154,,63.3175,90.1218,78.8253,63.6383,497.0,Lower combined pressure
18177,,,,,,,,,Wayne,IN,11.8,10.3,8.3,15.8,19.3,27.1,9.0,,,0.7536,0.0,0.0,,,50.0154,,,,,,,,,91.8133,81.6137,63.1597,66.3904,86.9587,90.5785,38.7348,88.2226,50.0154,,80.0857,38.7348,88.2226,63.629,498.0,High health vulnerability
05117,,,,,,,,,Prairie,AR,10.4,10.4,9.6,17.3,18.0,23.8,10.6,,,0.7759,0.0,0.0,,,50.0154,,,,,,,,,42.6928,82.6793,89.3606,85.1488,66.8978,61.8234,56.935,91.6229,50.0154,,71.4338,56.935,91.6229,63.6252,499.0,Lower combined pressure
01007,,,,,,,,,Bibb,AL,10.4,10.2,8.5,16.7,18.9,24.4,12.6,,,0.6916,0.0,0.0,,,50.0154,,,,,,,,,42.6928,80.2943,68.9276,77.9432,82.3748,67.5406,73.7991,78.3926,50.0154,,69.9622,73.7991,78.3926,63.6191,500.0,Lower combined pressure
30107,,,,,,,,,Wheatland,MT,11.5,10.0,9.1,16.9,17.7,24.6,11.7,,,0.6358,0.0,0.0,,,50.0154,,,,,,,,,86.316,77.8924,81.4783,80.5142,60.8424,69.5873,67.1516,69.6754,50.0154,,76.1051,67.1516,69.6754,63.6181,501.0,High health vulnerability
13033,,,,,,,,,Burke,GA,11.4,9.8,8.3,17.5,19.4,20.4,15.0,,,0.6207,0.0,0.0,,,50.0154,,,,,,,,,83.7957,74.7124,63.1597,87.2294,87.8214,22.6658,85.4364,66.8934,50.0154,,69.8974,85.4364,66.8934,63.6159,502.0,Lower combined pressure
29081,,,,,,,,,Harrison,MO,10.7,11.5,9.4,17.4,18.3,24.9,9.9,,,0.7189,0.0,0.0,,,50.0154,,,,,,,,,55.8018,92.4729,86.316,86.0792,72.615,73.1225,49.7124,82.9985,50.0154,,77.7346,49.7124,82.9985,63.6125,503.0,High health vulnerability
48507,,,,,,,,,Zavala,TX,9.4,8.4,9.0,20.9,19.2,20.8,42.4,,,0.7047,0.0,0.0,,,50.0154,,,,,,,,,8.0176,50.592,79.5839,99.611,85.9269,27.4696,99.9323,80.7419,50.0154,,58.5335,99.9323,80.7419,63.6072,504.0,Lower combined pressure
35037,,,,,,,,,Quay,NM,10.0,9.9,10.3,18.4,16.0,22.3,17.5,,,0.7203,0.0,0.0,,,50.0154,,,,,,,,,24.8816,76.3532,95.3654,93.8769,28.8058,44.1137,92.27,83.2767,50.0154,,60.5661,92.27,83.2767,63.6011,505.0,Lower combined pressure
39155,,,,,,,7.6306,0.0442,Trumbull,OH,11.3,10.2,8.9,15.7,18.5,25.6,8.7,,,0.7692,0.0,0.0,,,50.0154,,,,,83.0749,52.3438,,,80.8863,80.2943,77.7233,64.8512,76.387,79.9222,34.2524,90.6955,50.0154,67.7093,76.6774,34.2524,90.6955,63.5961,506.0,High health vulnerability
29059,,,,,,,,,Dallas,MO,11.0,11.7,9.1,17.7,18.8,26.0,10.2,,,0.6159,0.0,0.0,,,50.0154,,,,,,,,,68.9953,93.5724,81.4783,89.0054,80.7341,83.3221,53.6536,66.0278,50.0154,,82.8513,53.6536,66.0278,63.5808,507.0,High health vulnerability
13251,,,,,,,,,Screven,GA,11.0,9.7,8.5,17.1,18.5,20.0,14.3,,,0.7123,0.0,0.0,,,50.0154,,,,,,,,,68.9953,73.1055,68.9276,83.2206,76.387,17.8281,82.9668,81.8547,50.0154,,64.744,82.9668,81.8547,63.5637,508.0,Lower combined pressure
18155,,,,,,,,,Switzerland,IN,11.5,10.9,8.7,16.5,18.6,26.8,9.5,,,0.685,0.0,0.0,,,50.0154,,,,,,,,,86.316,87.6015,74.002,75.7442,77.9601,88.6502,45.3484,77.0015,50.0154,,81.7123,45.3484,77.0015,63.5569,509.0,High health vulnerability
48197,,,,,,,,,Hardeman,TX,10.3,9.1,8.6,16.1,17.7,23.1,17.5,,,0.7288,0.0,0.0,,,50.0154,,,,,,,,,38.0751,63.6333,71.6678,70.8728,60.8424,53.9073,92.27,84.575,50.0154,,59.8331,92.27,84.575,63.5299,510.0,Lower combined pressure
48483,,,,,,,,,Wheeler,TX,10.3,9.1,8.3,15.9,17.8,23.4,17.3,,,0.748,0.0,0.0,,,50.0154,,,,,,,,,38.0751,63.6333,63.1597,67.8112,62.7876,57.4256,91.9317,87.4498,50.0154,,58.8154,91.9317,87.4498,63.5288,511.0,Lower combined pressure
18135,,,,,,,,,Randolph,IN,11.3,10.3,8.5,15.9,18.2,25.8,9.2,,,0.8285,0.0,0.0,,,50.0154,,,,,,,,,80.8863,81.6137,68.9276,67.8112,70.6698,81.8166,41.475,96.476,50.0154,,75.2876,41.475,96.476,63.4955,512.0,High health vulnerability
47023,,,,,,,,,Chester,TN,11.5,9.8,7.5,16.2,21.2,30.8,12.1,,,0.5775,0.0,0.0,,,50.0154,,,,,,,,,86.316,74.7124,41.0859,72.1583,97.8857,98.9682,70.2639,59.3199,50.0154,,78.5211,70.2639,59.3199,63.4577,513.0,High health vulnerability
48087,,,,,,,,,Collingsworth,TX,10.5,9.3,8.2,16.5,18.0,23.4,20.2,,,0.6678,0.0,0.0,,,50.0154,,,,,,,,,46.9046,66.9486,60.3857,75.7442,66.8978,57.4256,95.6867,74.2349,50.0154,,62.3844,95.6867,74.2349,63.4572,514.0,Lower combined pressure
22007,,,,,,,,,Assumption,LA,10.6,10.5,8.9,17.2,19.8,27.1,10.0,,,0.6759,0.0,0.0,,,50.0154,,,,,,,,,51.2686,83.7111,77.7233,84.3031,91.475,90.5785,50.8796,75.3323,50.0154,,79.8433,50.8796,75.3323,63.4488,515.0,High health vulnerability
13309,,,,,,,,,Wheeler,GA,10.0,9.6,8.1,16.8,19.2,19.0,19.2,,,0.7972,0.0,0.0,,,50.0154,,,,,,,,,24.8816,71.5663,57.747,79.1779,85.9269,9.8275,94.8579,93.8176,50.0154,,54.8545,94.8579,93.8176,63.4477,516.0,Lower combined pressure
40099,,,,,,,,,Murray,OK,11.7,9.5,8.7,15.9,17.5,24.5,11.0,,,0.7447,0.0,0.0,,,50.0154,,,,,,,,,90.3586,69.9763,74.002,67.8112,56.8166,68.4709,60.724,86.9552,50.0154,,71.2393,60.724,86.9552,63.4431,517.0,Lower combined pressure
13319,,,,,,,,,Wilkinson,GA,10.9,9.7,8.5,16.9,18.4,20.1,13.9,,,0.7404,0.0,0.0,,,50.0154,,,,,,,,,64.4621,73.1055,68.9276,80.5142,74.5264,18.9107,80.8356,86.3679,50.0154,,63.4078,80.8356,86.3679,63.4359,518.0,Lower combined pressure
40081,,,,,,,,,Lincoln,OK,11.7,9.8,8.6,15.9,18.0,25.5,10.3,,,0.7198,0.0,0.0,,,50.0154,,,,,,,,,90.3586,74.7124,71.6678,67.8112,66.8978,79.1779,54.7023,83.153,50.0154,,75.1043,54.7023,83.153,63.4216,519.0,High health vulnerability
47029,,,,,,,,,Cocke,TN,11.5,13.4,10.0,19.4,21.2,31.1,14.0,,,-110.2533,0.0,0.0,,,50.0154,,,,,,,,,86.316,98.7821,93.2848,97.7334,97.8857,99.2896,81.4107,5.2859,50.0154,,95.5486,81.4107,5.2859,63.4152,520.0,High health vulnerability
13105,,,,,,,,,Elbert,GA,10.7,9.6,8.6,16.8,18.1,20.4,14.5,,,0.7523,0.0,0.0,,,50.0154,,,,,,,,,55.8018,71.5663,71.6678,79.1779,68.7415,22.6658,83.6604,87.8825,50.0154,,61.6035,83.6604,87.8825,63.4131,521.0,Lower combined pressure
29105,,,,,,,,,Laclede,MO,11.1,11.1,8.6,17.2,19.2,25.9,10.7,,,0.6078,0.0,0.0,,,50.0154,,,,,,,,,73.5284,89.4621,71.6678,84.3031,85.9269,82.5947,57.8654,64.4513,50.0154,,81.2472,57.8654,64.4513,63.3974,522.0,High health vulnerability
18053,,,,,,,,,Grant,IN,11.7,10.1,8.1,15.8,19.1,27.7,9.1,,,0.7561,0.0,0.0,,,50.0154,,,,,,,,,90.3586,79.1272,57.747,66.3904,84.8951,93.1664,40.1218,88.7172,50.0154,,78.6141,40.1218,88.7172,63.3894,523.0,High health vulnerability
21091,,,,,,,,0.0465,Hancock,KY,,,,,,,,,,0.6414,0.0,0.0,,,50.0154,,,,,,76.4323,,,,,,,,,,70.7264,50.0154,76.4323,,,70.7264,63.3621,524.0,Lower combined pressure
32001,,,,,,,,0.0467,Churchill,NV,11.2,8.2,7.3,15.6,18.8,22.0,11.4,,,0.6897,0.0,0.0,,,50.0154,,,,,,78.6458,,,77.4357,46.8539,36.3329,63.2273,80.7341,41.0183,64.6313,78.0526,50.0154,78.6458,57.6004,64.6313,78.0526,63.3346,525.0,Lower combined pressure
51730,,,,,,,,,Petersburg,VA,13.0,8.4,7.4,16.1,19.6,20.9,11.8,,,0.9011,0.0,0.0,,,50.0154,,,,,,,,,98.7991,50.592,38.6671,70.8728,89.6989,28.5521,68.0988,99.66,50.0154,,62.8637,68.0988,99.66,63.3286,526.0,Lower combined pressure
12121,,,,,,,,,Suwannee,FL,10.2,10.5,9.3,17.3,18.2,19.3,16.2,,,0.7089,0.0,0.0,,,50.0154,,,,,,,,,33.4405,83.7111,84.7936,85.1488,70.6698,11.7388,89.4114,81.4529,50.0154,,61.5838,89.4114,81.4529,63.316,527.0,Lower combined pressure
29009,,,,,,,,,Barry,MO,10.7,11.3,9.2,17.7,18.1,24.5,12.0,,,0.6105,0.0,0.0,,,50.0154,,,,,,,,,55.8018,91.069,83.2544,89.0054,68.7415,68.4709,69.5196,65.0077,50.0154,,76.0572,69.5196,65.0077,63.2955,528.0,High health vulnerability
05089,,,,,,,,,Marion,AR,10.3,12.1,11.3,18.8,17.7,24.8,10.5,,,0.6801,0.0,0.0,,,50.0154,,,,,,,,,38.0751,95.5514,98.8329,95.839,60.8424,71.8539,56.2585,76.1978,50.0154,,76.8324,56.2585,76.1978,63.2778,529.0,High health vulnerability
48403,,,,,,,,,Sabine,TX,10.6,11.1,10.4,16.9,16.8,23.1,12.5,,,0.6934,0.0,0.0,,,50.0154,,,,,,,,,51.2686,89.4621,96.0081,80.5142,42.7267,53.9073,73.1901,78.7017,50.0154,,68.9812,73.1901,78.7017,63.2521,530.0,Lower combined pressure
48269,,,,,,,,,King,TX,10.3,10.8,10.4,17.5,17.0,22.8,16.1,,,0.6183,0.0,0.0,,,50.0154,,,,,,,,,38.0751,86.7896,96.0081,87.2294,46.3972,50.406,88.9885,66.4297,50.0154,,67.4842,88.9885,66.4297,63.2233,531.0,Lower combined pressure
18035,,,,,,,7.1494,0.0463,Delaware,IN,12.0,9.1,7.2,14.7,20.2,29.3,8.3,,,0.7455,0.0,0.0,,,50.0154,,,,,76.4858,74.349,,,93.9107,63.6333,33.8464,47.3106,93.9953,95.9235,27.8417,87.1097,50.0154,75.4174,71.4366,27.8417,87.1097,63.2133,532.0,Lower combined pressure
23025,,,,,,,,,Somerset,ME,13.5,11.3,9.3,17.1,19.7,28.8,9.5,,,0.5347,0.0,0.0,,,50.0154,,,,,,,,,99.4249,91.069,84.7936,83.2206,90.5616,95.0271,45.3484,51.9938,50.0154,,90.6828,45.3484,51.9938,63.2127,533.0,High health vulnerability
37181,,,,,,,,,Vance,NC,12.0,9.4,8.3,15.4,18.1,23.1,13.2,,,0.6807,0.0,0.0,,,50.0154,,,,,,,,,93.9107,68.3694,63.1597,60.2334,68.7415,53.9073,77.5203,76.3215,50.0154,,68.0537,77.5203,76.3215,63.203,534.0,Lower combined pressure
35031,,,,,,,,,McKinley,NM,14.2,11.5,9.5,22.2,23.3,24.8,15.1,,,-29.6106,0.0,0.0,,,50.0154,,,,,,,,,99.7801,92.4729,87.8383,99.8478,99.7632,71.8539,85.707,8.4389,50.0154,,91.926,85.707,8.4389,63.201,535.0,High health vulnerability
29013,,,,,,,,,Bates,MO,10.9,10.7,8.5,16.8,18.9,26.2,10.1,,,0.6879,0.0,0.0,,,50.0154,,,,,,,,,64.4621,85.8762,68.9276,79.1779,82.3748,84.6245,52.3512,77.558,50.0154,,77.5739,52.3512,77.558,63.1853,536.0,High health vulnerability
39141,,,,,,,,,Ross,OH,11.6,10.0,8.1,15.7,19.2,27.9,9.3,,,0.7357,0.0,0.0,,,50.0154,,,,,,,,,88.5149,77.8924,57.747,64.8512,85.9269,93.7246,42.7943,85.4096,50.0154,,78.1095,42.7943,85.4096,63.1365,537.0,High health vulnerability
18143,,,,,,,,,Scott,IN,11.7,10.4,7.8,16.1,19.5,27.3,9.4,,,0.7127,0.0,0.0,,,50.0154,,,,,,,,,90.3586,82.6793,49.0866,70.8728,88.7009,91.6272,44.0291,82.1638,50.0154,,78.8876,44.0291,82.1638,63.1277,538.0,High health vulnerability
05105,,,,,,,,,Perry,AR,10.2,10.2,9.1,16.9,18.3,25.1,10.2,,,0.791,0.0,0.0,,,50.0154,,,,,,,,,33.4405,80.2943,81.4783,80.5142,72.615,75.1691,53.6536,93.2612,50.0154,,70.5853,53.6536,93.2612,63.1232,539.0,Lower combined pressure
28099,,,,,,,,,Neshoba,MS,10.7,10.4,8.5,17.0,19.2,21.3,12.8,,,0.6912,0.0,0.0,,,50.0154,,,,,,,,,55.8018,82.6793,68.9276,81.8166,85.9269,33.3897,74.8647,78.238,50.0154,,68.0903,74.8647,78.238,63.1166,540.0,Lower combined pressure
37103,,,,,,,,,Jones,NC,11.6,10.8,9.4,16.3,17.6,24.7,11.8,,,0.5889,0.0,0.0,,,50.0154,,,,,,,,,88.5149,86.7896,86.316,73.4269,59.0325,70.6867,68.0988,61.2983,50.0154,,77.4611,68.0988,61.2983,63.0795,541.0,High health vulnerability
48277,,,,,,,,,Lamar,TX,11.0,9.1,7.8,15.6,19.0,24.6,14.2,,,0.6699,0.0,0.0,,,50.0154,,,,,,,,,68.9953,63.6333,49.0866,63.2273,83.7788,69.5873,82.5101,74.4977,50.0154,,66.3848,82.5101,74.4977,63.0688,542.0,Lower combined pressure
13005,,,,,,,,,Bacon,GA,10.7,9.5,7.9,16.7,19.5,22.1,15.7,,,0.6666,0.0,0.0,,,50.0154,,,,,,,,,55.8018,69.9763,52.1313,77.9432,88.7009,42.1516,87.5,74.1577,50.0154,,64.4508,87.5,74.1577,63.0441,543.0,Lower combined pressure
05109,,,,,,,,,Pike,AR,10.3,10.2,9.1,17.3,18.6,25.7,11.4,,,0.6594,0.0,0.0,,,50.0154,,,,,,,,,38.0751,80.2943,81.4783,85.1488,77.9601,80.8525,64.6313,73.2303,50.0154,,73.9682,64.6313,73.2303,63.0438,544.0,Lower combined pressure
47089,,,,,,,,0.0447,Jefferson,TN,11.0,9.7,8.0,16.1,19.5,30.1,11.1,,,0.7525,0.0,0.0,,,50.0154,,,,,,56.6406,,,68.9953,73.1055,55.0744,70.8728,88.7009,97.3444,61.6204,87.9444,50.0154,56.6406,75.6822,61.6204,87.9444,63.0418,545.0,High health vulnerability
29055,,,,,,,,,Crawford,MO,10.9,11.0,8.7,17.0,18.5,25.7,10.2,,,0.6717,0.0,0.0,,,50.0154,,,,,,,,,64.4621,88.498,74.002,81.8166,76.387,80.8525,53.6536,74.8068,50.0154,,77.6697,53.6536,74.8068,63.0241,546.0,High health vulnerability
18039,,,,,,,6.7287,0.0454,Elkhart,IN,11.3,8.8,7.1,15.2,18.9,25.2,12.6,,,0.6914,0.0,0.0,,,50.0154,,,,,69.3798,64.4531,,,80.8863,58.2206,31.4276,56.8843,82.3748,76.0487,73.7991,78.3308,50.0154,66.9165,64.3071,73.7991,78.3308,63.0235,547.0,Lower combined pressure
13025,,,,,,,,,Brantley,GA,10.6,10.3,8.4,17.4,19.7,24.0,14.4,,,0.5587,0.0,0.0,,,50.0154,,,,,,,,,51.2686,81.6137,66.0521,86.0792,90.5616,63.6164,83.3051,56.3215,50.0154,,73.1986,83.3051,56.3215,63.0226,548.0,Lower combined pressure
51143,,,,,,,,,Pittsylvania,VA,11.3,10.8,9.5,17.4,17.5,22.9,10.2,,,0.7083,0.0,0.0,,,50.0154,,,,,,,,,80.8863,86.7896,87.8383,86.0792,56.8166,51.7253,53.6536,81.391,50.0154,,75.0226,53.6536,81.391,63.0196,549.0,High health vulnerability
13233,,,,,,,,,Polk,GA,10.5,8.9,7.3,16.3,19.0,22.5,16.6,,,0.7499,0.0,0.0,,,50.0154,,,,,,,,,46.9046,60.1488,36.3329,73.4269,83.7788,46.3464,90.3755,87.6352,50.0154,,57.8231,90.3755,87.6352,63.0153,550.0,Lower combined pressure
48459,,,,,,,,,Upshur,TX,10.8,9.0,7.7,15.6,18.9,24.9,14.1,,,0.6962,0.0,0.0,,,50.0154,,,,,,,,,60.2842,61.8572,46.431,63.2273,82.3748,73.1225,81.9689,79.0417,50.0154,,64.5495,81.9689,79.0417,62.9907,551.0,Lower combined pressure
37015,,,,,,,,,Bertie,NC,12.0,10.7,9.6,16.2,17.5,21.7,13.2,,,0.5994,0.0,0.0,,,50.0154,,,,,,,,,93.9107,85.8762,89.3606,72.1583,56.8166,37.7368,77.5203,63.0603,50.0154,,72.6432,77.5203,63.0603,62.9646,552.0,Lower combined pressure
16073,,,,,,,,,Owyhee,ID,11.0,9.3,8.2,17.0,17.1,22.2,17.4,,,0.6796,0.0,0.0,,,50.0154,,,,,,,,,68.9953,66.9486,60.3857,81.8166,48.0717,43.1834,92.1008,76.1051,50.0154,,61.5669,92.1008,76.1051,62.9559,553.0,Lower combined pressure
29205,,,,,,,,,Shelby,MO,10.8,11.8,9.6,17.6,18.4,25.2,10.0,,,0.6384,0.0,0.0,,,50.0154,,,,,,,,,60.2842,94.0798,89.3606,88.2442,74.5264,76.0487,50.8796,70.0155,50.0154,,80.424,50.8796,70.0155,62.9335,554.0,High health vulnerability
37079,,,,,,,,,Greene,NC,11.3,9.6,8.1,15.7,18.7,23.4,16.9,,,0.5764,0.0,0.0,,,50.0154,,,,,,,,,80.8863,71.5663,57.747,64.8512,79.2456,57.4256,91.2889,59.0417,50.0154,,68.6203,91.2889,59.0417,62.9237,555.0,Lower combined pressure
13131,,,,,,,,,Grady,GA,10.7,9.7,8.6,17.3,18.5,20.3,16.8,,,0.6427,0.0,0.0,,,50.0154,,,,,,,,,55.8018,73.1055,71.6678,85.1488,76.387,21.2957,91.0014,71.0355,50.0154,,63.9011,91.0014,71.0355,62.9115,556.0,Lower combined pressure
13037,,,,,,,,,Calhoun,GA,10.6,9.3,8.1,16.8,19.1,17.3,18.6,,,0.7249,0.0,0.0,,,50.0154,,,,,,,,,51.2686,66.9486,57.747,79.1779,84.8951,4.3302,94.1475,83.9567,50.0154,,57.3946,94.1475,83.9567,62.8849,557.0,Lower combined pressure
01093,,,,,,,,,Marion,AL,10.2,10.8,9.4,16.8,18.2,25.7,11.0,,,0.6933,0.0,0.0,,,50.0154,,,,,,,,,33.4405,86.7896,86.316,79.1779,70.6698,80.8525,60.724,78.6708,50.0154,,72.8744,60.724,78.6708,62.8836,558.0,Lower combined pressure
45075,,,,,,,,,Orangeburg,SC,11.0,9.6,8.4,16.3,18.0,21.4,14.5,,,0.6961,0.0,0.0,,,50.0154,,,,,,,,,68.9953,71.5663,66.0521,73.4269,66.8978,34.3369,83.6604,79.0108,50.0154,,63.5459,83.6604,79.0108,62.8776,559.0,Lower combined pressure
48445,,,,,,,,,Terry,TX,9.7,8.2,7.6,17.2,18.6,21.9,29.2,,,0.8084,0.0,0.0,,,50.0154,,,,,,,,,13.5487,46.8539,43.8092,84.3031,77.9601,39.885,98.9851,94.7759,50.0154,,51.06,98.9851,94.7759,62.861,560.0,Lower combined pressure
41029,,,,,,,6.9669,0.0481,Jackson,OR,12.1,8.0,7.5,14.8,18.0,26.3,9.3,,,0.6754,0.0,0.0,,,50.0154,,,,,73.5142,88.151,,,94.7226,42.7436,41.0859,49.2896,66.8978,85.2334,42.7943,75.2396,50.0154,80.8326,63.3288,42.7943,75.2396,62.8484,561.0,Lower combined pressure
37131,,,,,,,6.4572,,Northampton,NC,12.0,11.2,10.6,16.5,16.5,21.9,11.7,,,0.6662,0.0,0.0,,,50.0154,,,,,62.5323,,,,93.9107,90.3248,96.9384,75.7442,37.0095,39.885,67.1516,74.1267,50.0154,62.5323,72.3021,67.1516,74.1267,62.8411,562.0,Lower combined pressure
28001,,,,,,,,,Adams,MS,10.3,11.0,9.7,17.1,17.4,17.4,15.2,,,0.7352,0.0,0.0,,,50.0154,,,,,,,,,38.0751,88.498,90.6461,83.2206,54.364,4.567,86.0622,85.3168,50.0154,,59.8951,86.0622,85.3168,62.8218,563.0,Lower combined pressure
41011,,,,,,,,,Coos,OR,12.4,9.9,9.4,17.2,17.4,26.4,8.6,,,0.7427,0.0,0.0,,,50.0154,,,,,,,,,96.8539,76.3532,86.316,84.3031,54.364,85.8593,32.6286,86.7079,50.0154,,80.6749,32.6286,86.7079,62.8093,564.0,High health vulnerability
29185,,,,,,,,,St. Clair,MO,10.8,12.5,10.5,18.5,17.9,25.2,10.2,,,0.6019,0.0,0.0,,,50.0154,,,,,,,,,60.2842,97.0737,96.5663,94.3674,64.9019,76.0487,53.6536,63.4621,50.0154,,81.5404,53.6536,63.4621,62.8017,565.0,High health vulnerability
16059,,,,,,,9.4387,,Lemhi,ID,10.8,9.2,9.3,15.7,14.8,21.9,9.3,,,0.5608,0.0,0.0,,,50.0154,,,,,96.5116,,,,60.2842,65.4093,84.7936,64.8512,13.3119,39.885,42.7943,56.7543,50.0154,96.5116,54.7559,42.7943,56.7543,62.7764,566.0,Lower combined pressure
26069,,,,,,,,,Iosco,MI,11.6,12.7,10.9,18.0,17.2,27.0,7.7,,,0.7449,0.0,0.0,,,50.0154,,,,,,,,,88.5149,97.5981,97.8687,91.4242,50.203,90.0203,18.7754,87.017,50.0154,,85.9382,18.7754,87.017,62.7579,567.0,High health vulnerability
39101,,,,,,,,,Marion,OH,10.9,10.0,8.3,16.1,18.7,27.3,9.5,,,0.7567,0.0,0.0,,,50.0154,,,,,,,,,64.4621,77.8924,63.1597,70.8728,79.2456,91.6272,45.3484,88.8099,50.0154,,74.5433,45.3484,88.8099,62.7417,568.0,Lower combined pressure
39033,,,,,,,,,Crawford,OH,11.1,10.3,8.8,15.8,18.6,26.9,8.7,,,0.7819,0.0,0.0,,,50.0154,,,,,,,,,73.5284,81.6137,75.9303,66.3904,77.9601,89.3437,34.2524,92.272,50.0154,,77.4611,34.2524,92.272,62.6964,569.0,High health vulnerability
48363,,,,,,,,,Palo Pinto,TX,10.4,9.1,8.0,15.9,18.3,24.0,16.7,,,0.6858,0.0,0.0,,,50.0154,,,,,,,,,42.6928,63.6333,55.0744,67.8112,72.615,63.6164,90.68,77.0943,50.0154,,60.9072,90.68,77.0943,62.6785,570.0,Lower combined pressure
18001,,,,,,,,,Adams,IN,11.7,10.4,8.1,16.1,19.2,27.0,10.1,,,0.63,0.0,0.0,,,50.0154,,,,,,,,,90.3586,82.6793,57.747,70.8728,85.9269,90.0203,52.3512,68.5935,50.0154,,79.6008,52.3512,68.5935,62.6657,571.0,High health vulnerability
05027,,,,,,,,,Columbia,AR,11.0,8.8,7.9,15.7,20.0,23.7,11.0,,,0.792,0.0,0.0,,,50.0154,,,,,,,,,68.9953,58.2206,52.1313,64.8512,92.8112,60.8762,60.724,93.4158,50.0154,,66.3143,60.724,93.4158,62.6629,572.0,Lower combined pressure
28113,,,,,,,,,Pike,MS,10.8,10.5,8.7,16.7,18.6,19.3,13.5,,,0.7017,0.0,0.0,,,50.0154,,,,,,,,,60.2842,83.7111,74.002,77.9432,77.9601,11.7388,78.9073,80.0618,50.0154,,64.2732,78.9073,80.0618,62.6265,573.0,Lower combined pressure
41019,,,,,,,,,Douglas,OR,12.8,9.7,9.1,16.7,17.8,27.2,8.6,,,0.7326,0.0,0.0,,,50.0154,,,,,,,,,98.5453,73.1055,81.4783,77.9432,62.7876,91.1198,32.6286,84.9459,50.0154,,80.83,32.6286,84.9459,62.6261,574.0,High health vulnerability
01065,,,,,,,,,Hale,AL,11.3,10.3,9.0,16.8,18.4,21.2,12.4,,,0.6307,0.0,0.0,,,50.0154,,,,,,,,,80.8863,81.6137,79.5839,79.1779,74.5264,32.3072,72.4797,68.7172,50.0154,,71.3492,72.4797,68.7172,62.6155,575.0,Lower combined pressure
29017,,,,,,,,,Bollinger,MO,10.8,11.2,8.9,17.3,18.4,25.9,9.9,,,0.6613,0.0,0.0,,,50.0154,,,,,,,,,60.2842,90.3248,77.7233,85.1488,74.5264,82.5947,49.7124,73.6012,50.0154,,78.4337,49.7124,73.6012,62.5926,576.0,High health vulnerability
39073,,,,,,,,,Hocking,OH,11.4,10.9,9.2,16.7,19.3,27.1,8.7,,,0.6556,0.0,0.0,,,50.0154,,,,,,,,,83.7957,87.6015,83.2544,77.9432,86.9587,90.5785,34.2524,72.5811,50.0154,,85.022,34.2524,72.5811,62.5913,577.0,High health vulnerability
13091,,,,,,,,,Dodge,GA,10.6,9.8,8.6,17.0,18.8,20.6,14.9,,,0.6606,0.0,0.0,,,50.0154,,,,,,,,,51.2686,74.7124,71.6678,81.8166,80.7341,25.3552,85.1827,73.4467,50.0154,,64.2591,85.1827,73.4467,62.5765,578.0,Lower combined pressure
47117,,,,,,,,,Marshall,TN,11.0,9.1,7.1,15.6,20.0,30.1,11.9,,,0.6815,0.0,0.0,,,50.0154,,,,,,,,,68.9953,63.6333,31.4276,63.2273,92.8112,97.3444,68.8092,76.507,50.0154,,69.5732,68.8092,76.507,62.5727,579.0,Lower combined pressure
13315,,,,,,,,,Wilcox,GA,10.2,10.3,9.1,17.3,18.5,19.2,17.8,,,0.655,0.0,0.0,,,50.0154,,,,,,,,,33.4405,81.6137,81.4783,85.1488,76.387,10.9777,92.9127,72.5039,50.0154,,61.5077,92.9127,72.5039,62.5643,580.0,Lower combined pressure
13265,,,,,,,,,Taliaferro,GA,10.9,10.8,10.4,18.1,17.0,17.5,15.8,,,0.6278,0.0,0.0,,,50.0154,,,,,,,,,64.4621,86.7896,96.0081,92.1008,46.3972,4.8545,87.9398,68.3153,50.0154,,65.1021,87.9398,68.3153,62.5409,581.0,Lower combined pressure
13173,,,,,,,,,Lanier,GA,10.8,9.7,7.9,17.1,19.8,22.0,16.4,,,0.5926,0.0,0.0,,,50.0154,,,,,,,,,60.2842,73.1055,52.1313,83.2206,91.475,41.0183,89.885,61.8856,50.0154,,66.8725,89.885,61.8856,62.5331,582.0,Lower combined pressure
08057,,,,,,,0.9017,0.0494,Jackson,CO,11.5,10.6,9.6,17.0,16.6,23.0,13.0,,,0.7676,0.0,0.0,,,50.0154,,,,,9.9483,92.3177,,,86.316,84.8782,89.3606,81.8166,38.7855,52.8417,76.2686,90.3246,50.0154,51.133,72.3331,76.2686,90.3246,62.5305,583.0,Lower combined pressure
21213,,,,,,,,0.0467,Simpson,KY,,,,,,,,,,0.5817,0.0,0.0,,,50.0154,,,,,,78.5156,,,,,,,,,,60.0927,50.0154,78.5156,,,60.0927,62.5274,584.0,Lower combined pressure
54033,,,,,,,6.346,,Harrison,WV,12.3,10.2,8.5,16.4,20.3,29.6,8.1,,,0.7541,0.0,0.0,,,50.0154,,,,,59.5607,,,,96.2618,80.2943,68.9276,74.6448,94.452,96.5156,24.7294,88.3462,50.0154,59.5607,85.1827,24.7294,88.3462,62.498,585.0,High health vulnerability
01013,,,,,,,,,Butler,AL,10.9,10.3,9.1,16.6,18.3,22.5,11.3,,,0.6921,0.0,0.0,,,50.0154,,,,,,,,,64.4621,81.6137,81.4783,76.8606,72.615,46.3464,63.7686,78.4853,50.0154,,70.5627,63.7686,78.4853,62.4943,586.0,Lower combined pressure
48247,,,,,,,,,Jim Hogg,TX,9.1,8.9,9.9,20.6,17.9,19.7,40.6,,,0.6942,0.0,0.0,,,50.0154,,,,,,,,,3.6874,60.1488,92.4899,99.3911,64.9019,15.2064,99.8309,78.7944,50.0154,,55.9709,99.8309,78.7944,62.4798,587.0,Lower combined pressure
48395,,,,,,,,,Robertson,TX,10.5,8.7,8.0,15.7,17.6,22.2,17.4,,,0.7695,0.0,0.0,,,50.0154,,,,,,,,,46.9046,56.4445,55.0744,64.8512,59.0325,43.1834,92.1008,90.7573,50.0154,,54.2484,92.1008,90.7573,62.4701,588.0,Lower combined pressure
47011,,,,,,,,,Bradley,TN,10.8,9.0,7.3,15.4,19.7,28.7,11.9,,,0.7073,0.0,0.0,,,50.0154,,,,,,,,,60.2842,61.8572,36.3329,60.2334,90.5616,94.8579,68.8092,81.2365,50.0154,,67.3545,68.8092,81.2365,62.4638,589.0,Lower combined pressure
48297,,,,,,,,,Live Oak,TX,9.6,8.7,8.5,16.8,17.8,21.4,25.3,,,0.7654,0.0,0.0,,,50.0154,,,,,,,,,11.4344,56.4445,68.9276,79.1779,62.7876,34.3369,97.8011,90.1082,50.0154,,52.1848,97.8011,90.1082,62.4557,590.0,Lower combined pressure
51029,,,,,,,,,Buckingham,VA,11.3,9.3,8.3,16.4,18.1,22.8,11.2,,,0.7441,0.0,0.0,,,50.0154,,,,,,,,,80.8863,66.9486,63.1597,74.6448,68.7415,50.406,62.703,86.8934,50.0154,,67.4645,62.703,86.8934,62.4405,591.0,Lower combined pressure
21075,,,,,,,,,Fulton,KY,,,,,,,,,,0.8981,0.0,0.0,,,50.0154,,,,,,,,,,,,,,,,99.6291,50.0154,,,,99.6291,62.4188,592.0,Lower combined pressure
12049,,,,,,,,,Hardee,FL,9.7,9.5,8.6,17.3,19.0,18.0,26.1,,,0.7126,0.0,0.0,,,50.0154,,,,,,,,,13.5487,69.9763,71.6678,85.1488,83.7788,6.4953,98.1732,82.1329,50.0154,,55.1026,98.1732,82.1329,62.4145,593.0,Lower combined pressure
39013,,,,,,,6.8912,,Belmont,OH,11.1,9.8,8.6,16.2,18.1,26.0,8.2,,,0.7211,0.0,0.0,,,50.0154,,,,,71.7054,,,,73.5284,74.7124,71.6678,72.1583,68.7415,83.3221,26.3024,83.3385,50.0154,71.7054,74.0218,26.3024,83.3385,62.4005,594.0,Lower combined pressure
39071,,,,,,,,,Highland,OH,11.4,10.4,8.5,16.2,19.2,27.4,9.0,,,0.6835,0.0,0.0,,,50.0154,,,,,,,,,83.7957,82.6793,68.9276,72.1583,85.9269,92.067,38.7348,76.8161,50.0154,,80.9258,38.7348,76.8161,62.3882,595.0,High health vulnerability
13185,,,,,,,8.7947,,Lowndes,GA,10.7,7.0,6.0,14.3,19.3,20.5,14.2,,,0.5551,0.0,0.0,,,50.0154,,,,,93.5401,,,,55.8018,24.3065,12.6522,40.3078,86.9587,24.1543,82.5101,55.5487,50.0154,93.5401,40.6969,82.5101,55.5487,62.3697,596.0,Lower combined pressure
48287,,,,,,,,,Lee,TX,10.3,9.0,8.1,16.1,17.8,22.9,18.6,,,0.7035,0.0,0.0,,,50.0154,,,,,,,,,38.0751,61.8572,57.747,70.8728,62.7876,51.7253,94.1475,80.4637,50.0154,,57.1775,94.1475,80.4637,62.3468,597.0,Lower combined pressure
48311,,,,,,,,,McMullen,TX,9.5,9.1,9.5,17.0,17.0,21.3,22.3,,,0.7389,0.0,0.0,,,50.0154,,,,,,,,,9.6583,63.6333,87.8383,81.8166,46.3972,33.3897,96.9723,86.0896,50.0154,,53.7889,96.9723,86.0896,62.3441,598.0,Lower combined pressure
39095,,,,,,,8.1533,0.0461,Lucas,OH,11.3,8.6,7.5,14.6,18.3,26.2,9.0,,,0.6788,0.0,0.0,,,50.0154,,,,,88.1137,72.3958,,,80.8863,54.6854,41.0859,45.4838,72.615,84.6245,38.7348,75.8269,50.0154,80.2548,63.2302,38.7348,75.8269,62.332,599.0,Lower combined pressure
31165,,,,,,,,0.0508,Sioux,NE,9.4,10.6,10.9,15.5,13.8,17.2,10.2,,,0.6403,0.0,0.0,,,50.0154,,,,,,95.8333,,,8.0176,84.8782,97.8687,61.6204,5.7003,4.1272,53.6536,70.4791,50.0154,95.8333,43.7021,53.6536,70.4791,62.3017,600.0,Lower combined pressure
48177,,,,,,,,,Gonzales,TX,9.9,8.3,7.9,16.6,17.9,21.8,25.8,,,0.7916,0.0,0.0,,,50.0154,,,,,,,,,20.5514,48.6637,52.1313,76.8606,64.9019,38.8363,97.9871,93.3539,50.0154,,50.3242,97.9871,93.3539,62.293,601.0,Lower combined pressure
26133,,,,,,,,,Osceola,MI,11.8,10.9,9.1,16.8,18.6,27.6,7.6,,,0.742,0.0,0.0,,,50.0154,,,,,,,,,91.8133,87.6015,81.4783,79.1779,77.9601,92.9127,17.5237,86.6461,50.0154,,85.1573,17.5237,86.6461,62.2812,602.0,High health vulnerability
48013,,,,,,,10.036,,Atascosa,TX,9.2,6.3,6.6,15.3,17.0,20.7,27.4,,,0.5588,0.0,0.0,,,50.0154,,,,,98.3204,,,,5.1421,14.6651,21.4141,58.7449,46.3972,26.4208,98.4946,56.3833,50.0154,98.3204,28.7974,98.4946,56.3833,62.2719,603.0,Lower combined pressure
05059,,,,,,,,,Hot Spring,AR,10.3,9.8,8.5,16.6,18.8,23.9,11.3,,,0.7367,0.0,0.0,,,50.0154,,,,,,,,,38.0751,74.7124,68.9276,76.8606,80.7341,62.703,63.7686,85.5951,50.0154,,67.0021,63.7686,85.5951,62.2554,604.0,Lower combined pressure
47159,,,,,,,,,Smith,TN,11.0,9.7,7.5,16.1,20.1,30.0,11.7,,,0.6078,0.0,0.0,,,50.0154,,,,,,,,,68.9953,73.1055,41.0859,70.8728,93.3863,97.1076,67.1516,64.4204,50.0154,,74.0922,67.1516,64.4204,62.2465,605.0,Lower combined pressure
21041,,,,,,,,,Carroll,KY,,,,,,,,,,0.8693,0.0,0.0,,,50.0154,,,,,,,,,,,,,,,,98.9181,50.0154,,,,98.9181,62.2411,606.0,Lower combined pressure
13189,,,,,,,,,McDuffie,GA,11.0,9.2,8.0,16.3,18.5,20.4,14.2,,,0.7212,0.0,0.0,,,50.0154,,,,,,,,,68.9953,65.4093,55.0744,73.4269,76.387,22.6658,82.5101,83.4003,50.0154,,60.3265,82.5101,83.4003,62.2364,607.0,Lower combined pressure
48213,,,,,,,,,Henderson,TX,10.5,9.2,8.3,15.8,17.9,24.2,14.9,,,0.6791,0.0,0.0,,,50.0154,,,,,,,,,46.9046,65.4093,63.1597,66.3904,64.9019,65.6461,85.1827,75.9815,50.0154,,62.0687,85.1827,75.9815,62.1843,608.0,Lower combined pressure
22047,,,,,,,8.8185,0.0421,Iberville,LA,10.6,8.9,7.8,16.2,19.8,25.2,10.2,,,0.8087,0.0,0.0,,,50.0154,,,,,93.7984,31.1198,,,51.2686,60.1488,49.0866,72.1583,91.475,76.0487,53.6536,94.8068,50.0154,62.4591,66.6977,53.6536,94.8068,62.1399,609.0,Lower combined pressure
01017,,,,,,,,,Chambers,AL,10.7,9.9,8.6,16.2,18.3,22.7,11.5,,,0.7318,0.0,0.0,,,50.0154,,,,,,,,,55.8018,76.3532,71.6678,72.1583,72.615,49.0528,65.4093,84.8532,50.0154,,66.2748,65.4093,84.8532,62.1328,610.0,Lower combined pressure
18111,,,,,,,,,Newton,IN,11.2,10.0,8.3,15.9,17.8,24.8,9.9,,,0.7695,0.0,0.0,,,50.0154,,,,,,,,,77.4357,77.8924,63.1597,67.8112,62.7876,71.8539,49.7124,90.7264,50.0154,,70.1567,49.7124,90.7264,62.1169,611.0,Lower combined pressure
05131,,,,,,,,,Sebastian,AR,10.3,8.5,7.7,16.2,18.9,24.9,12.9,,,0.7532,0.0,0.0,,,50.0154,,,,,,,,,38.0751,52.6556,46.431,72.1583,82.3748,73.1225,75.5074,88.0989,50.0154,,60.8029,75.5074,88.0989,62.088,612.0,Lower combined pressure
39015,,,,,,,,,Brown,OH,11.4,10.4,8.7,16.1,18.9,27.3,8.7,,,0.6965,0.0,0.0,,,50.0154,,,,,,,,,83.7957,82.6793,74.002,70.8728,82.3748,91.6272,34.2524,79.1036,50.0154,,80.892,34.2524,79.1036,62.0843,613.0,High health vulnerability
37005,,,,,,,,,Alleghany,NC,10.8,11.6,10.5,16.6,16.4,25.3,12.4,,,0.5812,0.0,0.0,,,50.0154,,,,,,,,,60.2842,93.0988,96.5663,76.8606,35.4533,76.979,72.4797,60.0309,50.0154,,73.207,72.4797,60.0309,62.0766,614.0,Lower combined pressure
13175,,,,,,,,,Laurens,GA,11.1,9.4,8.2,16.4,18.8,20.3,14.3,,,0.6681,0.0,0.0,,,50.0154,,,,,,,,,73.5284,68.3694,60.3857,74.6448,80.7341,21.2957,82.9668,74.3122,50.0154,,63.1597,82.9668,74.3122,62.0299,615.0,Lower combined pressure
28123,,,,,,,,,Scott,MS,10.4,10.5,8.6,17.5,18.7,20.0,16.5,,,0.6148,0.0,0.0,,,50.0154,,,,,,,,,42.6928,83.7111,71.6678,87.2294,79.2456,17.8281,90.1218,65.7187,50.0154,,63.7291,90.1218,65.7187,62.0279,616.0,Lower combined pressure
48081,,,,,,,,,Coke,TX,10.1,9.9,9.6,16.4,16.9,22.9,16.8,,,0.6474,0.0,0.0,,,50.0154,,,,,,,,,29.2794,76.3532,89.3606,74.6448,44.5704,51.7253,91.0014,71.592,50.0154,,60.9889,91.0014,71.592,62.0149,617.0,Lower combined pressure
13155,,,,,,,,,Irwin,GA,10.7,9.6,8.3,17.0,18.8,21.5,15.2,,,0.6214,0.0,0.0,,,50.0154,,,,,,,,,55.8018,71.5663,63.1597,81.8166,80.7341,35.318,86.0622,67.0479,50.0154,,64.7327,86.0622,67.0479,61.9984,618.0,Lower combined pressure
45009,,,,,,,,,Bamberg,SC,10.9,9.9,8.7,16.7,17.7,20.1,14.1,,,0.6886,0.0,0.0,,,50.0154,,,,,,,,,64.4621,76.3532,74.002,77.9432,60.8424,18.9107,81.9689,77.7125,50.0154,,62.0856,81.9689,77.7125,61.9922,619.0,Lower combined pressure
01107,,,,,,,,,Pickens,AL,10.6,10.0,8.7,16.5,18.2,22.3,13.4,,,0.6534,0.0,0.0,,,50.0154,,,,,,,,,51.2686,77.8924,74.002,75.7442,70.6698,44.1137,78.366,72.3029,50.0154,,65.6151,78.366,72.3029,61.9671,620.0,Lower combined pressure
51520,,,,,,,6.3136,,Bristol,VA,11.3,10.0,8.7,16.6,18.3,25.6,9.6,,,0.7192,0.0,0.0,,,50.0154,,,,,58.9147,,,,80.8863,77.8924,74.002,76.8606,72.615,79.9222,46.6509,83.0603,50.0154,58.9147,77.0298,46.6509,83.0603,61.9619,621.0,High health vulnerability
28055,,,,,,,,,Issaquena,MS,9.7,9.5,7.8,16.2,19.2,16.8,21.3,,,0.8206,0.0,0.0,,,50.0154,,,,,,,,,13.5487,69.9763,49.0866,72.1583,85.9269,2.9939,96.3464,95.8887,50.0154,,48.9485,96.3464,95.8887,61.9537,622.0,Lower combined pressure
18103,,,,,,,,,Miami,IN,11.2,9.9,8.1,15.6,18.6,26.1,9.8,,,0.7224,0.0,0.0,,,50.0154,,,,,,,,,77.4357,76.3532,57.747,63.2273,77.9601,83.9986,48.7483,83.5858,50.0154,,72.787,48.7483,83.5858,61.913,623.0,Lower combined pressure
28013,,,,,,,,,Calhoun,MS,10.2,11.4,9.5,17.6,18.0,20.0,14.0,,,0.6489,0.0,0.0,,,50.0154,,,,,,,,,33.4405,91.7794,87.8383,88.2442,66.8978,17.8281,81.4107,71.8083,50.0154,,64.3381,81.4107,71.8083,61.8814,624.0,Lower combined pressure
35045,,,,,,,,0.044,San Juan,NM,12.0,9.2,8.3,18.3,19.4,23.4,12.9,,,0.6914,0.0,0.0,,,50.0154,,,,,,49.0885,,,93.9107,65.4093,63.1597,93.3356,87.8214,57.4256,75.5074,78.2998,50.0154,49.0885,76.8437,75.5074,78.2998,61.8684,625.0,High health vulnerability
41001,,,,,,,7.6637,,Baker,OR,11.9,9.1,9.0,15.7,16.7,25.7,7.7,,,0.6085,0.0,0.0,,,50.0154,,,,,83.5917,,,,92.9465,63.6333,79.5839,64.8512,40.8153,80.8525,18.7754,64.6059,50.0154,83.5917,70.4471,18.7754,64.6059,61.8525,626.0,Lower combined pressure
29039,,,,,,,5.0643,0.0457,Cedar,MO,10.9,12.2,9.9,18.0,18.3,25.2,10.2,,,0.6548,0.0,0.0,,,50.0154,,,,,42.2481,67.3177,,,64.4621,95.9405,92.4899,91.4242,72.615,76.0487,53.6536,72.4575,50.0154,54.7829,82.1634,53.6536,72.4575,61.8523,627.0,High health vulnerability
54025,,,,,,,,0.0431,Greenbrier,WV,12.3,12.4,10.1,18.9,20.8,29.4,9.2,,,0.7356,0.0,0.0,,,50.0154,,,,,,40.625,,,96.2618,96.7185,94.0291,96.2449,96.6847,96.1604,41.475,85.3787,50.0154,40.625,96.0166,41.475,85.3787,61.8504,628.0,High health vulnerability
72033,,,,,,,17.0471,,,,,,,,,,,,,-999.0,0.0,0.0,,,50.0154,,,,,100.0,,,,,,,,,,,1.9629,50.0154,100.0,,,1.9629,61.8476,629.0,Lower combined pressure
48207,,,,,,,,,Haskell,TX,10.0,9.0,8.2,16.1,17.7,22.9,20.2,,,0.702,0.0,0.0,,,50.0154,,,,,,,,,24.8816,61.8572,60.3857,70.8728,60.8424,51.7253,95.6867,80.1546,50.0154,,55.0942,95.6867,80.1546,61.8164,630.0,Lower combined pressure
18049,,,,,,,,,Fulton,IN,11.4,10.2,8.5,16.0,18.0,25.5,9.4,,,0.7163,0.0,0.0,,,50.0154,,,,,,,,,83.7957,80.2943,68.9276,69.3505,66.8978,79.1779,44.0291,82.6893,50.0154,,74.7406,44.0291,82.6893,61.8155,631.0,Lower combined pressure
40149,,,,,,,,,Washita,OK,11.2,9.3,8.4,15.1,17.2,24.9,10.9,,,0.7775,0.0,0.0,,,50.0154,,,,,,,,,77.4357,66.9486,66.0521,54.956,50.203,73.1225,59.8275,91.7465,50.0154,,64.7863,59.8275,91.7465,61.8115,632.0,Lower combined pressure
28097,,,,,,,,,Montgomery,MS,10.3,11.4,10.0,17.4,17.5,18.7,12.8,,,0.7131,0.0,0.0,,,50.0154,,,,,,,,,38.0751,91.7794,93.2848,86.0792,56.8166,8.5758,74.8647,82.1947,50.0154,,62.4352,74.8647,82.1947,61.7591,633.0,Lower combined pressure
40123,,,,,,,6.8473,0.0468,Pontotoc,OK,11.8,7.9,7.4,14.3,17.9,25.3,9.8,,,0.7183,0.0,0.0,,,50.0154,,,,,71.1886,79.5573,,,91.8133,40.8829,38.6671,40.3078,64.9019,76.979,48.7483,82.8748,50.0154,75.373,58.9253,48.7483,82.8748,61.7415,634.0,Lower combined pressure
01025,,,,,,,,,Clarke,AL,10.8,9.7,8.7,16.3,18.0,22.6,11.0,,,0.748,0.0,0.0,,,50.0154,,,,,,,,,60.2842,73.1055,74.002,73.4269,66.8978,47.7165,60.724,87.4189,50.0154,,65.9055,60.724,87.4189,61.727,635.0,Lower combined pressure
18139,,,,,,,,,Rush,IN,11.6,10.1,8.2,15.6,18.4,26.6,8.4,,,0.8044,0.0,0.0,,,50.0154,,,,,,,,,88.5149,79.1272,60.3857,63.2273,74.5264,87.4493,29.4147,94.4049,50.0154,,75.5385,29.4147,94.4049,61.6949,636.0,High health vulnerability
23021,,,,,,,,,Piscataquis,ME,12.6,11.2,10.1,17.3,17.8,26.2,9.2,,,0.5604,0.0,0.0,,,50.0154,,,,,,,,,97.8349,90.3248,94.0291,85.1488,62.7876,84.6245,41.475,56.6924,50.0154,,85.7916,41.475,56.6924,61.6924,637.0,High health vulnerability
40001,,,,,,,2.1191,0.0416,Adair,OK,13.6,11.7,9.6,19.1,21.2,26.3,13.5,,,0.8195,0.0,0.0,,,50.0154,,,,,18.863,27.2135,,,99.4926,93.5724,89.3606,96.9215,97.8857,85.2334,78.9073,95.796,50.0154,23.0383,93.7444,78.9073,95.796,61.6706,638.0,High health vulnerability
28107,,,,,,,,,Panola,MS,10.7,10.6,8.8,16.9,18.5,20.1,13.2,,,0.6464,0.0,0.0,,,50.0154,,,,,,,,,55.8018,84.8782,75.9303,80.5142,76.387,18.9107,77.5203,71.4374,50.0154,,65.4037,77.5203,71.4374,61.6684,639.0,Lower combined pressure
39029,,,,,,,,,Columbiana,OH,11.2,10.3,8.8,16.4,17.9,25.1,8.6,,,0.784,0.0,0.0,,,50.0154,,,,,,,,,77.4357,81.6137,75.9303,74.6448,64.9019,75.1691,32.6286,92.4575,50.0154,,74.9493,32.6286,92.4575,61.6674,640.0,Lower combined pressure
02158,,,,,,,,,Kusilvak,AK,14.7,11.6,8.5,22.4,24.5,23.5,18.1,,,-999.0,0.0,0.0,,,50.0154,,,,,,,,,99.9154,93.0988,68.9276,99.9154,99.9323,58.6265,93.5724,1.9629,50.0154,,86.736,93.5724,1.9629,61.6562,641.0,High health vulnerability
26023,,,,,,,,,Branch,MI,11.6,10.2,8.3,16.3,18.6,27.5,8.7,,,0.7001,0.0,0.0,,,50.0154,,,,,,,,,88.5149,80.2943,63.1597,73.4269,77.9601,92.5237,34.2524,79.8145,50.0154,,79.3133,34.2524,79.8145,61.6528,642.0,High health vulnerability
18007,,,,,,,,,Benton,IN,11.5,10.0,8.0,15.7,18.7,26.5,9.7,,,0.6854,0.0,0.0,,,50.0154,,,,,,,,,86.316,77.8924,55.0744,64.8512,79.2456,86.6543,47.7165,77.0634,50.0154,,75.0056,47.7165,77.0634,61.6454,643.0,High health vulnerability
13181,,,,,,,,,Lincoln,GA,10.7,10.7,9.8,17.5,17.5,20.3,13.1,,,0.6311,0.0,0.0,,,50.0154,,,,,,,,,55.8018,85.8762,91.5934,87.2294,56.8166,21.2957,76.9621,68.8717,50.0154,,66.4355,76.9621,68.8717,61.5958,644.0,Lower combined pressure
22003,,,,,,,,,Allen,LA,10.1,9.7,8.0,17.0,20.7,27.4,11.7,,,0.6184,0.0,0.0,,,50.0154,,,,,,,,,29.2794,73.1055,55.0744,81.8166,96.2957,92.067,67.1516,66.4915,50.0154,,71.2731,67.1516,66.4915,61.5829,645.0,Lower combined pressure
48289,,,,,,,,,Leon,TX,10.4,9.5,8.8,16.0,17.4,23.2,15.7,,,0.645,0.0,0.0,,,50.0154,,,,,,,,,42.6928,69.9763,75.9303,69.3505,54.364,55.1252,87.5,71.221,50.0154,,61.2399,87.5,71.221,61.5823,646.0,Lower combined pressure
48391,,,,,,,,,Refugio,TX,9.7,8.4,8.6,16.9,17.0,21.0,24.3,,,0.7829,0.0,0.0,,,50.0154,,,,,,,,,13.5487,50.592,71.6678,80.5142,46.3972,29.7361,97.5304,92.3338,50.0154,,48.7427,97.5304,92.3338,61.569,647.0,Lower combined pressure
30023,,,,,,,,,Deer Lodge,MT,11.3,9.8,8.8,16.6,17.3,24.2,10.7,,,0.679,0.0,0.0,,,50.0154,,,,,,,,,80.8863,74.7124,75.9303,76.8606,52.3681,65.6461,57.8654,75.8578,50.0154,,71.0673,57.8654,75.8578,61.525,648.0,Lower combined pressure
18055,,,,,,,6.5757,0.0443,Greene,IN,11.5,10.5,8.5,15.9,18.5,26.3,8.7,,,0.752,0.0,0.0,,,50.0154,,,,,64.9871,53.125,,,86.316,83.7111,68.9276,67.8112,76.387,85.2334,34.2524,87.7898,50.0154,59.056,78.0644,34.2524,87.7898,61.4889,649.0,High health vulnerability
06101,,,,,,,7.761,0.0481,Sutter,CA,10.0,6.8,6.8,15.3,17.9,21.5,11.9,,,0.7286,0.0,0.0,,,50.0154,,,,,84.1085,88.2812,,,24.8816,21.0927,25.406,58.7449,64.9019,35.318,68.8092,84.5131,50.0154,86.1949,38.3908,68.8092,84.5131,61.4833,650.0,Lower combined pressure
40129,,,,,,,,,Roger Mills,OK,11.2,9.9,9.3,15.6,17.1,24.6,10.0,,,0.7346,0.0,0.0,,,50.0154,,,,,,,,,77.4357,76.3532,84.7936,63.2273,48.0717,69.5873,50.8796,85.1623,50.0154,,69.9115,50.8796,85.1623,61.4489,651.0,Lower combined pressure
48193,,,,,,,,,Hamilton,TX,10.1,9.4,8.9,15.7,17.0,23.2,14.6,,,0.7264,0.0,0.0,,,50.0154,,,,,,,,,29.2794,68.3694,77.7233,64.8512,46.3972,55.1252,84.1171,84.2349,50.0154,,56.9576,84.1171,84.2349,61.439,652.0,Lower combined pressure
22069,,,,,,,,,Natchitoches,LA,10.9,9.0,7.7,15.9,21.0,27.9,8.9,,,0.7925,0.0,0.0,,,50.0154,,,,,,,,,64.4621,61.8572,46.431,67.8112,97.429,93.7246,37.297,93.4776,50.0154,,71.9525,37.297,93.4776,61.427,653.0,Lower combined pressure
13293,,,,,,,,,Upson,GA,10.9,9.5,8.1,16.8,19.0,21.2,14.1,,,0.6226,0.0,0.0,,,50.0154,,,,,,,,,64.4621,69.9763,57.747,79.1779,83.7788,32.3072,81.9689,67.2334,50.0154,,64.5749,81.9689,67.2334,61.4248,654.0,Lower combined pressure
55078,,,,,,,,,Menominee,WI,13.9,8.9,8.6,18.3,19.3,23.3,9.6,,,0.6311,0.0,0.0,,,50.0154,,,,,,,,,99.6617,60.1488,71.6678,93.3356,86.9587,56.2754,46.6509,68.9026,50.0154,,78.008,46.6509,68.9026,61.416,655.0,High health vulnerability
21071,,,,,,,,,Floyd,KY,,,,,,,,,,0.8178,0.0,0.0,,,50.0154,,,,,,,,,,,,,,,,95.5796,50.0154,,,,95.5796,61.4065,656.0,Lower combined pressure
28077,,,,,,,,,Lawrence,MS,10.5,11.8,9.6,17.9,18.5,20.6,13.6,,,0.5519,0.0,0.0,,,50.0154,,,,,,,,,46.9046,94.0798,89.3606,90.7476,76.387,25.3552,79.4317,54.8377,50.0154,,70.4725,79.4317,54.8377,61.3996,657.0,Lower combined pressure
05025,,,,,,,,,Cleveland,AR,10.5,10.3,9.3,17.3,18.6,24.6,10.1,,,0.6498,0.0,0.0,,,50.0154,,,,,,,,,46.9046,81.6137,84.7936,85.1488,77.9601,69.5873,52.3512,72.0556,50.0154,,74.3347,52.3512,72.0556,61.372,658.0,Lower combined pressure
21019,,,,,,,6.6066,0.0457,Boyd,KY,,,,,,,,,,0.7167,0.0,0.0,,,50.0154,,,,,65.6331,67.1875,,,,,,,,,,82.813,50.0154,66.4103,,,82.813,61.3669,659.0,Lower combined pressure
13279,,,,,,,,,Toombs,GA,10.8,9.1,7.7,16.6,19.0,20.8,16.6,,,0.6387,0.0,0.0,,,50.0154,,,,,,,,,60.2842,63.6333,46.431,76.8606,83.7788,27.4696,90.3755,70.0773,50.0154,,59.7429,90.3755,70.0773,61.3142,660.0,Lower combined pressure
45039,,,,,,,,,Fairfield,SC,10.7,10.3,9.1,17.0,17.2,20.6,13.6,,,0.6606,0.0,0.0,,,50.0154,,,,,,,,,55.8018,81.6137,81.4783,81.8166,50.203,25.3552,79.4317,73.4776,50.0154,,62.7114,79.4317,73.4776,61.2979,661.0,Lower combined pressure
12075,,,,,,,,,Levy,FL,10.3,11.0,9.9,17.4,18.5,19.0,15.5,,,0.5796,0.0,0.0,,,50.0154,,,,,,,,,38.0751,88.498,92.4899,86.0792,76.387,9.8275,86.908,59.6909,50.0154,,65.2261,86.908,59.6909,61.2947,662.0,Lower combined pressure
35051,,,,,,,,,Sierra,NM,10.1,11.9,12.7,19.4,15.1,22.0,14.7,,,0.6229,0.0,0.0,,,50.0154,,,,,,,,,29.2794,94.7395,99.8309,97.7334,15.8999,41.0183,84.5907,67.357,50.0154,,63.0836,84.5907,67.357,61.2937,663.0,Lower combined pressure
05015,,,,,,,,,Carroll,AR,9.8,10.4,9.7,17.6,17.5,24.2,13.7,,,0.5976,0.0,0.0,,,50.0154,,,,,,,,,16.6272,82.6793,90.6461,88.2442,56.8166,65.6461,79.956,62.7202,50.0154,,66.7766,79.956,62.7202,61.2885,664.0,Lower combined pressure
48273,,,,,,,9.3873,,Kleberg,TX,9.1,5.5,6.0,14.5,18.0,21.0,27.9,,,0.5543,0.0,0.0,,,50.0154,,,,,96.2532,,,,3.6874,6.6137,12.6522,43.8769,66.8978,29.7361,98.6806,55.3632,50.0154,96.2532,27.244,98.6806,55.3632,61.2833,665.0,Lower combined pressure
18087,,,,,,,,,LaGrange,IN,11.9,9.8,7.2,15.9,19.9,27.2,12.0,,,0.5297,0.0,0.0,,,50.0154,,,,,,,,,92.9465,74.7124,33.8464,67.8112,92.3038,91.1198,69.5196,51.3756,50.0154,,75.4567,69.5196,51.3756,61.2778,666.0,High health vulnerability
01091,,,,,,,,,Marengo,AL,11.0,9.9,9.0,16.4,17.8,22.3,11.5,,,0.668,0.0,0.0,,,50.0154,,,,,,,,,68.9953,76.3532,79.5839,74.6448,62.7876,44.1137,65.4093,74.2813,50.0154,,67.7464,65.4093,74.2813,61.2137,667.0,Lower combined pressure
28017,,,,,,,,,Chickasaw,MS,10.4,10.6,8.8,17.0,18.1,19.1,14.0,,,0.6785,0.0,0.0,,,50.0154,,,,,,,,,42.6928,84.8782,75.9303,81.8166,68.7415,10.3687,81.4107,75.7342,50.0154,,60.738,81.4107,75.7342,61.2048,668.0,Lower combined pressure
06049,,,,,,,,,Modoc,CA,10.8,9.9,10.0,17.4,17.4,23.9,8.6,,,0.8199,0.0,0.0,,,50.0154,,,,,,,,,60.2842,76.3532,93.2848,86.0792,54.364,62.703,32.6286,95.8578,50.0154,,72.1781,32.6286,95.8578,61.197,669.0,Lower combined pressure
18131,,,,,,,,,Pulaski,IN,11.2,10.2,8.6,15.7,17.9,25.5,8.9,,,0.7572,0.0,0.0,,,50.0154,,,,,,,,,77.4357,80.2943,71.6678,64.8512,64.9019,79.1779,37.297,88.9335,50.0154,,73.0548,37.297,88.9335,61.1885,670.0,Lower combined pressure
05033,,,,,,,,,Crawford,AR,10.3,9.2,8.1,16.5,19.0,26.1,11.6,,,0.6647,0.0,0.0,,,50.0154,,,,,,,,,38.0751,65.4093,57.747,75.7442,83.7788,83.9986,66.1874,73.9722,50.0154,,67.4588,66.1874,73.9722,61.1804,671.0,Lower combined pressure
41069,,,,,,,,,Wheeler,OR,12.2,11.4,11.3,17.8,16.2,25.3,8.5,,,0.6774,0.0,0.0,,,50.0154,,,,,,,,,95.5514,91.7794,98.8329,89.9019,32.1719,76.979,31.0047,75.456,50.0154,,80.8694,31.0047,75.456,61.1574,672.0,High health vulnerability
22053,,,,,,,,,Jefferson Davis,LA,10.4,9.9,8.1,17.0,20.5,28.4,9.1,,,0.71,0.0,0.0,,,50.0154,,,,,,,,,42.6928,76.3532,57.747,81.8166,95.4499,94.5365,40.1218,81.5765,50.0154,,74.766,40.1218,81.5765,61.1546,673.0,Lower combined pressure
54069,,,,,,,6.7242,0.0445,Ohio,WV,11.9,9.4,8.3,16.2,20.1,29.5,7.4,,,0.7569,0.0,0.0,,,50.0154,,,,,68.9922,54.9479,,,92.9465,68.3694,63.1597,72.1583,93.3863,96.3464,14.9188,88.8717,50.0154,61.9701,81.0611,14.9188,88.8717,61.1415,674.0,High health vulnerability
49007,,,,,,,3.6886,0.0468,Carbon,UT,11.5,7.7,7.4,15.9,17.8,28.5,11.8,,,0.7995,0.0,0.0,,,50.0154,,,,,31.137,79.1667,,,86.316,36.9249,38.6671,67.8112,62.7876,94.6549,68.0988,93.9722,50.0154,55.1518,64.527,68.0988,93.9722,61.1314,675.0,Lower combined pressure
13257,,,,,,,,,Stephens,GA,10.5,9.6,8.3,16.5,18.7,22.1,13.7,,,0.6411,0.0,0.0,,,50.0154,,,,,,,,,46.9046,71.5663,63.1597,75.7442,79.2456,42.1516,79.956,70.6491,50.0154,,63.1287,79.956,70.6491,61.1297,676.0,Lower combined pressure
29163,,,,,,,,,Pike,MO,10.6,10.3,8.3,16.5,18.5,24.1,10.8,,,0.6879,0.0,0.0,,,50.0154,,,,,,,,,51.2686,81.6137,63.1597,75.7442,76.387,64.5636,58.8802,77.527,50.0154,,68.7895,58.8802,77.527,61.1236,677.0,Lower combined pressure
28025,,,,,,,,,Clay,MS,10.6,10.3,8.8,16.8,17.8,18.1,13.1,,,0.7143,0.0,0.0,,,50.0154,,,,,,,,,51.2686,81.6137,75.9303,79.1779,62.7876,6.7321,76.9621,82.3338,50.0154,,59.585,76.9621,82.3338,61.1073,678.0,Lower combined pressure
37017,,,,,,,,,Bladen,NC,11.6,10.0,9.1,15.6,17.4,24.2,12.0,,,0.5764,0.0,0.0,,,50.0154,,,,,,,,,88.5149,77.8924,81.4783,63.2273,54.364,65.6461,69.5196,59.0726,50.0154,,71.8539,69.5196,59.0726,61.1031,679.0,Lower combined pressure
29065,,,,,,,,,Dent,MO,10.8,11.2,9.2,17.3,17.9,24.4,9.8,,,0.6463,0.0,0.0,,,50.0154,,,,,,,,,60.2842,90.3248,83.2544,85.1488,64.9019,67.5406,48.7483,71.2828,50.0154,,75.2424,48.7483,71.2828,61.0911,680.0,High health vulnerability
28135,,,,,,,,,Tallahatchie,MS,10.3,10.2,8.6,16.9,18.1,18.5,15.8,,,0.6776,0.0,0.0,,,50.0154,,,,,,,,,38.0751,80.2943,71.6678,80.5142,68.7415,7.7808,87.9398,75.5178,50.0154,,57.8456,87.9398,75.5178,61.0824,681.0,Lower combined pressure
45029,,,,,,,,,Colleton,SC,10.8,10.0,8.4,16.7,17.8,22.6,13.8,,,0.6054,0.0,0.0,,,50.0154,,,,,,,,,60.2842,77.8924,66.0521,77.9432,62.7876,47.7165,80.362,63.9876,50.0154,,65.446,80.362,63.9876,61.0681,682.0,Lower combined pressure
39019,,,,,,,,,Carroll,OH,11.1,10.5,9.1,16.4,18.3,25.5,8.4,,,0.73,0.0,0.0,,,50.0154,,,,,,,,,73.5284,83.7111,81.4783,74.6448,72.615,79.1779,29.4147,84.6368,50.0154,,77.5259,29.4147,84.6368,61.055,683.0,High health vulnerability
48137,,,,,,,,,Edwards,TX,9.5,9.9,10.5,17.8,15.5,20.1,25.2,,,0.7016,0.0,0.0,,,50.0154,,,,,,,,,9.6583,76.3532,96.5663,89.9019,20.6867,18.9107,97.7503,80.0309,50.0154,,52.0129,97.7503,80.0309,61.048,684.0,Lower combined pressure
18119,,,,,,,,,Owen,IN,11.5,10.3,8.4,15.8,18.0,26.5,8.4,,,0.7592,0.0,0.0,,,50.0154,,,,,,,,,86.316,81.6137,66.0521,66.3904,66.8978,86.6543,29.4147,89.2117,50.0154,,75.654,29.4147,89.2117,61.041,685.0,High health vulnerability
13267,,,,,,,,,Tattnall,GA,10.4,9.5,7.9,17.0,19.5,20.2,18.7,,,0.6134,0.0,0.0,,,50.0154,,,,,,,,,42.6928,69.9763,52.1313,81.8166,88.7009,20.1116,94.2828,65.3787,50.0154,,59.2383,94.2828,65.3787,61.0405,686.0,Lower combined pressure
18067,,,,,,,6.7973,0.0472,Howard,IN,11.6,9.4,7.7,15.0,17.8,25.3,8.4,,,0.6705,0.0,0.0,,,50.0154,,,,,70.5426,82.4219,,,88.5149,68.3694,46.431,53.0277,62.7876,76.979,29.4147,74.6522,50.0154,76.4823,66.0183,29.4147,74.6522,61.0365,687.0,Lower combined pressure
37177,,,,,,,,,Tyrrell,NC,11.1,10.6,9.7,16.2,17.0,22.9,14.1,,,0.5263,0.0,0.0,,,50.0154,,,,,,,,,73.5284,84.8782,90.6461,72.1583,46.3972,51.7253,81.9689,50.9428,50.0154,,69.8889,81.9689,50.9428,61.024,688.0,Lower combined pressure
05005,,,,,,,,,Baxter,AR,10.2,11.5,11.1,17.9,17.2,25.7,10.0,,,0.6418,0.0,0.0,,,50.0154,,,,,,,,,33.4405,92.4729,98.4608,90.7476,50.203,80.8525,50.8796,70.8192,50.0154,,74.3629,50.8796,70.8192,61.0203,689.0,Lower combined pressure
08115,,,,,,,,,Sedgwick,CO,11.1,9.1,9.3,15.7,15.6,21.9,12.0,,,0.785,0.0,0.0,,,50.0154,,,,,,,,,73.5284,63.6333,84.7936,64.8512,22.0737,39.885,69.5196,92.6739,50.0154,,58.1275,69.5196,92.6739,61.0078,690.0,Lower combined pressure
41065,,,,,,,5.6347,,Wasco,OR,12.1,8.6,7.9,15.9,17.9,26.4,11.4,,,0.8924,0.0,0.0,,,50.0154,,,,,48.3204,,,,94.7226,54.6854,52.1313,67.8112,64.9019,85.8593,64.6313,99.5054,50.0154,48.3204,70.0186,64.6313,99.5054,61.003,691.0,Lower combined pressure
13093,,,,,,,,,Dooly,GA,10.5,9.2,8.6,16.5,17.5,17.8,16.9,,,0.7104,0.0,0.0,,,50.0154,,,,,,,,,46.9046,65.4093,71.6678,75.7442,56.8166,5.8525,91.2889,81.6383,50.0154,,53.7325,91.2889,81.6383,60.974,692.0,Lower combined pressure
35011,,,,,,,,,De Baca,NM,10.0,8.8,9.8,17.2,15.4,22.5,15.3,,,0.7353,0.0,0.0,,,50.0154,,,,,,,,,24.8816,58.2206,91.5934,84.3031,19.2828,46.3464,86.4344,85.3478,50.0154,,54.1046,86.4344,85.3478,60.9453,693.0,Lower combined pressure
51035,,,,,,,,,Carroll,VA,11.1,11.1,9.9,17.7,17.8,25.8,10.0,,,0.5362,0.0,0.0,,,50.0154,,,,,,,,,73.5284,89.4621,92.4899,89.0054,62.7876,81.8166,50.8796,52.3338,50.0154,,81.515,50.8796,52.3338,60.9396,694.0,High health vulnerability
37057,,,,,,,7.7632,,Davidson,NC,11.0,8.7,7.6,14.2,17.5,25.6,11.1,,,0.4732,0.0,0.0,,,50.0154,,,,,84.2377,,,,68.9953,56.4445,43.8092,38.498,56.8166,79.9222,61.6204,43.2148,50.0154,84.2377,57.4143,61.6204,43.2148,60.9012,695.0,Lower combined pressure
48327,,,,,,,,,Menard,TX,9.7,9.8,10.3,17.0,15.3,20.9,20.5,,,0.705,0.0,0.0,,,50.0154,,,,,,,,,13.5487,74.7124,95.3654,81.8166,18.0819,28.5521,95.8728,80.7728,50.0154,,52.0129,95.8728,80.7728,60.8965,696.0,Lower combined pressure
37171,,,,,,,,,Surry,NC,11.2,10.1,8.7,15.5,17.7,27.0,12.5,,,0.5108,0.0,0.0,,,50.0154,,,,,,,,,77.4357,79.1272,74.002,61.6204,60.8424,90.0203,73.1901,48.779,50.0154,,73.8413,73.1901,48.779,60.8825,697.0,Lower combined pressure
13119,,,,,,,,,Franklin,GA,10.6,9.6,8.2,16.8,19.0,22.6,14.1,,,0.5834,0.0,0.0,,,50.0154,,,,,,,,,51.2686,71.5663,60.3857,79.1779,83.7788,47.7165,81.9689,60.34,50.0154,,65.649,81.9689,60.34,60.8637,698.0,Lower combined pressure
51840,,,,,,,,,Winchester,VA,10.9,8.3,7.4,15.5,18.3,24.2,12.7,,,0.7359,0.0,0.0,,,50.0154,,,,,,,,,64.4621,48.6637,38.6671,61.6204,72.615,65.6461,74.3234,85.5023,50.0154,,58.6124,74.3234,85.5023,60.8537,699.0,Lower combined pressure
24001,,,,,,,,,Allegany,MD,11.3,9.7,7.9,15.5,18.9,25.7,9.4,,,0.7151,0.0,0.0,,,50.0154,,,,,,,,,80.8863,73.1055,52.1313,61.6204,82.3748,80.8525,44.0291,82.5657,50.0154,,71.8285,44.0291,82.5657,60.8283,700.0,Lower combined pressure
45007,,,,,,,,0.048,Anderson,SC,10.2,8.2,7.2,15.0,17.7,25.9,12.2,,,0.4397,0.0,0.0,,,50.0154,,,,,,87.7604,,,33.4405,46.8539,33.8464,53.0277,60.8424,82.5947,70.9912,38.3617,50.0154,87.7604,51.7676,70.9912,38.3617,60.8219,701.0,Lower combined pressure
48275,,,,,,,,,Knox,TX,10.1,8.7,8.2,16.1,17.5,22.6,19.1,,,0.6872,0.0,0.0,,,50.0154,,,,,,,,,29.2794,56.4445,60.3857,70.8728,56.8166,47.7165,94.7395,77.3725,50.0154,,53.5859,94.7395,77.3725,60.8164,702.0,Lower combined pressure
18117,,,,,,,,,Orange,IN,11.5,10.5,8.5,16.0,18.6,26.9,8.9,,,0.6407,0.0,0.0,,,50.0154,,,,,,,,,86.316,83.7111,68.9276,69.3505,77.9601,89.3437,37.297,70.6028,50.0154,,79.2682,37.297,70.6028,60.8155,703.0,High health vulnerability
40125,,,,,,,,,Pottawatomie,OK,12.3,8.9,7.5,15.2,19.2,25.9,10.3,,,0.675,0.0,0.0,,,50.0154,,,,,,,,,96.2618,60.1488,41.0859,56.8843,85.9269,82.5947,54.7023,75.1159,50.0154,,70.4838,54.7023,75.1159,60.8098,704.0,Lower combined pressure
20077,,,,,,,,,Harper,KS,10.4,10.6,9.3,15.8,17.0,21.7,11.4,,,0.7655,0.0,0.0,,,50.0154,,,,,,,,,42.6928,84.8782,84.7936,66.3904,46.3972,37.7368,64.6313,90.17,50.0154,,60.4815,64.6313,90.17,60.8068,705.0,Lower combined pressure
13125,,,,,,,,,Glascock,GA,10.5,9.4,7.9,16.5,18.8,22.5,13.1,,,0.6715,0.0,0.0,,,50.0154,,,,,,,,,46.9046,68.3694,52.1313,75.7442,80.7341,46.3464,76.9621,74.7759,50.0154,,61.705,76.9621,74.7759,60.8062,706.0,Lower combined pressure
21159,,,,,,,,,Martin,KY,,,,,,,,,,0.7905,0.0,0.0,,,50.0154,,,,,,,,,,,,,,,,93.1685,50.0154,,,,93.1685,60.8037,707.0,Lower combined pressure
41031,,,,,,,6.6825,,Jefferson,OR,12.1,8.0,7.6,15.6,18.1,25.5,11.2,,,0.5962,0.0,0.0,,,50.0154,,,,,67.5711,,,,94.7226,42.7436,43.8092,63.2273,68.7415,79.1779,62.703,62.5039,50.0154,67.5711,65.4037,62.703,62.5039,60.769,708.0,Lower combined pressure
39171,,,,,,,,,Williams,OH,11.1,9.5,8.3,15.3,18.2,25.8,9.0,,,0.7856,0.0,0.0,,,50.0154,,,,,,,,,73.5284,69.9763,63.1597,58.7449,70.6698,81.8166,38.7348,92.8284,50.0154,,69.6493,38.7348,92.8284,60.7644,709.0,Lower combined pressure
17065,,,,,,,7.8328,0.0458,Hamilton,IL,10.7,10.1,8.7,15.7,17.8,23.3,8.3,,,0.6595,0.0,0.0,,,50.0154,,,,,85.0129,69.1406,,,55.8018,79.1272,74.002,64.8512,62.7876,56.2754,27.8417,73.2612,50.0154,77.0768,65.4742,27.8417,73.2612,60.7526,710.0,Lower combined pressure
05145,,,,,,,,,White,AR,10.6,9.3,7.9,16.1,19.6,26.3,10.9,,,0.6534,0.0,0.0,,,50.0154,,,,,,,,,51.2686,66.9486,52.1313,70.8728,89.6989,85.2334,59.8275,72.3338,50.0154,,69.3589,59.8275,72.3338,60.7473,711.0,Lower combined pressure
05039,,,,,,,,,Dallas,AR,10.6,9.5,9.2,16.8,17.6,21.7,11.1,,,0.7351,0.0,0.0,,,50.0154,,,,,,,,,51.2686,69.9763,83.2544,79.1779,59.0325,37.7368,61.6204,85.255,50.0154,,63.4078,61.6204,85.255,60.7255,712.0,Lower combined pressure
29201,,,,,,,,,Scott,MO,11.0,9.9,7.8,15.9,18.2,24.6,9.8,,,0.7561,0.0,0.0,,,50.0154,,,,,,,,,68.9953,76.3532,49.0866,67.8112,70.6698,69.5873,48.7483,88.7481,50.0154,,67.0839,48.7483,88.7481,60.7003,713.0,Lower combined pressure
18091,,,,,,,7.0172,0.0458,LaPorte,IN,11.0,9.2,7.7,15.2,17.7,24.5,9.5,,,0.6992,0.0,0.0,,,50.0154,,,,,74.4186,68.8802,,,68.9953,65.4093,46.431,56.8843,60.8424,68.4709,45.3484,79.5363,50.0154,71.6494,61.1722,45.3484,79.5363,60.6985,714.0,Lower combined pressure
28065,,,,,,,,,Jefferson Davis,MS,10.7,11.6,10.3,17.5,17.4,17.8,12.9,,,0.6184,0.0,0.0,,,50.0154,,,,,,,,,55.8018,93.0988,95.3654,87.2294,54.364,5.8525,75.5074,66.4606,50.0154,,65.2853,75.5074,66.4606,60.697,715.0,Lower combined pressure
12065,,,,,,,,,Jefferson,FL,10.3,10.3,9.3,17.0,17.2,17.5,14.1,,,0.7041,0.0,0.0,,,50.0154,,,,,,,,,38.0751,81.6137,84.7936,81.8166,50.203,4.8545,81.9689,80.6182,50.0154,,56.8928,81.9689,80.6182,60.6487,716.0,Lower combined pressure
39139,,,,,,,,,Richland,OH,11.0,9.7,8.3,15.6,18.8,26.2,9.2,,,0.7147,0.0,0.0,,,50.0154,,,,,,,,,68.9953,73.1055,63.1597,63.2273,80.7341,84.6245,41.475,82.473,50.0154,,72.3077,41.475,82.473,60.6351,717.0,Lower combined pressure
48365,,,,,,,,,Panola,TX,10.7,8.4,7.5,14.9,18.1,23.5,13.9,,,0.7496,0.0,0.0,,,50.0154,,,,,,,,,55.8018,50.592,41.0859,51.1671,68.7415,58.6265,80.8356,87.6043,50.0154,,54.3358,80.8356,87.6043,60.5768,718.0,Lower combined pressure
48347,,,,,,,,,Nacogdoches,TX,10.9,7.9,6.8,14.7,19.8,24.4,16.7,,,0.6587,0.0,0.0,,,50.0154,,,,,,,,,64.4621,40.8829,25.406,47.3106,91.475,67.5406,90.68,73.0757,50.0154,,56.1795,90.68,73.0757,60.5668,719.0,Lower combined pressure
48125,,,,,,,,,Dickens,TX,9.9,9.8,9.6,16.7,16.4,21.9,18.7,,,0.6318,0.0,0.0,,,50.0154,,,,,,,,,20.5514,74.7124,89.3606,77.9432,35.4533,39.885,94.2828,69.0572,50.0154,,56.3177,94.2828,69.0572,60.5574,720.0,Lower combined pressure
01041,,,,,,,,,Crenshaw,AL,10.5,9.9,8.5,16.1,18.0,23.8,11.2,,,0.6893,0.0,0.0,,,50.0154,,,,,,,,,46.9046,76.3532,68.9276,70.8728,66.8978,61.8234,62.703,78.0216,50.0154,,65.2966,62.703,78.0216,60.535,721.0,Lower combined pressure
28159,,,,,,,,,Winston,MS,10.3,11.0,9.6,16.8,17.7,18.7,13.1,,,0.6744,0.0,0.0,,,50.0154,,,,,,,,,38.0751,88.498,89.3606,79.1779,60.8424,8.5758,76.9621,75.0541,50.0154,,60.755,76.9621,75.0541,60.5266,722.0,Lower combined pressure
37061,,,,,,,,,Duplin,NC,11.2,9.4,8.4,15.4,17.3,23.4,15.8,,,0.5618,0.0,0.0,,,50.0154,,,,,,,,,77.4357,68.3694,66.0521,60.2334,52.3681,57.4256,87.9398,56.8161,50.0154,,63.6474,87.9398,56.8161,60.5227,723.0,Lower combined pressure
26129,,,,,,,,,Ogemaw,MI,11.7,12.0,10.1,17.4,17.8,27.5,7.4,,,0.6493,0.0,0.0,,,50.0154,,,,,,,,,90.3586,95.2131,94.0291,86.0792,62.7876,92.5237,14.9188,71.8702,50.0154,,86.8319,14.9188,71.8702,60.522,724.0,High health vulnerability
05115,,,,,,,,,Pope,AR,10.6,9.1,7.7,15.8,19.3,24.6,12.1,,,0.6605,0.0,0.0,,,50.0154,,,,,,,,,51.2686,63.6333,46.431,66.3904,86.9587,69.5873,70.2639,73.4158,50.0154,,64.0449,70.2639,73.4158,60.5117,725.0,Lower combined pressure
16033,,,,,,,,,Clark,ID,10.4,8.3,8.5,16.3,15.7,20.4,19.5,,,0.7806,0.0,0.0,,,50.0154,,,,,,,,,42.6928,48.6637,68.9276,73.4269,23.41,22.6658,95.1455,92.0556,50.0154,,46.6311,95.1455,92.0556,60.51,726.0,Lower combined pressure
48083,,,,,,,,,Coleman,TX,10.2,9.4,9.0,16.0,17.0,23.3,14.5,,,0.6563,0.0,0.0,,,50.0154,,,,,,,,,33.4405,68.3694,79.5839,69.3505,46.3972,56.2754,83.6604,72.7357,50.0154,,58.9028,83.6604,72.7357,60.4932,727.0,Lower combined pressure
48161,,,,,,,,,Freestone,TX,10.3,8.6,7.9,15.3,17.7,22.7,16.1,,,0.7252,0.0,0.0,,,50.0154,,,,,,,,,38.0751,54.6854,52.1313,58.7449,60.8424,49.0528,88.9885,84.0185,50.0154,,52.2553,88.9885,84.0185,60.4922,728.0,Lower combined pressure
30037,,,,,,,,,Golden Valley,MT,11.3,11.1,10.6,17.8,16.3,23.0,11.0,,,0.5705,0.0,0.0,,,50.0154,,,,,,,,,80.8863,89.4621,96.9384,89.9019,33.8802,52.8417,60.724,57.898,50.0154,,73.9851,60.724,57.898,60.4841,729.0,Lower combined pressure
37161,,,,,,,,,Rutherford,NC,11.3,10.3,8.9,15.6,17.7,26.7,11.2,,,0.5358,0.0,0.0,,,50.0154,,,,,,,,,80.8863,81.6137,77.7233,63.2273,60.8424,88.0582,62.703,52.2411,50.0154,,75.3919,62.703,52.2411,60.4627,730.0,High health vulnerability
12023,,,,,,,8.8258,0.0402,Columbia,FL,10.3,10.1,8.9,16.7,18.2,20.1,15.5,,,0.6831,0.0,0.0,,,50.0154,,,,,93.9276,17.9688,,,38.0751,79.1272,77.7233,77.9432,70.6698,18.9107,86.908,76.7233,50.0154,55.9482,60.4082,86.908,76.7233,60.4569,731.0,Lower combined pressure
51007,,,,,,,,,Amelia,VA,11.4,9.7,8.5,16.6,18.0,23.4,10.3,,,0.6411,0.0,0.0,,,50.0154,,,,,,,,,83.7957,73.1055,68.9276,76.8606,66.8978,57.4256,54.7023,70.6491,50.0154,,71.1688,54.7023,70.6491,60.4426,732.0,Lower combined pressure
51117,,,,,,,,,Mecklenburg,VA,11.4,10.3,9.6,17.0,16.7,22.7,10.1,,,0.659,0.0,0.0,,,50.0154,,,,,,,,,83.7957,81.6137,89.3606,81.8166,40.8153,49.0528,52.3512,73.1994,50.0154,,71.0758,52.3512,73.1994,60.4382,733.0,Lower combined pressure
37163,,,,,,,,,Sampson,NC,11.3,9.2,8.1,15.5,18.1,24.5,15.4,,,0.5101,0.0,0.0,,,50.0154,,,,,,,,,80.8863,65.4093,57.747,61.6204,68.7415,68.4709,86.705,48.6244,50.0154,,67.1459,86.705,48.6244,60.4321,734.0,Lower combined pressure
26149,,,,,,,,,St. Joseph,MI,11.6,9.6,7.8,15.5,18.5,27.5,8.8,,,0.7258,0.0,0.0,,,50.0154,,,,,,,,,88.5149,71.5663,49.0866,61.6204,76.387,92.5237,35.8085,84.1113,50.0154,,73.2832,35.8085,84.1113,60.4232,735.0,Lower combined pressure
37041,,,,,,,,,Chowan,NC,11.5,10.5,9.5,15.8,16.7,23.5,11.2,,,0.6042,0.0,0.0,,,50.0154,,,,,,,,,86.316,83.7111,87.8383,66.3904,40.8153,58.6265,62.703,63.8022,50.0154,,70.6163,62.703,63.8022,60.4123,736.0,Lower combined pressure
40103,,,,,,,,,Noble,OK,11.5,8.8,8.2,15.2,17.3,25.3,9.4,,,0.8217,0.0,0.0,,,50.0154,,,,,,,,,86.316,58.2206,60.3857,56.8843,52.3681,76.979,44.0291,95.9815,50.0154,,65.1923,44.0291,95.9815,60.405,737.0,Lower combined pressure
28091,,,,,,,,,Marion,MS,10.3,10.6,8.8,16.9,18.1,20.4,12.8,,,0.6613,0.0,0.0,,,50.0154,,,,,,,,,38.0751,84.8782,75.9303,80.5142,68.7415,22.6658,74.8647,73.5703,50.0154,,61.8009,74.8647,73.5703,60.3978,738.0,Lower combined pressure
48505,,,,,,,,,Zapata,TX,9.2,7.8,8.4,20.0,18.8,20.4,42.8,,,0.6569,0.0,0.0,,,50.0154,,,,,,,,,5.1421,38.887,66.0521,98.6806,80.7341,22.6658,99.9662,72.8594,50.0154,,52.027,99.9662,72.8594,60.3919,739.0,Lower combined pressure
05079,,,,,,,,,Lincoln,AR,9.8,8.8,7.6,16.0,19.4,22.0,14.7,,,0.7391,0.0,0.0,,,50.0154,,,,,,,,,16.6272,58.2206,43.8092,69.3505,87.8214,41.0183,84.5907,86.1515,50.0154,,52.8078,84.5907,86.1515,60.3744,740.0,Lower combined pressure
48133,,,,,,,,,Eastland,TX,10.3,9.1,8.2,15.6,18.0,24.1,15.9,,,0.6129,0.0,0.0,,,50.0154,,,,,,,,,38.0751,63.6333,60.3857,63.2273,66.8978,64.5636,88.3288,65.2859,50.0154,,59.4638,88.3288,65.2859,60.3094,741.0,Lower combined pressure
49037,,,,,,,0.1449,0.0473,San Juan,UT,13.3,8.9,8.0,18.6,20.5,26.4,12.0,,,0.6564,0.0,0.0,,,50.0154,,,,,1.0336,83.9844,,,99.2219,60.1488,55.0744,94.8748,95.4499,85.8593,69.5196,72.7666,50.0154,42.509,81.7715,69.5196,72.7666,60.3034,742.0,High health vulnerability
47167,,,,,,,,,Tipton,TN,11.3,8.9,7.0,15.5,20.0,28.7,11.5,,,0.5923,0.0,0.0,,,50.0154,,,,,,,,,80.8863,60.1488,29.161,61.6204,92.8112,94.8579,65.4093,61.7929,50.0154,,69.9143,65.4093,61.7929,60.2712,743.0,Lower combined pressure
48307,,,,,,,,,McCulloch,TX,10.0,8.9,8.6,16.0,17.0,22.7,19.0,,,0.6598,0.0,0.0,,,50.0154,,,,,,,,,24.8816,60.1488,71.6678,69.3505,46.3972,49.0528,94.6211,73.323,50.0154,,53.5831,94.6211,73.323,60.2598,744.0,Lower combined pressure
48433,,,,,,,,,Stonewall,TX,10.0,9.6,9.4,16.4,16.6,22.1,17.2,,,0.6335,0.0,0.0,,,50.0154,,,,,,,,,24.8816,71.5663,86.316,74.6448,38.7855,42.1516,91.6779,69.2427,50.0154,,56.391,91.6779,69.2427,60.2592,745.0,Lower combined pressure
29045,,,,,,,,,Clark,MO,10.8,11.7,9.5,17.7,18.5,25.4,9.9,,,0.5197,0.0,0.0,,,50.0154,,,,,,,,,60.2842,93.5724,87.8383,89.0054,76.387,78.1461,49.7124,49.9536,50.0154,,80.8722,49.7124,49.9536,60.2524,746.0,High health vulnerability
48331,,,,,,,,,Milam,TX,10.1,8.5,8.0,15.5,17.3,22.7,17.6,,,0.726,0.0,0.0,,,50.0154,,,,,,,,,29.2794,52.6556,55.0744,61.6204,52.3681,49.0528,92.5744,84.1731,50.0154,,50.0085,92.5744,84.1731,60.242,747.0,Lower combined pressure
12125,,,,,,,,,Union,FL,10.3,10.0,8.5,17.0,19.5,20.2,17.3,,,0.5413,0.0,0.0,,,50.0154,,,,,,,,,38.0751,77.8924,68.9276,81.8166,88.7009,20.1116,91.9317,53.2612,50.0154,,62.5874,91.9317,53.2612,60.2277,748.0,Lower combined pressure
21145,,,,,,,6.8943,0.0452,McCracken,KY,,,,,,,,,,0.658,0.0,0.0,,,50.0154,,,,,71.8346,62.8906,,,,,,,,,,72.9521,50.0154,67.3626,,,72.9521,60.2161,749.0,Lower combined pressure
45083,,,,,,,8.9614,0.049,Spartanburg,SC,9.7,7.5,6.5,14.3,17.3,24.1,13.0,,,0.5226,0.0,0.0,,,50.0154,,,,,94.5736,91.1458,,,13.5487,33.1698,19.5873,40.3078,52.3681,64.5636,76.2686,50.2628,50.0154,92.8597,37.2576,76.2686,50.2628,60.1871,750.0,Lower combined pressure
48107,,,,,,,,,Crosby,TX,9.7,8.6,8.4,17.3,17.8,21.6,27.2,,,0.6391,0.0,0.0,,,50.0154,,,,,,,,,13.5487,54.6854,66.0521,85.1488,62.7876,36.502,98.3762,70.17,50.0154,,53.1208,98.3762,70.17,60.1859,751.0,Lower combined pressure
26127,,,,,,,,,Oceana,MI,11.3,10.0,8.7,16.3,17.5,26.4,9.3,,,0.6463,0.0,0.0,,,50.0154,,,,,,,,,80.8863,77.8924,74.002,73.4269,56.8166,85.8593,42.7943,71.3138,50.0154,,74.8139,42.7943,71.3138,60.1586,752.0,Lower combined pressure
21059,,,,,,,6.9825,,Daviess,KY,,,,,,,,,,0.5572,0.0,0.0,,,50.0154,,,,,73.9018,,,,,,,,,,,56.1051,50.0154,73.9018,,,56.1051,60.1394,753.0,Lower combined pressure
48461,,,,,,,,,Upton,TX,9.8,8.0,7.7,17.0,18.5,21.9,27.2,,,0.6786,0.0,0.0,,,50.0154,,,,,,,,,16.6272,42.7436,46.431,81.8166,76.387,39.885,98.3762,75.7651,50.0154,,50.6484,98.3762,75.7651,60.1078,754.0,Lower combined pressure
39157,,,,,,,,,Tuscarawas,OH,11.2,9.7,8.2,15.0,18.4,24.9,9.1,,,0.7551,0.0,0.0,,,50.0154,,,,,,,,,77.4357,73.1055,60.3857,53.0277,74.5264,73.1225,40.1218,88.5317,50.0154,,68.6006,40.1218,88.5317,60.0268,755.0,Lower combined pressure
37193,,,,,,,,,Wilkes,NC,11.0,10.4,9.0,15.7,17.5,26.8,11.8,,,0.5043,0.0,0.0,,,50.0154,,,,,,,,,68.9953,82.6793,79.5839,64.8512,56.8166,88.6502,68.0988,48.0062,50.0154,,73.5961,68.0988,48.0062,60.0189,756.0,Lower combined pressure
48237,,,,,,,,,Jack,TX,10.2,8.8,7.6,15.7,18.9,24.0,18.0,,,0.5946,0.0,0.0,,,50.0154,,,,,,,,,33.4405,58.2206,43.8092,64.8512,82.3748,63.6164,93.3187,62.2875,50.0154,,57.7188,93.3187,62.2875,59.9932,757.0,Lower combined pressure
28093,,,,,,,,,Marshall,MS,10.4,10.5,8.7,17.1,18.3,19.4,14.2,,,0.6033,0.0,0.0,,,50.0154,,,,,,,,,42.6928,83.7111,74.002,83.2206,72.615,12.5677,82.5101,63.6785,50.0154,,61.4682,82.5101,63.6785,59.9874,758.0,Lower combined pressure
13277,,,,,,,,,Tift,GA,10.7,8.6,7.4,16.2,19.1,21.0,16.1,,,0.6394,0.0,0.0,,,50.0154,,,,,,,,,55.8018,54.6854,38.6671,72.1583,84.8951,29.7361,88.9885,70.2009,50.0154,,55.9906,88.9885,70.2009,59.895,759.0,Lower combined pressure
48427,,,,,,,,,Starr,TX,9.3,7.2,7.6,19.9,19.5,21.2,43.5,,,0.6746,0.0,0.0,,,50.0154,,,,,,,,,6.6475,27.6894,43.8092,98.5453,88.7009,32.3072,100.0,75.085,50.0154,,49.6166,100.0,75.085,59.8897,760.0,Lower combined pressure
29203,,,,,,,,,Shannon,MO,10.9,11.7,9.5,17.6,18.1,24.9,10.1,,,0.5074,0.0,0.0,,,50.0154,,,,,,,,,64.4621,93.5724,87.8383,88.2442,68.7415,73.1225,52.3512,48.4389,50.0154,,79.3302,52.3512,48.4389,59.8882,761.0,High health vulnerability
21115,,,,,,,,,Johnson,KY,,,,,,,,,,0.7611,0.0,0.0,,,50.0154,,,,,,,,,,,,,,,,89.49,50.0154,,,,89.49,59.884,762.0,Lower combined pressure
40087,,,,,,,,0.0519,McClain,OK,11.1,7.1,6.6,13.5,17.1,25.2,9.8,,,0.4784,0.0,0.0,,,50.0154,,,,,,97.1354,,,73.5284,25.9303,21.4141,26.6407,48.0717,76.0487,48.7483,43.9567,50.0154,97.1354,45.2723,48.7483,43.9567,59.8771,763.0,Lower combined pressure
18123,,,,,,,,0.0469,Perry,IN,11.0,9.2,7.7,14.7,17.9,25.2,8.5,,,0.5934,0.0,0.0,,,50.0154,,,,,,80.7292,,,68.9953,65.4093,46.431,47.3106,64.9019,76.0487,31.0047,62.102,50.0154,80.7292,61.5161,31.0047,62.102,59.8766,764.0,Lower combined pressure
18099,,,,,,,,,Marshall,IN,11.1,9.4,7.9,15.2,18.0,25.8,10.3,,,0.6889,0.0,0.0,,,50.0154,,,,,,,,,73.5284,68.3694,52.1313,56.8843,66.8978,81.8166,54.7023,77.8053,50.0154,,66.6046,54.7023,77.8053,59.8754,765.0,Lower combined pressure
12059,,,,,,,8.8279,0.0382,Holmes,FL,10.4,10.9,9.0,17.1,19.5,20.8,15.1,,,0.5985,0.0,0.0,,,50.0154,,,,,94.0568,9.6354,,,42.6928,87.6015,79.5839,83.2206,88.7009,27.4696,85.707,62.8439,50.0154,51.8461,68.2115,85.707,62.8439,59.8741,766.0,Lower combined pressure
48217,,,,,,,,,Hill,TX,10.3,8.4,7.8,15.5,17.8,23.5,16.6,,,0.6733,0.0,0.0,,,50.0154,,,,,,,,,38.0751,50.592,49.0866,61.6204,62.7876,58.6265,90.3755,74.9304,50.0154,,53.4647,90.3755,74.9304,59.8685,767.0,Lower combined pressure
13063,,,,,,,9.5158,,Clayton,GA,11.4,6.5,5.7,14.8,19.2,17.0,16.8,,,-13.6092,0.0,0.0,,,50.0154,,,,,97.1576,,,,83.7957,17.1685,9.1171,49.2896,85.9269,3.6536,91.0014,10.9737,50.0154,97.1576,41.4919,91.0014,10.9737,59.8645,768.0,Lower combined pressure
48093,,,,,,,,,Comanche,TX,9.9,8.7,8.5,15.7,16.8,22.5,18.1,,,0.7029,0.0,0.0,,,50.0154,,,,,,,,,20.5514,56.4445,68.9276,64.8512,42.7267,46.3464,93.5724,80.3709,50.0154,,49.9746,93.5724,80.3709,59.8568,769.0,Lower combined pressure
54049,,,,,,,6.3369,,Marion,WV,12.2,9.3,7.9,15.8,21.4,30.3,7.7,,,0.7166,0.0,0.0,,,50.0154,,,,,59.1731,,,,95.5514,66.9486,52.1313,66.3904,98.2747,98.0041,18.7754,82.7821,50.0154,59.1731,79.5501,18.7754,82.7821,59.8412,770.0,High health vulnerability
05013,,,,,,,,,Calhoun,AR,10.3,8.9,8.5,15.9,17.7,23.0,10.2,,,0.9056,0.0,0.0,,,50.0154,,,,,,,,,38.0751,60.1488,68.9276,67.8112,60.8424,52.8417,53.6536,99.6909,50.0154,,58.1078,53.6536,99.6909,59.8214,771.0,Lower combined pressure
01121,,,,,,,,,Talladega,AL,10.6,9.4,8.3,15.8,17.7,22.7,10.9,,,0.7589,0.0,0.0,,,50.0154,,,,,,,,,51.2686,68.3694,63.1597,66.3904,60.8424,49.0528,59.8275,89.1499,50.0154,,59.8472,59.8275,89.1499,59.8189,772.0,Lower combined pressure
01045,,,,,,,,,Dale,AL,10.3,9.2,8.1,15.8,18.5,24.8,11.5,,,0.6802,0.0,0.0,,,50.0154,,,,,,,,,38.0751,65.4093,57.747,66.3904,76.387,71.8539,65.4093,76.2287,50.0154,,62.6438,65.4093,76.2287,59.7725,773.0,Lower combined pressure
21129,,,,,,,,,Lee,KY,,,,,,,,,,0.7583,0.0,0.0,,,50.0154,,,,,,,,,,,,,,,,89.0263,50.0154,,,,89.0263,59.7681,774.0,Lower combined pressure
47105,,,,,,,5.8204,0.0459,Loudon,TN,10.3,9.9,9.0,16.0,16.9,26.7,11.5,,,0.6179,0.0,0.0,,,50.0154,,,,,51.0336,69.6615,,,38.0751,76.3532,79.5839,69.3505,44.5704,88.0582,65.4093,66.3369,50.0154,60.3475,65.9985,65.4093,66.3369,59.7658,775.0,Lower combined pressure
54057,,,,,,,,,Mineral,WV,11.9,9.8,8.4,16.6,19.7,30.4,7.4,,,0.6753,0.0,0.0,,,50.0154,,,,,,,,,92.9465,74.7124,66.0521,76.8606,90.5616,98.1732,14.9188,75.1777,50.0154,,83.2177,14.9188,75.1777,59.7583,776.0,High health vulnerability
48239,,,,,,,,,Jackson,TX,9.9,8.2,7.8,15.5,17.5,22.4,19.7,,,0.7387,0.0,0.0,,,50.0154,,,,,,,,,20.5514,46.8539,49.0866,61.6204,56.8166,45.1455,95.3315,86.0587,50.0154,,46.6791,95.3315,86.0587,59.7512,777.0,Lower combined pressure
35023,,,,,,,,,Hidalgo,NM,9.5,8.3,9.2,17.9,15.8,21.6,19.6,,,0.702,0.0,0.0,,,50.0154,,,,,,,,,9.6583,48.6637,83.2544,90.7476,25.3214,36.502,95.23,80.1236,50.0154,,49.0246,95.23,80.1236,59.7282,778.0,Lower combined pressure
28069,,,,,,,,,Kemper,MS,10.4,9.5,8.9,15.8,17.4,17.3,12.7,,,0.7797,0.0,0.0,,,50.0154,,,,,,,,,42.6928,69.9763,77.7233,66.3904,54.364,4.3302,74.3234,91.9629,50.0154,,52.5795,74.3234,91.9629,59.7042,779.0,Lower combined pressure
48223,,,,,,,,,Hopkins,TX,10.4,8.3,7.3,15.1,18.2,24.1,16.1,,,0.6804,0.0,0.0,,,50.0154,,,,,,,,,42.6928,48.6637,36.3329,54.956,70.6698,64.5636,88.9885,76.2906,50.0154,,52.9798,88.9885,76.2906,59.7033,780.0,Lower combined pressure
16077,,,,,,,,,Power,ID,10.5,7.9,7.4,15.6,16.5,21.2,17.2,,,0.8508,0.0,0.0,,,50.0154,,,,,,,,,46.9046,40.8829,38.6671,63.2273,37.0095,32.3072,91.6779,97.8362,50.0154,,43.1664,91.6779,97.8362,59.6635,781.0,Lower combined pressure
35013,,,,,,,8.1631,0.048,DoÃ±a Ana,NM,9.4,6.0,6.7,15.6,15.9,22.0,19.7,,,0.5721,0.0,0.0,,,50.0154,,,,,88.3721,87.6302,,,8.0176,11.6373,23.3593,63.2273,27.2327,41.0183,95.3315,58.2071,50.0154,88.0012,29.0821,95.3315,58.2071,59.6293,782.0,Lower combined pressure
39119,,,,,,,,,Muskingum,OH,11.5,9.6,8.0,15.3,18.9,27.8,8.2,,,0.7276,0.0,0.0,,,50.0154,,,,,,,,,86.316,71.5663,55.0744,58.7449,82.3748,93.4202,26.3024,84.3586,50.0154,,74.5828,26.3024,84.3586,59.6219,783.0,Lower combined pressure
17193,,,,,,,,,White,IL,10.9,11.0,9.2,16.5,18.1,23.5,8.9,,,0.683,0.0,0.0,,,50.0154,,,,,,,,,64.4621,88.498,83.2544,75.7442,68.7415,58.6265,37.297,76.6924,50.0154,,73.2211,37.297,76.6924,59.6118,784.0,Lower combined pressure
21139,,,,,,,,0.0448,Livingston,KY,,,,,,,,,,0.7747,0.0,0.0,,,50.0154,,,,,,58.3984,,,,,,,,,,91.221,50.0154,58.3984,,,91.221,59.579,785.0,Lower combined pressure
51097,,,,,,,,,King and Queen,VA,11.4,9.6,8.9,16.4,17.2,22.7,9.5,,,0.7115,0.0,0.0,,,50.0154,,,,,,,,,83.7957,71.5663,77.7233,74.6448,50.203,49.0528,45.3484,81.7774,50.0154,,67.831,45.3484,81.7774,59.5666,786.0,Lower combined pressure
21237,,,,,,,,,Wolfe,KY,,,,,,,,,,0.7534,0.0,0.0,,,50.0154,,,,,,,,,,,,,,,,88.1607,50.0154,,,,88.1607,59.5517,787.0,Lower combined pressure
13139,,,,,,,9.0603,,Hall,GA,9.6,7.1,6.7,14.6,16.7,20.2,18.0,,,0.4751,0.0,0.0,,,50.0154,,,,,95.478,,,,11.4344,25.9303,23.3593,45.4838,40.8153,20.1116,93.3187,43.5549,50.0154,95.478,27.8558,93.3187,43.5549,59.5254,788.0,Lower combined pressure
28005,,,,,,,,,Amite,MS,10.2,12.2,10.9,18.0,17.2,19.0,12.6,,,0.609,0.0,0.0,,,50.0154,,,,,,,,,33.4405,95.9405,97.8687,91.4242,50.203,9.8275,73.7991,64.7295,50.0154,,63.1174,73.7991,64.7295,59.5158,789.0,Lower combined pressure
16061,,,,,,,,,Lewis,ID,11.3,10.9,10.4,17.2,15.8,21.9,10.5,,,0.6236,0.0,0.0,,,50.0154,,,,,,,,,80.8863,87.6015,96.0081,84.3031,25.3214,39.885,56.2585,67.4807,50.0154,,69.0009,56.2585,67.4807,59.505,790.0,Lower combined pressure
48337,,,,,,,,,Montague,TX,10.3,8.8,8.0,15.3,17.9,24.4,14.1,,,0.6472,0.0,0.0,,,50.0154,,,,,,,,,38.0751,58.2206,55.0744,58.7449,64.9019,67.5406,81.9689,71.5301,50.0154,,57.0929,81.9689,71.5301,59.5037,791.0,Lower combined pressure
29083,,,,,,,,,Henry,MO,10.8,11.1,9.1,17.1,18.2,25.1,9.8,,,0.5556,0.0,0.0,,,50.0154,,,,,,,,,60.2842,89.4621,81.4783,83.2206,70.6698,75.1691,48.7483,55.6105,50.0154,,76.714,48.7483,55.6105,59.492,792.0,High health vulnerability
01087,,,,,,,,,Macon,AL,11.7,8.8,8.2,15.3,18.8,20.7,11.2,,,0.6863,0.0,0.0,,,50.0154,,,,,,,,,90.3586,58.2206,60.3857,58.7449,80.7341,26.4208,62.703,77.1561,50.0154,,62.4774,62.703,77.1561,59.4799,793.0,Lower combined pressure
05023,,,,,,,,,Cleburne,AR,10.1,11.1,10.3,17.9,17.8,24.8,10.1,,,0.5855,0.0,0.0,,,50.0154,,,,,,,,,29.2794,89.4621,95.3654,90.7476,62.7876,71.8539,52.3512,60.5564,50.0154,,73.2493,52.3512,60.5564,59.4769,794.0,Lower combined pressure
45031,,,,,,,,0.0448,Darlington,SC,10.7,9.4,8.0,16.2,17.8,22.9,13.1,,,0.6295,0.0,0.0,,,50.0154,,,,,,58.724,,,55.8018,68.3694,55.0744,72.1583,62.7876,51.7253,76.9621,68.4699,50.0154,58.724,60.9861,76.9621,68.4699,59.4753,795.0,Lower combined pressure
26017,,,,,,,7.3763,,Bay,MI,11.5,9.3,7.8,15.0,17.6,26.9,7.3,,,0.6052,0.0,0.0,,,50.0154,,,,,79.5866,,,,86.316,66.9486,49.0866,53.0277,59.0325,89.3437,13.4641,63.9258,50.0154,79.5866,67.2925,13.4641,63.9258,59.4634,796.0,Lower combined pressure
38005,,,,,,,,,Benson,ND,12.4,9.8,9.0,16.7,17.3,21.5,9.8,,,0.6602,0.0,0.0,,,50.0154,,,,,,,,,96.8539,74.7124,79.5839,77.9432,52.3681,35.318,48.7483,73.3539,50.0154,,69.4632,48.7483,73.3539,59.4409,797.0,Lower combined pressure
32015,,,,,,,,,Lander,NV,10.9,9.0,7.7,16.5,19.1,22.8,13.9,,,0.5519,0.0,0.0,,,50.0154,,,,,,,,,64.4621,61.8572,46.431,75.7442,84.8951,50.406,80.8356,54.8686,50.0154,,63.9659,80.8356,54.8686,59.422,798.0,Lower combined pressure
18145,,,,,,,,0.0458,Shelby,IN,11.2,9.2,7.6,15.0,18.0,26.9,8.5,,,0.6864,0.0,0.0,,,50.0154,,,,,,68.3594,,,77.4357,65.4093,43.8092,53.0277,66.8978,89.3437,31.0047,77.187,50.0154,68.3594,65.9873,31.0047,77.187,59.4105,799.0,Lower combined pressure
21105,,,,,,,,,Hickman,KY,,,,,,,,,,0.7492,0.0,0.0,,,50.0154,,,,,,,,,,,,,,,,87.5425,50.0154,,,,87.5425,59.3972,800.0,Lower combined pressure
47165,,,,,,,7.6622,0.0479,Sumner,TN,10.7,7.5,6.4,13.9,18.4,29.3,10.3,,,0.4918,0.0,0.0,,,50.0154,,,,,83.4625,87.5,,,55.8018,33.1698,17.8958,33.2206,74.5264,95.9235,54.7023,46.1206,50.0154,85.4813,51.7563,54.7023,46.1206,59.3963,801.0,Lower combined pressure
20125,,,,,,,,,Montgomery,KS,10.7,9.4,8.4,15.0,17.5,21.6,10.5,,,0.8688,0.0,0.0,,,50.0154,,,,,,,,,55.8018,68.3694,66.0521,53.0277,56.8166,36.502,56.2585,98.8872,50.0154,,56.0949,56.2585,98.8872,59.3906,802.0,Lower combined pressure
29211,,,,,,,,,Sullivan,MO,10.4,10.3,8.9,17.1,17.7,24.0,13.2,,,0.4999,0.0,0.0,,,50.0154,,,,,,,,,42.6928,81.6137,77.7233,83.2206,60.8424,63.6164,77.5203,47.0788,50.0154,,68.2848,77.5203,47.0788,59.381,803.0,Lower combined pressure
06011,,,,,,,8.5023,0.0429,Colusa,CA,9.8,6.4,6.8,16.2,18.1,21.6,17.6,,,0.7856,0.0,0.0,,,50.0154,,,,,91.2145,36.9792,,,16.6272,15.9168,25.406,72.1583,68.7415,36.502,92.5744,92.7975,50.0154,64.0968,39.2253,92.5744,92.7975,59.3723,804.0,Lower combined pressure
18153,,,,,,,,,Sullivan,IN,11.3,10.3,8.1,15.7,18.5,25.3,9.5,,,0.622,0.0,0.0,,,50.0154,,,,,,,,,80.8863,81.6137,57.747,64.8512,76.387,76.979,45.3484,67.1097,50.0154,,73.0774,45.3484,67.1097,59.3597,805.0,Lower combined pressure
37023,,,,,,,,,Burke,NC,10.9,9.8,8.6,15.1,17.3,26.1,11.6,,,0.5891,0.0,0.0,,,50.0154,,,,,,,,,64.4621,74.7124,71.6678,54.956,52.3681,83.9986,66.1874,61.3601,50.0154,,67.0275,66.1874,61.3601,59.355,806.0,Lower combined pressure
01039,,,,,,,,,Covington,AL,10.2,10.4,9.2,16.3,18.0,24.3,10.4,,,0.6387,0.0,0.0,,,50.0154,,,,,,,,,33.4405,82.6793,83.2544,73.4269,66.8978,66.6441,55.5819,70.1082,50.0154,,67.7238,55.5819,70.1082,59.3395,807.0,Lower combined pressure
48401,,,,,,,,,Rusk,TX,10.4,8.0,7.1,15.0,18.4,22.7,16.9,,,0.7081,0.0,0.0,,,50.0154,,,,,,,,,42.6928,42.7436,31.4276,53.0277,74.5264,49.0528,91.2889,81.3601,50.0154,,48.9118,91.2889,81.3601,59.33,808.0,Lower combined pressure
21119,,,,,,,,,Knott,KY,,,,,,,,,,0.7463,0.0,0.0,,,50.0154,,,,,,,,,,,,,,,,87.2643,50.0154,,,,87.2643,59.3276,809.0,Lower combined pressure
26027,,,,,,,,0.0464,Cass,MI,11.7,9.7,8.3,15.4,17.7,26.9,7.3,,,0.587,0.0,0.0,,,50.0154,,,,,,74.7396,,,90.3586,73.1055,63.1597,60.2334,60.8424,89.3437,13.4641,60.7728,50.0154,74.7396,72.8406,13.4641,60.7728,59.3234,810.0,Lower combined pressure
21053,,,,,,,,,Clinton,KY,,,,,,,,,,0.746,0.0,0.0,,,50.0154,,,,,,,,,,,,,,,,87.2334,50.0154,,,,87.2334,59.3199,811.0,Lower combined pressure
13255,,,,,,,,,Spalding,GA,10.8,8.8,7.7,15.8,18.3,20.0,15.0,,,0.6758,0.0,0.0,,,50.0154,,,,,,,,,60.2842,58.2206,46.431,66.3904,72.615,17.8281,85.4364,75.3014,50.0154,,53.6282,85.4364,75.3014,59.3139,812.0,Lower combined pressure
21121,,,,,,,,,Knox,KY,,,,,,,,,,0.746,0.0,0.0,,,50.0154,,,,,,,,,,,,,,,,87.2025,50.0154,,,,87.2025,59.3122,813.0,Lower combined pressure
48147,,,,,,,,,Fannin,TX,10.4,8.5,7.4,15.1,18.4,24.5,15.3,,,0.634,0.0,0.0,,,50.0154,,,,,,,,,42.6928,52.6556,38.6671,54.956,74.5264,68.4709,86.4344,69.3354,50.0154,,55.3281,86.4344,69.3354,59.2182,814.0,Lower combined pressure
47047,,,,,,,,,Fayette,TN,10.9,8.9,8.0,15.2,17.6,25.8,10.3,,,0.7125,0.0,0.0,,,50.0154,,,,,,,,,64.4621,60.1488,55.0744,56.8843,59.0325,81.8166,54.7023,82.0711,50.0154,,62.9031,54.7023,82.0711,59.2103,815.0,Lower combined pressure
53069,,,,,,,,,Wahkiakum,WA,11.5,9.2,10.2,16.8,16.0,25.4,8.0,,,0.7687,0.0,0.0,,,50.0154,,,,,,,,,86.316,65.4093,94.7564,79.1779,28.8058,78.1461,23.1225,90.541,50.0154,,72.1019,23.1225,90.541,59.1953,816.0,Lower combined pressure
08109,,,,,,,,,Saguache,CO,11.1,9.3,9.3,16.7,15.7,21.0,15.8,,,0.567,0.0,0.0,,,50.0154,,,,,,,,,73.5284,66.9486,84.7936,77.9432,23.41,29.7361,87.9398,57.4034,50.0154,,59.3933,87.9398,57.4034,59.183,817.0,Lower combined pressure
39037,,,,,,,,,Darke,OH,11.0,9.7,8.5,15.6,18.3,26.6,8.3,,,0.7336,0.0,0.0,,,50.0154,,,,,,,,,68.9953,73.1055,68.9276,63.2273,72.615,87.4493,27.8417,85.0077,50.0154,,72.3867,27.8417,85.0077,59.1816,818.0,Lower combined pressure
13195,,,,,,,,,Madison,GA,10.5,9.5,8.0,16.6,18.8,22.3,14.9,,,0.5385,0.0,0.0,,,50.0154,,,,,,,,,46.9046,69.9763,55.0744,76.8606,80.7341,44.1137,85.1827,52.8284,50.0154,,62.2773,85.1827,52.8284,59.1667,819.0,Lower combined pressure
32019,,,,,,,,0.0452,Lyon,NV,10.8,8.5,7.5,15.8,17.7,21.4,12.4,,,0.7124,0.0,0.0,,,50.0154,,,,,,62.2396,,,60.2842,52.6556,41.0859,66.3904,60.8424,34.3369,72.4797,81.9474,50.0154,62.2396,52.5992,72.4797,81.9474,59.157,820.0,Lower combined pressure
48175,,,,,,,,,Goliad,TX,9.8,8.4,8.5,15.6,16.2,21.5,18.1,,,0.7564,0.0,0.0,,,50.0154,,,,,,,,,16.6272,50.592,68.9276,63.2273,32.1719,35.318,93.5724,88.779,50.0154,,44.4773,93.5724,88.779,59.1455,821.0,Lower combined pressure
21141,,,,,,,,,Logan,KY,,,,,,,,,,0.7408,0.0,0.0,,,50.0154,,,,,,,,,,,,,,,,86.4606,50.0154,,,,86.4606,59.1267,822.0,Lower combined pressure
21095,,,,,,,,,Harlan,KY,,,,,,,,,,0.7406,0.0,0.0,,,50.0154,,,,,,,,,,,,,,,,86.3988,50.0154,,,,86.3988,59.1113,823.0,Lower combined pressure
13259,,,,,,,,,Stewart,GA,10.0,9.3,7.9,17.4,18.8,17.3,28.1,,,0.5998,0.0,0.0,,,50.0154,,,,,,,,,24.8816,66.9486,52.1313,86.0792,80.7341,4.3302,98.7483,63.0912,50.0154,,52.5175,98.7483,63.0912,59.0906,824.0,Lower combined pressure
35059,,,,,,,,,Union,NM,9.7,8.4,8.7,16.8,16.0,22.2,17.0,,,0.7059,0.0,0.0,,,50.0154,,,,,,,,,13.5487,50.592,74.002,79.1779,28.8058,43.1834,91.4411,80.9892,50.0154,,48.2183,91.4411,80.9892,59.0696,825.0,Lower combined pressure
48285,,,,,,,,,Lavaca,TX,10.1,8.7,8.4,15.3,16.9,22.8,15.4,,,0.6954,0.0,0.0,,,50.0154,,,,,,,,,29.2794,56.4445,66.0521,58.7449,44.5704,50.406,86.705,78.949,50.0154,,50.9162,86.705,78.949,59.0654,826.0,Lower combined pressure
08075,,,,,,,,,Logan,CO,11.4,8.4,7.5,15.2,18.1,23.6,14.7,,,0.57,0.0,0.0,,,50.0154,,,,,,,,,83.7957,50.592,41.0859,56.8843,68.7415,59.726,84.5907,57.8362,50.0154,,60.1376,84.5907,57.8362,59.0423,827.0,Lower combined pressure
29187,,,,,,,,,St. Francois,MO,10.8,10.1,7.7,16.6,19.3,25.9,10.5,,,0.5578,0.0,0.0,,,50.0154,,,,,,,,,60.2842,79.1272,46.431,76.8606,86.9587,82.5947,56.2585,56.1669,50.0154,,72.0427,56.2585,56.1669,59.0105,828.0,Lower combined pressure
48047,,,,,,,,,Brooks,TX,8.8,7.1,8.1,18.4,17.5,19.3,37.8,,,0.7624,0.0,0.0,,,50.0154,,,,,,,,,1.3363,25.9303,57.747,93.8769,56.8166,11.7388,99.6955,89.6754,50.0154,,41.241,99.6955,89.6754,59.0026,829.0,Lower combined pressure
12037,,,,,,,,,Franklin,FL,9.9,10.8,9.8,16.9,16.8,18.3,13.9,,,0.6686,0.0,0.0,,,50.0154,,,,,,,,,20.5514,86.7896,91.5934,80.5142,42.7267,7.2903,80.8356,74.3431,50.0154,,54.9109,80.8356,74.3431,59.0003,830.0,Lower combined pressure
41041,,,,,,,,,Lincoln,OR,12.4,9.8,9.5,17.0,16.5,26.5,8.3,,,0.6418,0.0,0.0,,,50.0154,,,,,,,,,96.8539,74.7124,87.8383,81.8166,37.0095,86.6543,27.8417,70.881,50.0154,,77.4808,27.8417,70.881,58.9961,831.0,High health vulnerability
21133,,,,,,,,,Letcher,KY,,,,,,,,,,0.7385,0.0,0.0,,,50.0154,,,,,,,,,,,,,,,,85.9042,50.0154,,,,85.9042,58.9876,832.0,Lower combined pressure
39065,,,,,,,,,Hardin,OH,11.2,9.1,7.5,15.2,19.9,27.1,8.7,,,0.7139,0.0,0.0,,,50.0154,,,,,,,,,77.4357,63.6333,41.0859,56.8843,92.3038,90.5785,34.2524,82.2566,50.0154,,70.3203,34.2524,82.2566,58.9808,833.0,Lower combined pressure
06103,,,,,,,5.9402,0.0436,Tehama,CA,10.7,8.4,8.1,16.6,18.8,24.1,10.8,,,0.8386,0.0,0.0,,,50.0154,,,,,53.1008,45.0521,,,55.8018,50.592,57.747,76.8606,80.7341,64.5636,58.8802,97.0943,50.0154,49.0764,64.3832,58.8802,97.0943,58.967,834.0,Lower combined pressure
24019,,,,,,,5.6595,0.0453,Dorchester,MD,11.5,9.9,8.7,16.3,17.0,20.2,10.1,,,0.7621,0.0,0.0,,,50.0154,,,,,48.5788,63.9323,,,86.316,76.3532,74.002,73.4269,46.3972,20.1116,52.3512,89.6445,50.0154,56.2556,62.7678,52.3512,89.6445,58.96,835.0,Lower combined pressure
21045,,,,,,,,,Casey,KY,,,,,,,,,,0.738,0.0,0.0,,,50.0154,,,,,,,,,,,,,,,,85.7496,50.0154,,,,85.7496,58.949,836.0,Lower combined pressure
21101,,,,,,,,,Henderson,KY,,,,,,,,,,0.7377,0.0,0.0,,,50.0154,,,,,,,,,,,,,,,,85.6569,50.0154,,,,85.6569,58.9258,837.0,Lower combined pressure
20021,,,,,,,,,Cherokee,KS,10.8,9.7,8.5,15.4,17.6,22.5,9.5,,,0.7906,0.0,0.0,,,50.0154,,,,,,,,,60.2842,73.1055,68.9276,60.2334,59.0325,46.3464,45.3484,93.1994,50.0154,,61.3216,45.3484,93.1994,58.9197,838.0,Lower combined pressure
37013,,,,,,,,,Beaufort,NC,11.2,10.0,9.2,15.2,16.5,23.9,10.9,,,0.6213,0.0,0.0,,,50.0154,,,,,,,,,77.4357,77.8924,83.2544,56.8843,37.0095,62.703,59.8275,67.017,50.0154,,65.8632,59.8275,67.017,58.8732,839.0,Lower combined pressure
16027,,,,,,,8.631,,Canyon,ID,10.8,6.6,5.9,14.2,16.6,23.1,13.6,,,0.4256,0.0,0.0,,,50.0154,,,,,92.3773,,,,60.2842,18.4202,11.3498,38.498,38.7855,53.9073,79.4317,36.0742,50.0154,92.3773,36.8742,79.4317,36.0742,58.8681,840.0,Lower combined pressure
29139,,,,,,,,,Montgomery,MO,10.9,10.6,8.5,16.6,18.2,25.1,9.5,,,0.5945,0.0,0.0,,,50.0154,,,,,,,,,64.4621,84.8782,68.9276,76.8606,70.6698,75.1691,45.3484,62.2566,50.0154,,73.4946,45.3484,62.2566,58.8517,841.0,Lower combined pressure
51135,,,,,,,,,Nottoway,VA,11.4,8.9,7.9,16.0,18.3,22.1,11.7,,,0.615,0.0,0.0,,,50.0154,,,,,,,,,83.7957,60.1488,52.1313,69.3505,72.615,42.1516,67.1516,65.7496,50.0154,,63.3655,67.1516,65.7496,58.8481,842.0,Lower combined pressure
01019,,,,,,,,,Cherokee,AL,10.2,10.7,9.6,16.8,17.4,25.0,10.0,,,0.6209,0.0,0.0,,,50.0154,,,,,,,,,33.4405,85.8762,89.3606,79.1779,54.364,74.205,50.8796,66.9243,50.0154,,69.404,50.8796,66.9243,58.848,843.0,Lower combined pressure
80026,,,,,,,12.9567,0.043,,,,,,,,,,,,,0.0,0.0,,,50.0154,,,,,99.354,39.4531,,,,,,,,,,,50.0154,69.4036,,,,58.8282,844.0,Lower combined pressure
35021,,,,,,,,,Harding,NM,9.4,10.8,12.9,19.0,13.6,20.4,16.4,,,0.6298,0.0,0.0,,,50.0154,,,,,,,,,8.0176,86.7896,99.9323,96.6001,4.3978,22.6658,89.885,68.5626,50.0154,,53.0672,89.885,68.5626,58.8216,845.0,Lower combined pressure
08081,,,,,,,,,Moffat,CO,11.4,7.9,7.0,15.0,17.9,24.1,12.8,,,0.679,0.0,0.0,,,50.0154,,,,,,,,,83.7957,40.8829,29.161,53.0277,64.9019,64.5636,74.8647,75.9042,50.0154,,56.0555,74.8647,75.9042,58.7938,846.0,Lower combined pressure
24011,,,,,,,,,Caroline,MD,11.8,9.5,7.7,15.3,18.1,24.2,10.6,,,0.619,0.0,0.0,,,50.0154,,,,,,,,,91.8133,69.9763,46.431,58.7449,68.7415,65.6461,56.935,66.6461,50.0154,,66.8922,56.935,66.6461,58.781,847.0,Lower combined pressure
22079,,,,,,,8.005,,Rapides,LA,10.6,9.2,7.9,16.3,19.9,27.3,8.7,,,-24.9515,0.0,0.0,,,50.0154,,,,,86.6925,,,,51.2686,65.4093,52.1313,73.4269,92.3038,91.6272,34.2524,8.9954,50.0154,86.6925,71.0279,34.2524,8.9954,58.7595,848.0,Lower combined pressure
47145,,,,,,,6.7194,,Roane,TN,10.8,10.5,8.8,16.9,18.7,29.6,11.0,,,-61.821,0.0,0.0,,,50.0154,,,,,68.7339,,,,60.2842,83.7111,75.9303,80.5142,79.2456,96.5156,60.724,6.4915,50.0154,68.7339,79.3668,60.724,6.4915,58.7513,849.0,High health vulnerability
08095,,,,,,,,,Phillips,CO,11.2,8.3,8.0,15.4,16.8,22.7,14.6,,,0.6244,0.0,0.0,,,50.0154,,,,,,,,,77.4357,48.6637,55.0744,60.2334,42.7267,49.0528,84.1171,67.6352,50.0154,,55.5311,84.1171,67.6352,58.7502,850.0,Lower combined pressure
08061,,,,,,,,,Kiowa,CO,11.4,8.9,8.7,15.3,16.3,23.2,10.1,,,0.7382,0.0,0.0,,,50.0154,,,,,,,,,83.7957,60.1488,74.002,58.7449,33.8802,55.1252,52.3512,85.8114,50.0154,,60.9495,52.3512,85.8114,58.7443,851.0,Lower combined pressure
39081,,,,,,,2.2991,0.0463,Jefferson,OH,11.7,10.1,8.7,16.1,18.7,27.8,8.0,,,0.7911,0.0,0.0,,,50.0154,,,,,21.0594,73.3073,,,90.3586,79.1272,74.002,70.8728,79.2456,93.4202,23.1225,93.2921,50.0154,47.1834,81.1711,23.1225,93.2921,58.7347,852.0,High health vulnerability
48123,,,,,,,,,DeWitt,TX,9.8,8.6,8.2,16.2,17.2,21.5,21.2,,,0.6624,0.0,0.0,,,50.0154,,,,,,,,,16.6272,54.6854,60.3857,72.1583,50.203,35.318,96.1942,73.6631,50.0154,,48.2296,96.1942,73.6631,58.7303,853.0,Lower combined pressure
06025,,,,,,,4.2271,0.0516,Imperial,CA,9.2,5.7,6.7,17.1,18.0,19.9,22.1,,,0.769,0.0,0.0,,,50.0154,,,,,35.0129,96.7448,,,5.1421,8.4574,23.3593,83.2206,66.8978,16.9317,96.8877,90.6646,50.0154,65.8789,34.0015,96.8877,90.6646,58.7299,854.0,Lower combined pressure
48411,,,,,,,,,San Saba,TX,9.6,8.6,8.2,15.4,17.3,21.9,20.7,,,0.6907,0.0,0.0,,,50.0154,,,,,,,,,11.4344,54.6854,60.3857,60.2334,52.3681,39.885,95.9743,78.1453,50.0154,,46.4986,95.9743,78.1453,58.7217,855.0,Lower combined pressure
28035,,,,,,,9.05,,Forrest,MS,10.0,7.4,6.2,13.7,18.4,20.8,10.8,,,0.5526,0.0,0.0,,,50.0154,,,,,95.3488,,,,24.8816,31.3092,15.3248,29.6177,74.5264,27.4696,58.8802,55.0232,50.0154,95.3488,33.8549,58.8802,55.0232,58.6959,856.0,Lower combined pressure
28141,,,,,,,,,Tishomingo,MS,9.7,10.7,9.0,16.8,17.5,22.2,11.6,,,0.6711,0.0,0.0,,,50.0154,,,,,,,,,13.5487,85.8762,79.5839,79.1779,56.8166,43.1834,66.1874,74.7141,50.0154,,59.6978,66.1874,74.7141,58.6923,857.0,Lower combined pressure
22043,,,,,,,,,Grant,LA,9.8,9.0,7.5,16.0,20.2,26.9,11.0,,,0.6678,0.0,0.0,,,50.0154,,,,,,,,,16.6272,61.8572,41.0859,69.3505,93.9953,89.3437,60.724,74.2349,50.0154,,62.0433,60.724,74.2349,58.6818,858.0,Lower combined pressure
09001,,,,,,,5.7292,0.0481,,,,,,,,,,,,,0.0,0.0,,,50.0154,,,,,49.4832,88.6719,,,,,,,,,,,50.0154,69.0775,,,,58.68,859.0,Lower combined pressure
08023,,,,,,,,,Costilla,CO,10.4,8.4,9.4,17.1,15.0,19.5,19.6,,,0.6604,0.0,0.0,,,50.0154,,,,,,,,,42.6928,50.592,86.316,83.2206,14.9865,13.3965,95.23,73.3849,50.0154,,48.5341,95.23,73.3849,58.6662,860.0,Lower combined pressure
12107,,,,,,,,,Putnam,FL,10.8,13.0,10.8,19.3,19.4,19.6,18.0,,,-58.005,0.0,0.0,,,50.0154,,,,,,,,,60.2842,98.1732,97.5135,97.4797,87.8214,14.2422,93.3187,6.7079,50.0154,,75.919,93.3187,6.7079,58.6494,861.0,High health vulnerability
48153,,,,,,,,,Floyd,TX,9.6,8.3,8.3,17.0,17.3,21.0,27.6,,,0.647,0.0,0.0,,,50.0154,,,,,,,,,11.4344,48.6637,63.1597,81.8166,52.3681,29.7361,98.5622,71.4992,50.0154,,47.8631,98.5622,71.4992,58.6354,862.0,Lower combined pressure
01027,,,,,,,5.725,,Clay,AL,10.4,10.6,9.3,16.9,18.0,24.4,11.0,,,0.6692,0.0,0.0,,,50.0154,,,,,49.2248,,,,42.6928,84.8782,84.7936,80.5142,66.8978,67.5406,60.724,74.4359,50.0154,49.2248,71.2196,60.724,74.4359,58.6317,863.0,Lower combined pressure
18015,,,,,,,,0.0463,Carroll,IN,11.1,9.5,8.0,15.2,17.7,25.0,8.7,,,0.553,0.0,0.0,,,50.0154,,,,,,73.5677,,,73.5284,69.9763,55.0744,56.8843,60.8424,74.205,34.2524,55.085,50.0154,73.5677,65.0851,34.2524,55.085,58.6016,864.0,Lower combined pressure
21025,,,,,,,,,Breathitt,KY,,,,,,,,,,0.7271,0.0,0.0,,,50.0154,,,,,,,,,,,,,,,,84.3277,50.0154,,,,84.3277,58.5935,865.0,Lower combined pressure
26021,,,,,,,,0.046,Berrien,MI,11.8,9.2,8.0,15.2,17.2,25.7,7.3,,,0.6973,0.0,0.0,,,50.0154,,,,,,70.5729,,,91.8133,65.4093,55.0744,56.8843,50.203,80.8525,13.4641,79.1963,50.0154,70.5729,66.7061,13.4641,79.1963,58.5904,866.0,Lower combined pressure
49013,,,,,,,6.0577,0.0468,Duchesne,UT,11.3,7.0,6.4,14.8,18.6,25.6,11.2,,,0.6223,0.0,0.0,,,50.0154,,,,,55.2972,79.2969,,,80.8863,24.3065,17.8958,49.2896,77.9601,79.9222,62.703,67.187,50.0154,67.297,55.0434,62.703,67.187,58.5787,867.0,Lower combined pressure
30015,,,,,,,,,Chouteau,MT,11.8,8.5,7.9,16.0,17.8,23.8,10.3,,,0.649,0.0,0.0,,,50.0154,,,,,,,,,91.8133,52.6556,52.1313,69.3505,62.7876,61.8234,54.7023,71.8393,50.0154,,65.0936,54.7023,71.8393,58.5762,868.0,Lower combined pressure
26059,,,,,,,,,Hillsdale,MI,11.7,10.5,8.7,16.1,18.8,29.3,7.4,,,0.6255,0.0,0.0,,,50.0154,,,,,,,,,90.3586,83.7111,74.002,70.8728,80.7341,95.9235,14.9188,67.8207,50.0154,,82.6004,14.9188,67.8207,58.5716,869.0,High health vulnerability
26119,,,,,,,,,Montmorency,MI,11.6,12.9,11.2,18.0,16.9,26.4,7.0,,,0.6273,0.0,0.0,,,50.0154,,,,,,,,,88.5149,98.0041,98.7145,91.4242,44.5704,85.8593,9.5399,68.2226,50.0154,,84.5145,9.5399,68.2226,58.546,870.0,High health vulnerability
41015,,,,,,,,,Curry,OR,12.1,10.5,10.5,16.9,16.1,25.3,8.1,,,0.6464,0.0,0.0,,,50.0154,,,,,,,,,94.7226,83.7111,96.5663,80.5142,30.4635,76.979,24.7294,71.4065,50.0154,,77.1594,24.7294,71.4065,58.5441,871.0,High health vulnerability
47141,,,,,,,6.0905,,Putnam,TN,10.9,8.9,6.9,15.2,20.5,28.9,12.1,,,0.5728,0.0,0.0,,,50.0154,,,,,56.0724,,,,64.4621,60.1488,27.2666,56.8843,95.4499,95.2131,70.2639,58.3617,50.0154,56.0724,66.5708,70.2639,58.3617,58.528,872.0,Lower combined pressure
28023,,,,,,,,,Clarke,MS,10.1,10.6,9.3,16.8,17.4,20.2,11.7,,,0.6719,0.0,0.0,,,50.0154,,,,,,,,,29.2794,84.8782,84.7936,79.1779,54.364,20.1116,67.1516,74.8377,50.0154,,58.7675,67.1516,74.8377,58.5272,873.0,Lower combined pressure
26151,,,,,,,,,Sanilac,MI,11.6,10.7,8.9,16.2,18.1,27.6,7.7,,,0.6243,0.0,0.0,,,50.0154,,,,,,,,,88.5149,85.8762,77.7233,72.1583,68.7415,92.9127,18.7754,67.6043,50.0154,,80.9878,18.7754,67.6043,58.5194,874.0,High health vulnerability
48261,,,,,,,,,Kenedy,TX,9.3,7.2,8.3,18.2,16.7,19.3,35.1,,,0.7535,0.0,0.0,,,50.0154,,,,,,,,,6.6475,27.6894,63.1597,92.7605,40.8153,11.7388,99.4587,88.1917,50.0154,,40.4685,99.4587,88.1917,58.5157,875.0,Lower combined pressure
20019,,,,,,,,,Chautauqua,KS,10.6,10.9,10.1,16.3,17.1,21.1,10.7,,,0.6391,0.0,0.0,,,50.0154,,,,,,,,,51.2686,87.6015,94.0291,73.4269,48.0717,31.0724,57.8654,70.1391,50.0154,,64.245,57.8654,70.1391,58.4884,876.0,Lower combined pressure
01129,,,,,,,,,Washington,AL,10.5,9.5,8.7,16.0,17.7,24.1,9.7,,,0.7021,0.0,0.0,,,50.0154,,,,,,,,,46.9046,69.9763,74.002,69.3505,60.8424,64.5636,47.7165,80.2164,50.0154,,64.2732,47.7165,80.2164,58.4883,877.0,Lower combined pressure
26079,,,,,,,,,Kalkaska,MI,11.8,10.5,8.7,16.3,18.5,27.8,7.3,,,0.6373,0.0,0.0,,,50.0154,,,,,,,,,91.8133,83.7111,74.002,73.4269,76.387,93.4202,13.4641,69.7991,50.0154,,82.1267,13.4641,69.7991,58.4835,878.0,High health vulnerability
05009,,,,,,,,,Boone,AR,10.2,9.3,8.5,16.5,18.4,25.4,9.5,,,0.6877,0.0,0.0,,,50.0154,,,,,,,,,33.4405,66.9486,68.9276,75.7442,74.5264,78.1461,45.3484,77.4961,50.0154,,66.2889,45.3484,77.4961,58.4817,879.0,Lower combined pressure
28153,,,,,,,,,Wayne,MS,10.5,10.7,9.0,17.0,18.3,19.7,13.2,,,0.5336,0.0,0.0,,,50.0154,,,,,,,,,46.9046,85.8762,79.5839,81.8166,72.615,15.2064,77.5203,51.8702,50.0154,,63.6671,77.5203,51.8702,58.4806,880.0,Lower combined pressure
21207,,,,,,,,,Russell,KY,,,,,,,,,,0.7238,0.0,0.0,,,50.0154,,,,,,,,,,,,,,,,83.8331,50.0154,,,,83.8331,58.4698,881.0,Lower combined pressure
26013,,,,,,,,,Baraga,MI,11.9,10.6,9.0,16.7,18.5,26.5,7.9,,,0.5768,0.0,0.0,,,50.0154,,,,,,,,,92.9465,84.8782,79.5839,77.9432,76.387,86.6543,21.6171,59.1963,50.0154,,83.0655,21.6171,59.1963,58.4698,882.0,High health vulnerability
48251,,,,,,,,0.0476,Johnson,TX,10.2,6.6,5.9,13.5,18.0,23.2,16.3,,,0.47,0.0,0.0,,,50.0154,,,,,,85.5469,,,33.4405,18.4202,11.3498,26.6407,66.8978,55.1252,89.6651,42.813,50.0154,85.5469,35.3124,89.6651,42.813,58.4672,883.0,Lower combined pressure
28043,,,,,,,,,Grenada,MS,10.3,9.9,8.5,16.0,17.5,19.2,12.3,,,0.7191,0.0,0.0,,,50.0154,,,,,,,,,38.0751,76.3532,68.9276,69.3505,56.8166,10.9777,71.7355,83.0294,50.0154,,53.4168,71.7355,83.0294,58.4471,884.0,Lower combined pressure
48429,,,,,,,,,Stephens,TX,9.8,8.4,7.7,15.3,17.7,22.8,18.4,,,0.6798,0.0,0.0,,,50.0154,,,,,,,,,16.6272,50.592,46.431,58.7449,60.8424,50.406,93.9445,76.1669,50.0154,,47.2739,93.9445,76.1669,58.4457,885.0,Lower combined pressure
48119,,,,,,,,,Delta,TX,10.6,8.7,7.8,15.2,18.1,24.4,13.4,,,0.6056,0.0,0.0,,,50.0154,,,,,,,,,51.2686,56.4445,49.0866,56.8843,68.7415,67.5406,78.366,64.0185,50.0154,,58.3277,78.366,64.0185,58.4333,886.0,Lower combined pressure
48377,,,,,,,,,Presidio,TX,8.9,8.4,10.6,19.2,16.2,18.7,34.8,,,0.6316,0.0,0.0,,,50.0154,,,,,,,,,1.9452,50.592,96.9384,97.226,32.1719,8.5758,99.4249,68.9954,50.0154,,47.9082,99.4249,68.9954,58.4316,887.0,Lower combined pressure
26011,,,,,,,,,Arenac,MI,11.7,11.4,9.8,16.8,17.7,27.1,7.3,,,0.6072,0.0,0.0,,,50.0154,,,,,,,,,90.3586,91.7794,91.5934,79.1779,60.8424,90.5785,13.4641,64.3586,50.0154,,84.055,13.4641,64.3586,58.4009,888.0,High health vulnerability
51139,,,,,,,,,Page,VA,11.0,9.5,8.4,16.3,17.9,25.1,9.5,,,0.6261,0.0,0.0,,,50.0154,,,,,,,,,68.9953,69.9763,66.0521,73.4269,64.9019,75.1691,45.3484,67.9444,50.0154,,69.7536,45.3484,67.9444,58.3631,889.0,Lower combined pressure
45059,,,,,,,,,Laurens,SC,10.1,9.0,7.7,16.0,17.9,23.4,14.0,,,0.6314,0.0,0.0,,,50.0154,,,,,,,,,29.2794,61.8572,46.431,69.3505,64.9019,57.4256,81.4107,68.9645,50.0154,,54.8743,81.4107,68.9645,58.3476,890.0,Lower combined pressure
18079,,,,,,,,,Jennings,IN,11.5,9.9,7.8,15.8,19.0,27.0,8.9,,,0.593,0.0,0.0,,,50.0154,,,,,,,,,86.316,76.3532,49.0866,66.3904,83.7788,90.0203,37.297,61.9474,50.0154,,75.3242,37.297,61.9474,58.3468,891.0,High health vulnerability
54003,,,,,,,7.5009,0.0446,Berkeley,WV,12.2,8.4,6.7,15.6,21.6,29.5,8.7,,,0.5219,0.0,0.0,,,50.0154,,,,,81.0078,55.599,,,95.5514,50.592,23.3593,63.2273,98.6806,96.3464,34.2524,50.17,50.0154,68.3034,71.2929,34.2524,50.17,58.3459,892.0,Lower combined pressure
51530,,,,,,,,,Buena Vista,VA,11.5,8.8,7.5,15.6,19.8,26.9,10.0,,,0.5688,0.0,0.0,,,50.0154,,,,,,,,,86.316,58.2206,41.0859,63.2273,91.475,89.3437,50.8796,57.6198,50.0154,,71.6114,50.8796,57.6198,58.3432,893.0,Lower combined pressure
21113,,,,,,,,0.0468,Jessamine,KY,,,,,,,,,,0.38,0.0,0.0,,,50.0154,,,,,,79.4271,,,,,,,,,,30.6028,50.0154,79.4271,,,30.6028,58.341,894.0,Lower combined pressure
29145,,,,,,,,,Newton,MO,10.7,9.5,7.9,15.8,18.1,25.0,10.0,,,0.6744,0.0,0.0,,,50.0154,,,,,,,,,55.8018,69.9763,52.1313,66.3904,68.7415,74.205,50.8796,75.0232,50.0154,,64.541,50.8796,75.0232,58.3069,895.0,Lower combined pressure
48179,,,,,,,,,Gray,TX,9.9,8.2,7.3,15.4,18.4,23.2,20.1,,,0.634,0.0,0.0,,,50.0154,,,,,,,,,20.5514,46.8539,36.3329,60.2334,74.5264,55.1252,95.5683,69.3045,50.0154,,48.9372,95.5683,69.3045,58.3016,896.0,Lower combined pressure
18175,,,,,,,,,Washington,IN,11.7,10.6,8.3,16.2,18.7,27.4,9.0,,,0.5022,0.0,0.0,,,50.0154,,,,,,,,,90.3586,84.8782,63.1597,72.1583,79.2456,92.067,38.7348,47.5734,50.0154,,80.3112,38.7348,47.5734,58.2843,897.0,High health vulnerability
20023,,,,,,,,,Cheyenne,KS,10.1,10.3,9.8,15.5,16.2,20.9,11.4,,,0.7453,0.0,0.0,,,50.0154,,,,,,,,,29.2794,81.6137,91.5934,61.6204,32.1719,28.5521,64.6313,87.0479,50.0154,,54.1385,64.6313,87.0479,58.2762,898.0,Lower combined pressure
18023,,,,,,,,,Clinton,IN,11.0,8.9,7.2,14.9,17.9,24.6,11.6,,,0.6755,0.0,0.0,,,50.0154,,,,,,,,,68.9953,60.1488,33.8464,51.1671,64.9019,69.5873,66.1874,75.2705,50.0154,,58.1078,66.1874,75.2705,58.2365,899.0,Lower combined pressure
48243,,,,,,,,,Jeff Davis,TX,9.8,11.6,12.3,18.2,14.3,21.0,17.5,,,0.5367,0.0,0.0,,,50.0154,,,,,,,,,16.6272,93.0988,99.7124,92.7605,8.7111,29.7361,92.27,52.5193,50.0154,,56.7744,92.27,52.5193,58.2362,900.0,Lower combined pressure
04007,,,,,,,0.236,0.0548,Gila,AZ,11.1,10.6,9.8,17.2,15.8,20.7,12.1,,,0.6508,0.0,0.0,,,50.0154,,,,,3.7468,99.349,,,73.5284,84.8782,91.5934,84.3031,25.3214,26.4208,70.2639,72.1175,50.0154,51.5479,64.3409,70.2639,72.1175,58.2149,901.0,Lower combined pressure
29167,,,,,,,,,Polk,MO,10.9,10.1,8.1,16.1,19.0,26.1,9.8,,,0.5495,0.0,0.0,,,50.0154,,,,,,,,,64.4621,79.1272,57.747,70.8728,83.7788,83.9986,48.7483,54.4668,50.0154,,73.3311,48.7483,54.4668,58.2119,902.0,Lower combined pressure
37065,,,,,,,6.2284,0.0412,Edgecombe,NC,12.4,10.0,8.8,16.0,18.2,22.7,13.0,,,0.6379,0.0,0.0,,,50.0154,,,,,57.3643,24.7396,,,96.8539,77.8924,75.9303,69.3505,70.6698,49.0528,76.2686,69.8918,50.0154,41.052,73.2916,76.2686,69.8918,58.2066,903.0,Lower combined pressure
45011,,,,,,,,,Barnwell,SC,11.0,11.6,9.2,17.9,18.9,22.4,15.9,,,-124.2992,0.0,0.0,,,50.0154,,,,,,,,,68.9953,93.0988,83.2544,90.7476,82.3748,45.1455,88.3288,4.9459,50.0154,,77.2694,88.3288,4.9459,58.1993,904.0,High health vulnerability
16085,,,,,,,9.5919,,Valley,ID,10.7,8.6,8.5,15.0,14.4,21.2,9.0,,,0.421,0.0,0.0,,,50.0154,,,,,97.2868,,,,55.8018,54.6854,68.9276,53.0277,9.6583,32.3072,38.7348,35.5796,50.0154,97.2868,45.7347,38.7348,35.5796,58.1914,905.0,Lower combined pressure
45021,,,,,,,,,Cherokee,SC,10.3,9.4,7.7,16.2,18.7,24.1,14.0,,,0.5292,0.0,0.0,,,50.0154,,,,,,,,,38.0751,68.3694,46.431,72.1583,79.2456,64.5636,81.4107,51.2828,50.0154,,61.4738,81.4107,51.2828,58.1899,906.0,Lower combined pressure
17055,,,,,,,,,Franklin,IL,10.9,10.2,8.4,16.0,18.4,23.7,8.7,,,0.6952,0.0,0.0,,,50.0154,,,,,,,,,64.4621,80.2943,66.0521,69.3505,74.5264,60.8762,34.2524,78.9181,50.0154,,69.2603,34.2524,78.9181,58.1823,907.0,Lower combined pressure
51670,,,,,,,,,Hopewell,VA,12.6,10.1,8.1,17.7,20.7,24.1,13.6,,,-141.9161,0.0,0.0,,,50.0154,,,,,,,,,97.8349,79.1272,57.747,89.0054,96.2957,64.5636,79.4317,4.8532,50.0154,,80.7623,79.4317,4.8532,58.1649,908.0,High health vulnerability
21077,,,,,,,,,Gallatin,KY,,,,,,,,,,0.7148,0.0,0.0,,,50.0154,,,,,,,,,,,,,,,,82.5348,50.0154,,,,82.5348,58.1453,909.0,Lower combined pressure
16083,,,,,,,7.1645,,Twin Falls,ID,11.1,7.3,6.5,14.2,16.6,23.7,13.0,,,0.5481,0.0,0.0,,,50.0154,,,,,76.8734,,,,73.5284,29.5162,19.5873,38.498,38.7855,60.8762,76.2686,54.1886,50.0154,76.8734,43.4653,76.2686,54.1886,58.135,910.0,Lower combined pressure
21015,,,,,,,,0.0471,Boone,KY,,,,,,,,,,0.313,0.0,0.0,,,50.0154,,,,,,81.901,,,,,,,,,,23.0294,50.0154,81.901,,,23.0294,58.1274,911.0,Lower combined pressure
09007,,,,,,,,0.0457,,,,,,,,,,,,,0.0,0.0,,,50.0154,,,,,,67.8385,,,,,,,,,,,50.0154,67.8385,,,,58.1168,912.0,Lower combined pressure
13023,,,,,,,,,Bleckley,GA,10.8,8.8,7.7,16.0,19.0,21.8,13.2,,,0.5786,0.0,0.0,,,50.0154,,,,,,,,,60.2842,58.2206,46.431,69.3505,83.7788,38.8363,77.5203,59.5054,50.0154,,59.4835,77.5203,59.5054,58.1041,913.0,Lower combined pressure
48309,,,,,,,10.9261,0.0474,McLennan,TX,10.4,6.8,6.2,13.9,18.4,23.6,16.8,,,-33.8845,0.0,0.0,,,50.0154,,,,,98.708,84.375,,,42.6928,21.0927,15.3248,33.2206,74.5264,59.726,91.0014,8.1298,50.0154,91.5415,41.0972,91.0014,8.1298,58.0774,914.0,Lower combined pressure
51131,,,,,,,,,Northampton,VA,11.1,9.9,9.8,16.4,15.5,20.8,10.0,,,0.7164,0.0,0.0,,,50.0154,,,,,,,,,73.5284,76.3532,91.5934,74.6448,20.6867,27.4696,50.8796,82.7202,50.0154,,60.7127,50.8796,82.7202,58.057,915.0,Lower combined pressure
17025,,,,,,,,,Clay,IL,10.8,10.3,8.5,15.9,18.2,23.6,9.0,,,0.679,0.0,0.0,,,50.0154,,,,,,,,,60.2842,81.6137,68.9276,67.8112,70.6698,59.726,38.7348,75.9042,50.0154,,68.1721,38.7348,75.9042,58.0154,916.0,Lower combined pressure
39077,,,,,,,,,Huron,OH,11.1,9.0,7.7,15.0,18.0,25.7,9.0,,,0.744,0.0,0.0,,,50.0154,,,,,,,,,73.5284,61.8572,46.431,53.0277,66.8978,80.8525,38.7348,86.8624,50.0154,,63.7658,38.7348,86.8624,58.0077,917.0,Lower combined pressure
26051,,,,,,,,,Gladwin,MI,11.8,11.9,10.1,17.1,17.8,26.9,7.2,,,0.5703,0.0,0.0,,,50.0154,,,,,,,,,91.8133,94.7395,94.0291,83.2206,62.7876,89.3437,12.111,57.8671,50.0154,,85.9889,12.111,57.8671,57.9996,918.0,High health vulnerability
08063,,,,,,,,,Kit Carson,CO,11.5,8.3,7.7,15.4,17.3,23.3,13.2,,,0.5898,0.0,0.0,,,50.0154,,,,,,,,,86.316,48.6637,46.431,60.2334,52.3681,56.2754,77.5203,61.4219,50.0154,,58.3813,77.5203,61.4219,57.9922,919.0,Lower combined pressure
21235,,,,,,,,,Whitley,KY,,,,,,,,,,0.7124,0.0,0.0,,,50.0154,,,,,,,,,,,,,,,,81.9165,50.0154,,,,81.9165,57.9907,920.0,Lower combined pressure
48189,,,,,,,,,Hale,TX,9.5,7.4,7.1,16.3,18.3,21.3,28.9,,,0.7058,0.0,0.0,,,50.0154,,,,,,,,,9.6583,31.3092,31.4276,73.4269,72.615,33.3897,98.9175,80.9583,50.0154,,41.9711,98.9175,80.9583,57.98,921.0,Lower combined pressure
28157,,,,,,,,,Wilkinson,MS,10.5,10.5,9.1,16.9,17.8,17.0,14.3,,,0.5354,0.0,0.0,,,50.0154,,,,,,,,,46.9046,83.7111,81.4783,80.5142,62.7876,3.6536,82.9668,52.1793,50.0154,,59.8416,82.9668,52.1793,57.9728,922.0,Lower combined pressure
20133,,,,,,,7.7567,0.0464,Neosho,KS,10.3,8.9,8.1,14.1,17.0,20.7,9.4,,,0.6847,0.0,0.0,,,50.0154,,,,,83.9793,74.4792,,,38.0751,60.1488,57.747,36.6881,46.3972,26.4208,44.0291,76.9397,50.0154,79.2292,44.2462,44.0291,76.9397,57.9704,923.0,Lower combined pressure
39127,,,,,,,,,Perry,OH,11.2,10.1,8.3,15.9,18.8,27.0,8.8,,,0.5707,0.0,0.0,,,50.0154,,,,,,,,,77.4357,79.1272,63.1597,67.8112,80.7341,90.0203,35.8085,57.9598,50.0154,,76.3814,35.8085,57.9598,57.9691,924.0,High health vulnerability
13055,,,,,,,,0.0416,Chattooga,GA,10.7,11.3,8.9,18.5,20.0,23.1,17.2,,,0.6808,0.0,0.0,,,50.0154,,,,,,26.9531,,,55.8018,91.069,77.7233,94.3674,92.8112,53.9073,91.6779,76.3833,50.0154,26.9531,77.6133,91.6779,76.3833,57.9524,925.0,High health vulnerability
48283,,,,,,,,,La Salle,TX,8.7,6.8,6.9,16.8,18.3,19.5,39.7,,,0.8163,0.0,0.0,,,50.0154,,,,,,,,,0.9472,21.0927,27.2666,79.1779,72.615,13.3965,99.797,95.425,50.0154,,35.7493,99.797,95.425,57.9522,926.0,Lower combined pressure
37159,,,,,,,7.3936,0.0448,Rowan,NC,11.0,8.4,7.3,14.3,17.5,24.7,11.7,,,0.5567,0.0,0.0,,,50.0154,,,,,79.845,57.2917,,,68.9953,50.592,36.3329,40.3078,56.8166,70.6867,67.1516,55.9505,50.0154,68.5683,53.9552,67.1516,55.9505,57.9457,927.0,Lower combined pressure
40093,,,,,,,,,Major,OK,11.0,9.1,8.4,15.1,16.9,24.2,11.0,,,0.651,0.0,0.0,,,50.0154,,,,,,,,,68.9953,63.6333,66.0521,54.956,44.5704,65.6461,60.724,72.1484,50.0154,,60.6422,60.724,72.1484,57.9365,928.0,Lower combined pressure
21107,,,,,,,,,Hopkins,KY,,,,,,,,,,0.7104,0.0,0.0,,,50.0154,,,,,,,,,,,,,,,,81.6692,50.0154,,,,81.6692,57.9289,929.0,Lower combined pressure
21127,,,,,,,,,Lawrence,KY,,,,,,,,,,0.7103,0.0,0.0,,,50.0154,,,,,,,,,,,,,,,,81.6074,50.0154,,,,81.6074,57.9134,930.0,Lower combined pressure
51770,,,,,,,,,Roanoke,VA,11.5,8.4,7.4,15.3,18.1,23.5,10.7,,,0.6782,0.0,0.0,,,50.0154,,,,,,,,,86.316,50.592,38.6671,58.7449,68.7415,58.6265,57.8654,75.6723,50.0154,,60.2813,57.8654,75.6723,57.905,931.0,Lower combined pressure
47043,,,,,,,,,Dickson,TN,10.9,8.6,6.8,15.1,19.6,29.4,11.2,,,0.5873,0.0,0.0,,,50.0154,,,,,,,,,64.4621,54.6854,25.406,54.956,89.6989,96.1604,62.703,60.8964,50.0154,,64.2281,62.703,60.8964,57.8955,932.0,Lower combined pressure
48489,,,,,,,,,Willacy,TX,8.9,7.2,7.7,18.5,18.4,19.5,40.8,,,0.6827,0.0,0.0,,,50.0154,,,,,,,,,1.9452,27.6894,46.431,94.3674,74.5264,13.3965,99.8647,76.6306,50.0154,,43.0593,99.8647,76.6306,57.892,933.0,Lower combined pressure
48185,,,,,,,,,Grimes,TX,10.1,8.1,7.5,15.2,17.8,22.6,18.5,,,0.6538,0.0,0.0,,,50.0154,,,,,,,,,29.2794,44.7903,41.0859,56.8843,62.7876,47.7165,94.0291,72.3648,50.0154,,47.0907,94.0291,72.3648,57.8889,934.0,Lower combined pressure
48267,,,,,,,,,Kimble,TX,10.0,10.1,9.9,16.5,16.2,22.5,16.9,,,0.4942,0.0,0.0,,,50.0154,,,,,,,,,24.8816,79.1272,92.4899,75.7442,32.1719,46.3464,91.2889,46.4915,50.0154,,58.4602,91.2889,46.4915,57.8636,935.0,Lower combined pressure
29199,,,,,,,,,Scotland,MO,10.8,10.4,8.4,16.5,18.5,25.1,10.7,,,0.4803,0.0,0.0,,,50.0154,,,,,,,,,60.2842,82.6793,66.0521,75.7442,76.387,75.1691,57.8654,44.2349,50.0154,,72.7193,57.8654,44.2349,57.8593,936.0,Lower combined pressure
39125,,,,,,,,,Paulding,OH,10.9,9.2,8.1,15.0,17.8,25.7,8.7,,,0.7615,0.0,0.0,,,50.0154,,,,,,,,,64.4621,65.4093,57.747,53.0277,62.7876,80.8525,34.2524,89.5209,50.0154,,64.0477,34.2524,89.5209,57.8585,937.0,Lower combined pressure
40027,,,,,,,9.0161,0.0514,Cleveland,OK,11.0,6.4,5.9,12.3,17.5,25.5,9.4,,,0.4767,0.0,0.0,,,50.0154,,,,,95.0904,96.4844,,,68.9953,15.9168,11.3498,10.2842,56.8166,79.1779,44.0291,43.8331,50.0154,95.7874,40.4234,44.0291,43.8331,57.8436,938.0,Lower combined pressure
13129,,,,,,,,,Gordon,GA,10.2,8.7,7.3,16.4,18.7,22.5,16.6,,,0.5659,0.0,0.0,,,50.0154,,,,,,,,,33.4405,56.4445,36.3329,74.6448,79.2456,46.3464,90.3755,57.3416,50.0154,,54.4091,90.3755,57.3416,57.8381,939.0,Lower combined pressure
48279,,,,,,,,,Lamb,TX,9.6,7.9,7.9,16.8,17.6,21.4,27.3,,,0.6379,0.0,0.0,,,50.0154,,,,,,,,,11.4344,40.8829,52.1313,79.1779,59.0325,34.3369,98.4438,69.8609,50.0154,,46.166,98.4438,69.8609,57.8355,940.0,Lower combined pressure
48499,,,,,,,,,Wood,TX,10.3,9.3,8.8,15.5,16.7,23.2,13.6,,,0.6001,0.0,0.0,,,50.0154,,,,,,,,,38.0751,66.9486,75.9303,61.6204,40.8153,55.1252,79.4317,63.153,50.0154,,56.4191,79.4317,63.153,57.8238,941.0,Lower combined pressure
18169,,,,,,,,0.0458,Wabash,IN,11.3,9.7,8.1,14.8,17.5,24.6,8.0,,,0.6476,0.0,0.0,,,50.0154,,,,,,68.75,,,80.8863,73.1055,57.747,49.2896,56.8166,69.5873,23.1225,71.6538,50.0154,68.75,64.5721,23.1225,71.6538,57.8128,942.0,Lower combined pressure
21147,,,,,,,,,McCreary,KY,,,,,,,,,,0.7072,0.0,0.0,,,50.0154,,,,,,,,,,,,,,,,81.1747,50.0154,,,,81.1747,57.8052,943.0,Lower combined pressure
26039,,,,,,,,,Crawford,MI,11.6,11.6,10.0,16.9,17.5,27.5,6.9,,,0.6089,0.0,0.0,,,50.0154,,,,,,,,,88.5149,93.0988,93.2848,80.5142,56.8166,92.5237,8.4743,64.6986,50.0154,,84.1255,8.4743,64.6986,57.8044,944.0,High health vulnerability
46109,,,,,,,,,Roberts,SD,11.4,9.7,9.5,16.1,16.8,20.5,10.4,,,0.6297,0.0,0.0,,,50.0154,,,,,,,,,83.7957,73.1055,87.8383,70.8728,42.7267,24.1543,55.5819,68.5317,50.0154,,63.7489,55.5819,68.5317,57.8043,945.0,Lower combined pressure
26007,,,,,,,,,Alpena,MI,11.9,11.4,9.5,16.6,18.1,27.9,7.0,,,0.5839,0.0,0.0,,,50.0154,,,,,,,,,92.9465,91.7794,87.8383,76.8606,68.7415,93.7246,9.5399,60.4328,50.0154,,85.3152,9.5399,60.4328,57.7742,946.0,High health vulnerability
29005,,,,,,,,,Atchison,MO,10.5,10.9,9.4,16.6,16.9,24.7,8.9,,,0.664,0.0,0.0,,,50.0154,,,,,,,,,46.9046,87.6015,86.316,76.8606,44.5704,70.6867,37.297,73.8794,50.0154,,68.8233,37.297,73.8794,57.7708,947.0,Lower combined pressure
40065,,,,,,,,,Jackson,OK,11.0,7.9,7.3,14.6,17.5,24.6,13.9,,,0.6353,0.0,0.0,,,50.0154,,,,,,,,,68.9953,40.8829,36.3329,45.4838,56.8166,69.5873,80.8356,69.5518,50.0154,,53.0165,80.8356,69.5518,57.73,948.0,Lower combined pressure
42087,,,,,,,,,Mifflin,PA,,,,,,,,,,0.7053,0.0,0.0,,,50.0154,,,,,,,,,,,,,,,,80.8346,50.0154,,,,80.8346,57.7202,949.0,Lower combined pressure
21153,,,,,,,,,Magoffin,KY,,,,,,,,,,0.705,0.0,0.0,,,50.0154,,,,,,,,,,,,,,,,80.8037,50.0154,,,,80.8037,57.7125,950.0,Lower combined pressure
42041,,,,,,,7.9463,,Cumberland,PA,,,,,,,,,,-17.7256,0.0,0.0,,,50.0154,,,,,85.9173,,,,,,,,,,,10.2628,50.0154,85.9173,,,10.2628,57.708,951.0,Lower combined pressure
48117,,,,,,,,,Deaf Smith,TX,9.4,7.2,7.1,17.2,18.4,20.9,34.7,,,0.6866,0.0,0.0,,,50.0154,,,,,,,,,8.0176,27.6894,31.4276,84.3031,74.5264,28.5521,99.3911,77.2488,50.0154,,42.4194,99.3911,77.2488,57.6979,952.0,Lower combined pressure
20049,,,,,,,,,Elk,KS,10.4,11.1,10.3,16.3,16.3,21.1,9.5,,,0.7318,0.0,0.0,,,50.0154,,,,,,,,,42.6928,89.4621,95.3654,73.4269,33.8802,31.0724,45.3484,84.8223,50.0154,,60.9833,45.3484,84.8223,57.69,953.0,Lower combined pressure
16047,,,,,,,,,Gooding,ID,10.7,8.7,8.0,16.4,16.7,20.9,17.9,,,0.5804,0.0,0.0,,,50.0154,,,,,,,,,55.8018,56.4445,55.0744,74.6448,40.8153,28.5521,93.0819,59.7836,50.0154,,51.8888,93.0819,59.7836,57.6845,954.0,Lower combined pressure
48467,,,,,,,,,Van Zandt,TX,10.4,8.5,7.7,15.2,18.1,24.7,13.9,,,0.5872,0.0,0.0,,,50.0154,,,,,,,,,42.6928,52.6556,46.431,56.8843,68.7415,70.6867,80.8356,60.8655,50.0154,,56.3487,80.8356,60.8655,57.6825,955.0,Lower combined pressure
48257,,,,,,,7.5153,0.0477,Kaufman,TX,10.4,5.8,5.0,13.1,18.3,22.2,16.8,,,0.4951,0.0,0.0,,,50.0154,,,,,81.2661,86.3281,,,42.6928,9.3369,3.1461,20.1116,72.615,43.1834,91.0014,46.5842,50.0154,83.7971,31.8477,91.0014,46.5842,57.6744,956.0,Lower combined pressure
21165,,,,,,,,,Menifee,KY,,,,,,,,,,0.7043,0.0,0.0,,,50.0154,,,,,,,,,,,,,,,,80.6491,50.0154,,,,80.6491,57.6738,957.0,Lower combined pressure
26159,,,,,,,,,Van Buren,MI,11.7,9.5,8.0,15.8,18.2,27.4,8.7,,,0.5987,0.0,0.0,,,50.0154,,,,,,,,,90.3586,69.9763,55.0744,66.3904,70.6698,92.067,34.2524,62.8748,50.0154,,74.0894,34.2524,62.8748,57.6529,958.0,Lower combined pressure
40059,,,,,,,,,Harper,OK,10.7,9.0,8.5,15.3,16.2,23.3,13.8,,,0.5991,0.0,0.0,,,50.0154,,,,,,,,,55.8018,61.8572,68.9276,58.7449,32.1719,56.2754,80.362,62.9057,50.0154,,55.6298,80.362,62.9057,57.6518,959.0,Lower combined pressure
48229,,,,,,,,,Hudspeth,TX,8.9,6.6,6.0,16.5,19.6,20.5,38.6,,,0.7634,0.0,0.0,,,50.0154,,,,,,,,,1.9452,18.4202,12.6522,75.7442,89.6989,24.1543,99.7294,89.83,50.0154,,37.1025,99.7294,89.83,57.6482,960.0,Lower combined pressure
21017,,,,,,,,,Bourbon,KY,,,,,,,,,,0.7038,0.0,0.0,,,50.0154,,,,,,,,,,,,,,,,80.4946,50.0154,,,,80.4946,57.6352,961.0,Lower combined pressure
01067,,,,,,,,,Henry,AL,10.3,9.7,8.9,15.7,17.0,23.0,10.3,,,0.7032,0.0,0.0,,,50.0154,,,,,,,,,38.0751,73.1055,77.7233,64.8512,46.3972,52.8417,54.7023,80.4328,50.0154,,58.8323,54.7023,80.4328,57.6349,962.0,Lower combined pressure
08055,,,,,,,,,Huerfano,CO,10.8,8.6,9.1,15.7,14.7,20.6,13.4,,,0.6975,0.0,0.0,,,50.0154,,,,,,,,,60.2842,54.6854,81.4783,64.8512,12.3647,25.3552,78.366,79.2581,50.0154,,49.8365,78.366,79.2581,57.6349,963.0,Lower combined pressure
18141,,,,,,,7.4098,0.0461,St. Joseph,IN,11.1,7.8,6.5,13.4,18.6,27.2,9.0,,,0.5949,0.0,0.0,,,50.0154,,,,,80.1034,71.4844,,,73.5284,38.887,19.5873,24.6786,77.9601,91.1198,38.7348,62.3493,50.0154,75.7939,54.2935,38.7348,62.3493,57.6349,964.0,Lower combined pressure
16075,,,,,,,,,Payette,ID,10.9,8.4,7.7,15.4,16.4,22.5,13.5,,,0.6833,0.0,0.0,,,50.0154,,,,,,,,,64.4621,50.592,46.431,60.2334,35.4533,46.3464,78.9073,76.7543,50.0154,,50.5864,78.9073,76.7543,57.6232,965.0,Lower combined pressure
20189,,,,,,,,,Stevens,KS,10.1,9.1,8.4,16.3,17.2,19.9,19.0,,,0.5968,0.0,0.0,,,50.0154,,,,,,,,,29.2794,63.6333,66.0521,73.4269,50.203,16.9317,94.6211,62.5811,50.0154,,49.9211,94.6211,62.5811,57.6068,966.0,Lower combined pressure
26123,,,,,,,,,Newaygo,MI,11.6,10.4,8.5,16.0,18.2,26.9,8.0,,,0.6005,0.0,0.0,,,50.0154,,,,,,,,,88.5149,82.6793,68.9276,69.3505,70.6698,89.3437,23.1225,63.2457,50.0154,,78.2476,23.1225,63.2457,57.6045,967.0,High health vulnerability
29033,,,,,,,,,Carroll,MO,10.6,10.3,8.6,16.4,17.7,24.9,9.3,,,0.6212,0.0,0.0,,,50.0154,,,,,,,,,51.2686,81.6137,71.6678,74.6448,60.8424,73.1225,42.7943,66.9861,50.0154,,68.8599,42.7943,66.9861,57.5969,968.0,Lower combined pressure
08029,,,,,,,,,Delta,CO,11.4,9.2,8.8,15.8,16.2,23.6,11.9,,,0.5417,0.0,0.0,,,50.0154,,,,,,,,,83.7957,65.4093,75.9303,66.3904,32.1719,59.726,68.8092,53.3539,50.0154,,63.9039,68.8092,53.3539,57.5959,969.0,Lower combined pressure
47017,,,,,,,,,Carroll,TN,11.2,10.5,8.4,16.8,20.2,29.7,12.0,,,-110.3439,0.0,0.0,,,50.0154,,,,,,,,,77.4357,83.7111,66.0521,79.1779,93.9953,96.6678,69.5196,5.255,50.0154,,82.84,69.5196,5.255,57.5894,970.0,High health vulnerability
22113,,,,,,,,,Vermilion,LA,10.3,10.0,8.1,16.8,20.3,28.7,9.2,,,0.5578,0.0,0.0,,,50.0154,,,,,,,,,38.0751,77.8924,57.747,79.1779,94.452,94.8579,41.475,56.136,50.0154,,73.7004,41.475,56.136,57.5878,971.0,Lower combined pressure
21189,,,,,,,,,Owsley,KY,,,,,,,,,,0.7024,0.0,0.0,,,50.0154,,,,,,,,,,,,,,,,80.2782,50.0154,,,,80.2782,57.5811,972.0,Lower combined pressure
13229,,,,,,,,,Pierce,GA,10.5,9.3,7.9,16.3,18.8,22.5,14.0,,,0.503,0.0,0.0,,,50.0154,,,,,,,,,46.9046,66.9486,52.1313,73.4269,80.7341,46.3464,81.4107,47.6662,50.0154,,61.082,81.4107,47.6662,57.5771,973.0,Lower combined pressure
39143,,,,,,,,,Sandusky,OH,10.7,8.8,8.0,15.1,17.6,25.0,9.2,,,0.7754,0.0,0.0,,,50.0154,,,,,,,,,55.8018,58.2206,55.0744,54.956,59.0325,74.205,41.475,91.4065,50.0154,,59.5484,41.475,91.4065,57.5732,974.0,Lower combined pressure
21087,,,,,,,,,Green,KY,,,,,,,,,,0.7021,0.0,0.0,,,50.0154,,,,,,,,,,,,,,,,80.1855,50.0154,,,,80.1855,57.5579,975.0,Lower combined pressure
18165,,,,,,,,,Vermillion,IN,11.5,10.1,8.2,15.6,18.4,26.3,8.1,,,0.6375,0.0,0.0,,,50.0154,,,,,,,,,86.316,79.1272,60.3857,63.2273,74.5264,85.2334,24.7294,69.83,50.0154,,74.8027,24.7294,69.83,57.5483,976.0,Lower combined pressure
51141,,,,,,,,,Patrick,VA,11.0,11.0,10.1,17.6,17.2,23.7,9.8,,,0.4835,0.0,0.0,,,50.0154,,,,,,,,,68.9953,88.498,94.0291,88.2442,50.203,60.8762,48.7483,44.8841,50.0154,,75.141,48.7483,44.8841,57.5375,977.0,High health vulnerability
37045,,,,,,,,,Cleveland,NC,11.5,9.1,7.8,14.6,17.8,25.9,10.9,,,0.5768,0.0,0.0,,,50.0154,,,,,,,,,86.316,63.6333,49.0866,45.4838,62.7876,82.5947,59.8275,59.1036,50.0154,,64.9836,59.8275,59.1036,57.5249,978.0,Lower combined pressure
26097,,,,,,,,,Mackinac,MI,12.0,11.7,10.4,17.6,17.3,25.9,7.3,,,0.5589,0.0,0.0,,,50.0154,,,,,,,,,93.9107,93.5724,96.0081,88.2442,52.3681,82.5947,13.4641,56.4142,50.0154,,84.4497,13.4641,56.4142,57.4732,979.0,High health vulnerability
37123,,,,,,,7.4334,0.0414,Montgomery,NC,11.1,9.8,8.8,15.6,17.1,24.5,13.5,,,0.4803,0.0,0.0,,,50.0154,,,,,80.491,26.0417,,,73.5284,74.7124,75.9303,63.2273,48.0717,68.4709,78.9073,44.2968,50.0154,53.2663,67.3235,78.9073,44.2968,57.4725,980.0,Lower combined pressure
42111,,,,,,,,0.0456,Somerset,PA,,,,,,,,,,0.5714,0.0,0.0,,,50.0154,,,,,,66.0156,,,,,,,,,,58.1453,50.0154,66.0156,,,58.1453,57.4201,981.0,Lower combined pressure
26145,,,,,,,,,Saginaw,MI,12.2,9.6,8.0,15.9,18.5,26.5,8.2,,,0.6139,0.0,0.0,,,50.0154,,,,,,,,,95.5514,71.5663,55.0744,67.8112,76.387,86.6543,26.3024,65.5023,50.0154,,75.5074,26.3024,65.5023,57.4159,982.0,High health vulnerability
37007,,,,,,,,,Anson,NC,12.0,10.5,8.8,16.2,18.9,23.4,14.0,,,-110.4122,0.0,0.0,,,50.0154,,,,,,,,,93.9107,83.7111,75.9303,72.1583,82.3748,57.4256,81.4107,5.1932,50.0154,,77.5851,81.4107,5.1932,57.4151,983.0,High health vulnerability
16053,,,,,,,,,Jerome,ID,10.8,8.0,7.0,16.2,17.2,21.6,20.4,,,0.6015,0.0,0.0,,,50.0154,,,,,,,,,60.2842,42.7436,29.161,72.1583,50.203,36.502,95.8051,63.4003,50.0154,,48.5087,95.8051,63.4003,57.4031,984.0,Lower combined pressure
01123,,,,,,,,,Tallapoosa,AL,10.3,9.5,9.0,15.8,16.9,23.5,10.0,,,0.7045,0.0,0.0,,,50.0154,,,,,,,,,38.0751,69.9763,79.5839,66.3904,44.5704,58.6265,50.8796,80.6801,50.0154,,59.5371,50.8796,80.6801,57.3931,985.0,Lower combined pressure
42043,,,,,,,8.5281,0.0432,Dauphin,PA,,,,,,,,,,0.5601,0.0,0.0,,,50.0154,,,,,91.7313,41.276,,,,,,,,,,56.5688,50.0154,66.5037,,,56.5688,57.3653,986.0,Lower combined pressure
28015,,,,,,,,,Carroll,MS,9.8,11.3,10.3,17.1,16.7,18.6,13.0,,,0.606,0.0,0.0,,,50.0154,,,,,,,,,16.6272,91.069,95.3654,83.2206,40.8153,8.1867,76.2686,64.1113,50.0154,,55.8807,76.2686,64.1113,57.3504,987.0,Lower combined pressure
28129,,,,,,,,,Smith,MS,10.2,11.0,9.3,16.8,17.9,20.9,12.5,,,0.5104,0.0,0.0,,,50.0154,,,,,,,,,33.4405,88.498,84.7936,79.1779,64.9019,28.5521,73.1901,48.7481,50.0154,,63.2273,73.1901,48.7481,57.3404,988.0,Lower combined pressure
28037,,,,,,,,,Franklin,MS,10.2,11.3,9.7,17.1,17.5,19.6,12.1,,,0.5561,0.0,0.0,,,50.0154,,,,,,,,,33.4405,91.069,90.6461,83.2206,56.8166,14.2422,70.2639,55.7342,50.0154,,61.5725,70.2639,55.7342,57.3301,989.0,Lower combined pressure
17127,,,,,,,,,Massac,IL,10.9,9.7,8.3,15.5,17.7,22.8,8.4,,,0.8072,0.0,0.0,,,50.0154,,,,,,,,,64.4621,73.1055,63.1597,61.6204,60.8424,50.406,29.4147,94.7141,50.0154,,62.266,29.4147,94.7141,57.312,990.0,Lower combined pressure
01029,,,,,,,,,Cleburne,AL,10.0,9.8,8.4,15.9,18.1,25.5,10.1,,,0.6296,0.0,0.0,,,50.0154,,,,,,,,,24.8816,74.7124,66.0521,67.8112,68.7415,79.1779,52.3512,68.5008,50.0154,,63.5628,52.3512,68.5008,57.3074,991.0,Lower combined pressure
45001,,,,,,,,,Abbeville,SC,10.3,9.9,8.6,16.5,17.6,23.2,12.5,,,0.5193,0.0,0.0,,,50.0154,,,,,,,,,38.0751,76.3532,71.6678,75.7442,59.0325,55.1252,73.1901,49.8918,50.0154,,62.6663,73.1901,49.8918,57.3059,992.0,Lower combined pressure
48129,,,,,,,,,Donley,TX,10.4,8.9,8.4,15.3,17.7,23.6,14.6,,,0.5245,0.0,0.0,,,50.0154,,,,,,,,,42.6928,60.1488,66.0521,58.7449,60.8424,59.726,84.1171,50.541,50.0154,,58.0345,84.1171,50.541,57.3054,993.0,Lower combined pressure
28139,,,,,,,,,Tippah,MS,9.8,9.8,8.1,16.0,18.2,21.3,12.4,,,0.6574,0.0,0.0,,,50.0154,,,,,,,,,16.6272,74.7124,57.747,69.3505,70.6698,33.3897,72.4797,72.8903,50.0154,,53.7494,72.4797,72.8903,57.3053,994.0,Lower combined pressure
48115,,,,,,,,,Dawson,TX,9.4,7.6,7.0,16.5,18.6,21.1,29.9,,,0.6609,0.0,0.0,,,50.0154,,,,,,,,,8.0176,35.0812,29.161,75.7442,77.9601,31.0724,99.0528,73.5394,50.0154,,42.8394,99.0528,73.5394,57.2983,995.0,Lower combined pressure
08071,,,,,,,,,Las Animas,CO,10.8,8.2,8.5,16.0,16.0,21.7,16.8,,,0.5748,0.0,0.0,,,50.0154,,,,,,,,,60.2842,46.8539,68.9276,69.3505,28.8058,37.7368,91.0014,58.7017,50.0154,,51.9931,91.0014,58.7017,57.2976,996.0,Lower combined pressure
18045,,,,,,,,,Fountain,IN,11.5,10.0,8.2,15.8,18.2,26.0,8.6,,,0.5911,0.0,0.0,,,50.0154,,,,,,,,,86.316,77.8924,60.3857,66.3904,70.6698,83.3221,32.6286,61.6383,50.0154,,74.1627,32.6286,61.6383,57.296,997.0,Lower combined pressure
29021,,,,,,,5.7362,,Buchanan,MO,10.9,9.3,7.6,15.6,18.4,24.8,10.6,,,0.7083,0.0,0.0,,,50.0154,,,,,49.6124,,,,64.4621,66.9486,43.8092,63.2273,74.5264,71.8539,56.935,81.4219,50.0154,49.6124,64.1379,56.935,81.4219,57.2779,998.0,Lower combined pressure
51590,,,,,,,,,Danville,VA,12.5,10.7,9.0,17.7,19.3,22.1,12.4,,,-61.6397,0.0,0.0,,,50.0154,,,,,,,,,97.3782,85.8762,79.5839,89.0054,86.9587,42.1516,72.4797,6.5224,50.0154,,80.159,72.4797,6.5224,57.2594,999.0,High health vulnerability
08099,,,,,,,5.5455,,Prowers,CO,11.1,8.1,7.6,15.9,17.6,22.4,18.3,,,0.6494,0.0,0.0,,,50.0154,,,,,47.0284,,,,73.5284,44.7903,43.8092,67.8112,59.0325,45.1455,93.843,71.9011,50.0154,47.0284,55.6862,93.843,71.9011,57.2577,1000.0,Lower combined pressure
48049,,,,,,,,,Brown,TX,10.1,8.5,7.8,15.5,17.7,23.5,16.6,,,0.5753,0.0,0.0,,,50.0154,,,,,,,,,29.2794,52.6556,49.0866,61.6204,60.8424,58.6265,90.3755,58.7944,50.0154,,52.0185,90.3755,58.7944,57.235,1001.0,Lower combined pressure
29125,,,,,,,,,Maries,MO,10.7,10.3,8.5,16.5,17.9,25.2,9.3,,,0.5817,0.0,0.0,,,50.0154,,,,,,,,,55.8018,81.6137,68.9276,75.7442,64.9019,76.0487,42.7943,60.1236,50.0154,,70.5063,42.7943,60.1236,57.2307,1002.0,Lower combined pressure
40045,,,,,,,,,Ellis,OK,11.0,9.5,9.1,15.2,16.5,24.2,10.6,,,0.6042,0.0,0.0,,,50.0154,,,,,,,,,68.9953,69.9763,81.4783,56.8843,37.0095,65.6461,56.935,63.8331,50.0154,,63.3316,56.935,63.8331,57.2191,1003.0,Lower combined pressure
29115,,,,,,,,,Linn,MO,10.7,10.4,8.5,16.3,17.9,25.1,9.6,,,0.5633,0.0,0.0,,,50.0154,,,,,,,,,55.8018,82.6793,68.9276,73.4269,64.9019,75.1691,46.6509,57.0634,50.0154,,70.1511,46.6509,57.0634,57.2184,1004.0,Lower combined pressure
48305,,,,,,,,,Lynn,TX,9.9,8.0,7.5,16.0,18.0,22.9,21.9,,,0.5836,0.0,0.0,,,50.0154,,,,,,,,,20.5514,42.7436,41.0859,69.3505,66.8978,51.7253,96.7524,60.3709,50.0154,,48.7258,96.7524,60.3709,57.1979,1005.0,Lower combined pressure
48035,,,,,,,,,Bosque,TX,10.0,8.7,8.4,15.2,16.5,22.9,14.7,,,0.6495,0.0,0.0,,,50.0154,,,,,,,,,24.8816,56.4445,66.0521,56.8843,37.0095,51.7253,84.5907,71.9938,50.0154,,48.8329,84.5907,71.9938,57.1617,1006.0,Lower combined pressure
42097,,,,,,,,,Northumberland,PA,,,,,,,,,,0.6927,0.0,0.0,,,50.0154,,,,,,,,,,,,,,,,78.5781,50.0154,,,,78.5781,57.1561,1007.0,Lower combined pressure
01037,,,,,,,,,Coosa,AL,10.3,10.6,9.8,17.0,16.9,22.2,10.9,,,0.5749,0.0,0.0,,,50.0154,,,,,,,,,38.0751,84.8782,91.5934,81.8166,44.5704,43.1834,59.8275,58.7326,50.0154,,64.0195,59.8275,58.7326,57.154,1008.0,Lower combined pressure
21069,,,,,,,,,Fleming,KY,,,,,,,,,,0.6926,0.0,0.0,,,50.0154,,,,,,,,,,,,,,,,78.5471,50.0154,,,,78.5471,57.1483,1009.0,Lower combined pressure
42107,,,,,,,,,Schuylkill,PA,,,,,,,,,,0.6924,0.0,0.0,,,50.0154,,,,,,,,,,,,,,,,78.5162,50.0154,,,,78.5162,57.1406,1010.0,Lower combined pressure
48321,,,,,,,,,Matagorda,TX,9.9,8.3,7.9,16.1,17.4,22.0,22.6,,,0.5903,0.0,0.0,,,50.0154,,,,,,,,,20.5514,48.6637,52.1313,70.8728,54.364,41.0183,97.0907,61.5147,50.0154,,47.9336,97.0907,61.5147,57.1314,1011.0,Lower combined pressure
21103,,,,,,,,,Henry,KY,,,,,,,,,,0.6917,0.0,0.0,,,50.0154,,,,,,,,,,,,,,,,78.4544,50.0154,,,,78.4544,57.1252,1012.0,Lower combined pressure
37191,,,,,,,,,Wayne,NC,11.5,8.4,7.4,14.4,17.9,24.2,13.0,,,0.5627,0.0,0.0,,,50.0154,,,,,,,,,86.316,50.592,38.6671,42.1685,64.9019,65.6461,76.2686,57.0015,50.0154,,58.0486,76.2686,57.0015,57.1251,1013.0,Lower combined pressure
20173,,,,,,,10.1714,0.0482,Sedgwick,KS,10.0,7.1,6.5,12.8,17.0,22.6,11.4,,,0.4992,0.0,0.0,,,50.0154,,,,,98.4496,88.9323,,,24.8816,25.9303,19.5873,16.1536,46.3972,47.7165,64.6313,47.017,50.0154,93.691,30.1111,64.6313,47.017,57.12,1014.0,Lower combined pressure
29111,,,,,,,,,Lewis,MO,11.0,9.9,7.9,16.1,19.1,25.8,9.7,,,0.5155,0.0,0.0,,,50.0154,,,,,,,,,68.9953,76.3532,52.1313,70.8728,84.8951,81.8166,47.7165,49.3354,50.0154,,72.5107,47.7165,49.3354,57.1167,1015.0,Lower combined pressure
21135,,,,,,,,,Lewis,KY,,,,,,,,,,0.6914,0.0,0.0,,,50.0154,,,,,,,,,,,,,,,,78.3617,50.0154,,,,78.3617,57.102,1016.0,Lower combined pressure
28143,,,,,,,,,Tunica,MS,11.7,11.2,8.5,18.0,20.3,18.6,16.1,,,-249.1844,0.0,0.0,,,50.0154,,,,,,,,,90.3586,90.3248,68.9276,91.4242,94.452,8.1867,88.9885,4.2349,50.0154,,73.9456,88.9885,4.2349,57.0845,1017.0,Lower combined pressure
54021,,,,,,,,,Gilmer,WV,11.6,10.1,8.2,17.0,21.4,28.4,11.4,,,-332.5532,0.0,0.0,,,50.0154,,,,,,,,,88.5149,79.1272,60.3857,81.8166,98.2747,94.5365,64.6313,3.9876,50.0154,,83.7759,64.6313,3.9876,57.0807,1018.0,High health vulnerability
21183,,,,,,,,,Ohio,KY,,,,,,,,,,0.6912,0.0,0.0,,,50.0154,,,,,,,,,,,,,,,,78.2689,50.0154,,,,78.2689,57.0788,1019.0,Lower combined pressure
28079,,,,,,,,,Leake,MS,10.4,9.7,8.3,16.5,17.9,19.2,13.6,,,0.5853,0.0,0.0,,,50.0154,,,,,,,,,42.6928,73.1055,63.1597,75.7442,64.9019,10.9777,79.4317,60.5255,50.0154,,55.097,79.4317,60.5255,57.0328,1020.0,Lower combined pressure
37107,,,,,,,,0.0411,Lenoir,NC,12.2,11.1,9.5,16.9,18.5,24.2,13.9,,,0.671,0.0,0.0,,,50.0154,,,,,,23.3073,,,95.5514,89.4621,87.8383,80.5142,76.387,65.6461,80.8356,74.6832,50.0154,23.3073,82.5665,80.8356,74.6832,57.025,1021.0,High health vulnerability
39003,,,,,,,6.3249,0.0444,Allen,OH,11.1,9.1,7.9,14.6,18.3,27.2,8.3,,,0.7307,0.0,0.0,,,50.0154,,,,,59.0439,54.1667,,,73.5284,63.6333,52.1313,45.4838,72.615,91.1198,27.8417,84.7604,50.0154,56.6053,66.4186,27.8417,84.7604,57.0208,1022.0,Lower combined pressure
13149,,,,,,,,,Heard,GA,10.5,9.2,7.8,16.4,19.1,22.6,13.5,,,0.4845,0.0,0.0,,,50.0154,,,,,,,,,46.9046,65.4093,49.0866,74.6448,84.8951,47.7165,78.9073,45.0696,50.0154,,61.4428,78.9073,45.0696,57.0174,1023.0,Lower combined pressure
39005,,,,,,,,,Ashland,OH,11.0,9.6,8.2,15.7,18.0,26.0,8.2,,,0.6891,0.0,0.0,,,50.0154,,,,,,,,,68.9953,71.5663,60.3857,64.8512,66.8978,83.3221,26.3024,77.9289,50.0154,,69.3364,26.3024,77.9289,57.0158,1024.0,Lower combined pressure
37035,,,,,,,7.5743,,Catawba,NC,10.7,7.8,7.1,13.4,16.7,25.7,10.9,,,0.4553,0.0,0.0,,,50.0154,,,,,82.4289,,,,55.8018,38.887,31.4276,24.6786,40.8153,80.8525,59.8275,40.6801,50.0154,82.4289,45.4105,59.8275,40.6801,57.0152,1025.0,Lower combined pressure
01111,,,,,,,,,Randolph,AL,10.3,9.7,8.7,15.7,17.6,24.4,10.2,,,0.6206,0.0,0.0,,,50.0154,,,,,,,,,38.0751,73.1055,74.002,64.8512,59.0325,67.5406,53.6536,66.8624,50.0154,,62.7678,53.6536,66.8624,56.9976,1026.0,Lower combined pressure
02050,,,,,,,,,Bethel,AK,13.6,9.9,7.7,19.7,21.6,21.0,15.9,,,-999.0,0.0,0.0,,,50.0154,,,,,,,,,99.4926,76.3532,46.431,98.3593,98.6806,29.7361,88.3288,1.9629,50.0154,,74.8421,88.3288,1.9629,56.9924,1027.0,Lower combined pressure
51820,,,,,,,,,Waynesboro,VA,11.0,7.9,7.1,14.8,17.7,24.2,10.3,,,0.7683,0.0,0.0,,,50.0154,,,,,,,,,68.9953,40.8829,31.4276,49.2896,60.8424,65.6461,54.7023,90.4482,50.0154,,52.8473,54.7023,90.4482,56.9753,1028.0,Lower combined pressure
21219,,,,,,,,,Todd,KY,,,,,,,,,,0.6884,0.0,0.0,,,50.0154,,,,,,,,,,,,,,,,77.6816,50.0154,,,,77.6816,56.932,1029.0,Lower combined pressure
06091,,,,,,,,,Sierra,CA,10.6,10.2,10.3,17.5,16.8,23.2,7.5,,,0.7571,0.0,0.0,,,50.0154,,,,,,,,,51.2686,80.2943,95.3654,87.2294,42.7267,55.1252,16.3058,88.9026,50.0154,,68.6682,16.3058,88.9026,56.9234,1030.0,Lower combined pressure
18101,,,,,,,,,Martin,IN,11.5,10.3,8.6,15.8,18.2,25.7,8.5,,,0.5537,0.0,0.0,,,50.0154,,,,,,,,,86.316,81.6137,71.6678,66.3904,70.6698,80.8525,31.0047,55.2087,50.0154,,76.2517,31.0047,55.2087,56.9185,1031.0,High health vulnerability
37151,,,,,,,,,Randolph,NC,10.9,9.2,7.8,14.9,17.9,26.5,13.0,,,0.462,0.0,0.0,,,50.0154,,,,,,,,,64.4621,65.4093,49.0866,51.1671,64.9019,86.6543,76.2686,41.4838,50.0154,,63.6136,76.2686,41.4838,56.911,1032.0,Lower combined pressure
28147,,,,,,,,,Walthall,MS,10.3,10.4,9.0,16.8,17.7,19.2,13.0,,,0.5471,0.0,0.0,,,50.0154,,,,,,,,,38.0751,82.6793,79.5839,79.1779,60.8424,10.9777,76.2686,54.034,50.0154,,58.556,76.2686,54.034,56.8985,1033.0,Lower combined pressure
51159,,,,,,,,,Richmond,VA,11.0,8.8,8.0,15.7,17.4,21.9,12.5,,,0.588,0.0,0.0,,,50.0154,,,,,,,,,68.9953,58.2206,55.0744,64.8512,54.364,39.885,73.1901,61.1128,50.0154,,56.8984,73.1901,61.1128,56.8794,1034.0,Lower combined pressure
40055,,,,,,,,,Greer,OK,10.8,8.4,7.6,14.9,17.6,23.9,12.9,,,0.6082,0.0,0.0,,,50.0154,,,,,,,,,60.2842,50.592,43.8092,51.1671,59.0325,62.703,75.5074,64.5131,50.0154,,54.598,75.5074,64.5131,56.8749,1035.0,Lower combined pressure
21083,,,,,,,,,Graves,KY,,,,,,,,,,0.6874,0.0,0.0,,,50.0154,,,,,,,,,,,,,,,,77.4343,50.0154,,,,77.4343,56.8701,1036.0,Lower combined pressure
47169,,,,,,,,,Trousdale,TN,10.6,8.2,6.0,14.9,21.4,29.2,14.3,,,0.4848,0.0,0.0,,,50.0154,,,,,,,,,51.2686,46.8539,12.6522,51.1671,98.2747,95.6698,82.9668,45.1314,50.0154,,59.3144,82.9668,45.1314,56.8574,1037.0,Lower combined pressure
13191,,,,,,,,,McIntosh,GA,11.1,12.3,11.2,19.0,17.7,20.3,14.9,,,-142.2241,0.0,0.0,,,50.0154,,,,,,,,,73.5284,96.3126,98.7145,96.6001,60.8424,21.2957,85.1827,4.7913,50.0154,,74.5489,85.1827,4.7913,56.8523,1038.0,Lower combined pressure
21131,,,,,,,,,Leslie,KY,,,,,,,,,,0.6868,0.0,0.0,,,50.0154,,,,,,,,,,,,,,,,77.2798,50.0154,,,,77.2798,56.8315,1039.0,Lower combined pressure
21185,,,,,,,,0.0471,Oldham,KY,,,,,,,,,,0.0946,0.0,0.0,,,50.0154,,,,,,82.0312,,,,,,,,,,14.1577,50.0154,82.0312,,,14.1577,56.8126,1040.0,Lower combined pressure
06031,,,,,,,10.9647,0.0472,Kings,CA,9.8,5.9,5.8,15.6,19.5,21.1,17.6,,,-63.7896,0.0,0.0,,,50.0154,,,,,98.8372,82.8125,,,16.6272,10.4364,10.2165,63.2273,88.7009,31.0724,92.5744,6.3679,50.0154,90.8249,36.7135,92.5744,6.3679,56.7834,1041.0,Lower combined pressure
21229,,,,,,,,0.0459,Washington,KY,,,,,,,,,,0.4874,0.0,0.0,,,50.0154,,,,,,69.401,,,,,,,,,,45.3478,50.0154,69.401,,,45.3478,56.7533,1042.0,Lower combined pressure
37027,,,,,,,,0.0441,Caldwell,NC,11.0,9.6,8.4,15.2,17.6,26.3,11.3,,,0.5637,0.0,0.0,,,50.0154,,,,,,50.651,,,68.9953,71.5663,66.0521,56.8843,59.0325,85.2334,63.7686,57.0943,50.0154,50.651,67.9606,63.7686,57.0943,56.7438,1043.0,Lower combined pressure
02290,,,,,,,,,Yukon-Koyukuk,AK,12.6,10.5,9.7,19.5,18.8,19.8,13.5,,,-999.0,0.0,0.0,,,50.0154,,,,,,,,,97.8349,83.7111,90.6461,98.021,80.7341,16.1536,78.9073,1.9629,50.0154,,77.8501,78.9073,1.9629,56.7389,1044.0,High health vulnerability
56027,,,,,,,,,Niobrara,WY,10.9,9.5,8.7,15.3,16.4,22.3,11.6,,,0.6091,0.0,0.0,,,50.0154,,,,,,,,,64.4621,69.9763,74.002,58.7449,35.4533,44.1137,66.1874,64.7604,50.0154,,57.7921,66.1874,64.7604,56.7299,1045.0,Lower combined pressure
21199,,,,,,,6.5987,0.0437,Pulaski,KY,,,,,,,,,,0.6994,0.0,0.0,,,50.0154,,,,,65.5039,45.7031,,,,,,,,,,79.6291,50.0154,55.6035,,,79.6291,56.7206,1046.0,Lower combined pressure
48015,,,,,,,,,Austin,TX,10.0,8.2,7.9,15.1,16.8,22.1,17.2,,,0.6608,0.0,0.0,,,50.0154,,,,,,,,,24.8816,46.8539,52.1313,54.956,42.7267,42.1516,91.6779,73.5085,50.0154,,43.9502,91.6779,73.5085,56.6811,1047.0,Lower combined pressure
26091,,,,,,,6.9564,0.0448,Lenawee,MI,11.3,8.8,7.6,14.9,18.2,27.7,7.6,,,0.6347,0.0,0.0,,,50.0154,,,,,73.1266,58.0729,,,80.8863,58.2206,43.8092,51.1671,70.6698,93.1664,17.5237,69.4281,50.0154,65.5998,66.3199,17.5237,69.4281,56.6797,1048.0,Lower combined pressure
48389,,,,,,,,,Reeves,TX,8.7,6.2,7.0,17.3,17.9,19.6,37.3,,,0.754,0.0,0.0,,,50.0154,,,,,,,,,0.9472,13.6502,29.161,85.1488,64.9019,14.2422,99.6279,88.2844,50.0154,,34.6752,99.6279,88.2844,56.6195,1049.0,Lower combined pressure
48089,,,,,,,,,Colorado,TX,9.8,7.9,7.9,14.8,16.2,21.1,17.7,,,0.7592,0.0,0.0,,,50.0154,,,,,,,,,16.6272,40.8829,52.1313,49.2896,32.1719,31.0724,92.8112,89.1808,50.0154,,37.0292,92.8112,89.1808,56.6148,1050.0,Lower combined pressure
41035,,,,,,,2.9878,,Klamath,OR,12.5,9.4,8.6,16.6,18.7,27.3,10.3,,,0.7802,0.0,0.0,,,50.0154,,,,,26.8734,,,,97.3782,68.3694,71.6678,76.8606,79.2456,91.6272,54.7023,92.0247,50.0154,26.8734,80.8581,54.7023,92.0247,56.6102,1051.0,High health vulnerability
29227,,,,,,,,,Worth,MO,10.6,11.7,9.9,17.3,17.5,24.5,9.3,,,0.4845,0.0,0.0,,,50.0154,,,,,,,,,51.2686,93.5724,92.4899,85.1488,56.8166,68.4709,42.7943,45.0386,50.0154,,74.6279,42.7943,45.0386,56.5932,1052.0,Lower combined pressure
17181,,,,,,,,,Union,IL,10.7,10.1,8.7,15.7,17.5,22.8,9.3,,,0.6564,0.0,0.0,,,50.0154,,,,,,,,,55.8018,79.1272,74.002,64.8512,56.8166,50.406,42.7943,72.7975,50.0154,,63.5008,42.7943,72.7975,56.5853,1053.0,Lower combined pressure
45041,,,,,,,8.2296,,Florence,SC,10.3,8.1,7.0,14.9,17.6,22.7,12.2,,,-27.2396,0.0,0.0,,,50.0154,,,,,89.1473,,,,38.0751,44.7903,29.161,51.1671,59.0325,49.0528,70.9912,8.779,50.0154,89.1473,45.2131,70.9912,8.779,56.5717,1054.0,Lower combined pressure
24039,,,,,,,,,Somerset,MD,11.7,8.7,7.5,14.9,18.5,20.9,10.9,,,0.6418,0.0,0.0,,,50.0154,,,,,,,,,90.3586,56.4445,41.0859,51.1671,76.387,28.5521,59.8275,70.8501,50.0154,,57.3325,59.8275,70.8501,56.5407,1055.0,Lower combined pressure
42005,,,,,,,6.5362,0.0453,Armstrong,PA,,,,,,,,,,0.5705,0.0,0.0,,,50.0154,,,,,63.9535,63.5417,,,,,,,,,,57.9289,50.0154,63.7476,,,57.9289,56.5145,1056.0,Lower combined pressure
29175,,,,,,,,,Randolph,MO,10.9,9.6,7.6,15.9,18.8,25.5,9.8,,,0.554,0.0,0.0,,,50.0154,,,,,,,,,64.4621,71.5663,43.8092,67.8112,80.7341,79.1779,48.7483,55.2396,50.0154,,67.9268,48.7483,55.2396,56.5135,1057.0,Lower combined pressure
13009,,,,,,,,,Baldwin,GA,10.8,8.1,7.2,15.1,19.0,20.4,13.6,,,0.633,0.0,0.0,,,50.0154,,,,,,,,,60.2842,44.7903,33.8464,54.956,83.7788,22.6658,79.4317,69.119,50.0154,,50.0536,79.4317,69.119,56.4974,1058.0,Lower combined pressure
17059,,,,,,,,,Gallatin,IL,10.8,10.9,9.3,16.4,17.5,23.0,8.7,,,0.6136,0.0,0.0,,,50.0154,,,,,,,,,60.2842,87.6015,84.7936,74.6448,56.8166,52.8417,34.2524,65.4096,50.0154,,69.4971,34.2524,65.4096,56.4601,1059.0,Lower combined pressure
17183,,,,,,,,,Vermilion,IL,10.9,9.7,8.2,15.7,18.2,22.9,9.7,,,0.6125,0.0,0.0,,,50.0154,,,,,,,,,64.4621,73.1055,60.3857,64.8512,70.6698,51.7253,47.7165,65.1623,50.0154,,64.1999,47.7165,65.1623,56.4566,1060.0,Lower combined pressure
37111,,,,,,,,,McDowell,NC,10.9,9.6,8.3,14.9,17.4,26.1,11.2,,,0.5088,0.0,0.0,,,50.0154,,,,,,,,,64.4621,71.5663,63.1597,51.1671,54.364,83.9986,62.703,48.5626,50.0154,,64.7863,62.703,48.5626,56.437,1061.0,Lower combined pressure
35025,,,,,,,6.4028,0.0475,Lea,NM,9.6,6.3,6.2,15.5,17.6,21.7,21.6,,,0.5374,0.0,0.0,,,50.0154,,,,,60.5943,84.8958,,,11.4344,14.6651,15.3248,61.6204,59.0325,37.7368,96.5663,52.5811,50.0154,72.7451,33.3023,96.5663,52.5811,56.4312,1062.0,Lower combined pressure
04021,,,,,,,8.6452,0.0495,Pinal,AZ,10.8,7.5,6.9,14.8,16.2,19.8,13.7,,,-10.0456,0.0,0.0,,,50.0154,,,,,92.5065,92.5781,,,60.2842,33.1698,27.2666,49.2896,32.1719,16.1536,79.956,11.8702,50.0154,92.5423,36.3893,79.956,11.8702,56.4201,1063.0,Lower combined pressure
37197,,,,,,,,,Yadkin,NC,10.9,9.5,8.4,15.2,17.3,26.3,11.9,,,0.4481,0.0,0.0,,,50.0154,,,,,,,,,64.4621,69.9763,66.0521,56.8843,52.3681,85.2334,68.8092,39.5518,50.0154,,65.8294,68.8092,39.5518,56.3974,1064.0,Lower combined pressure
21231,,,,,,,,,Wayne,KY,,,,,,,,,,0.676,0.0,0.0,,,50.0154,,,,,,,,,,,,,,,,75.3632,50.0154,,,,75.3632,56.3524,1065.0,Lower combined pressure
48447,,,,,,,,,Throckmorton,TX,10.0,9.7,9.7,15.9,16.5,22.9,13.1,,,0.5316,0.0,0.0,,,50.0154,,,,,,,,,24.8816,73.1055,90.6461,67.8112,37.0095,51.7253,76.9621,51.6538,50.0154,,57.5299,76.9621,51.6538,56.3316,1066.0,Lower combined pressure
19007,,,,,,,,,Appanoose,IA,10.7,10.8,9.6,16.2,17.2,21.8,8.2,,,0.7137,0.0,0.0,,,50.0154,,,,,,,,,55.8018,86.7896,89.3606,72.1583,50.203,38.8363,26.3024,82.2257,50.0154,,65.5249,26.3024,82.2257,56.3182,1067.0,Lower combined pressure
21233,,,,,,,,,Webster,KY,,,,,,,,,,0.6753,0.0,0.0,,,50.0154,,,,,,,,,,,,,,,,75.2087,50.0154,,,,75.2087,56.3137,1068.0,Lower combined pressure
28009,,,,,,,,,Benton,MS,10.1,10.2,8.8,16.5,17.5,19.4,12.7,,,0.5811,0.0,0.0,,,50.0154,,,,,,,,,29.2794,80.2943,75.9303,75.7442,56.8166,12.5677,74.3234,59.9691,50.0154,,55.1054,74.3234,59.9691,56.2803,1069.0,Lower combined pressure
18125,,,,,,,,,Pike,IN,11.2,10.2,8.4,15.6,17.8,25.4,8.3,,,0.6155,0.0,0.0,,,50.0154,,,,,,,,,77.4357,80.2943,66.0521,63.2273,62.7876,78.1461,27.8417,65.9042,50.0154,,71.3239,27.8417,65.9042,56.2802,1070.0,Lower combined pressure
35007,,,,,,,,,Colfax,NM,9.4,8.1,9.3,16.6,14.6,21.1,15.8,,,0.6852,0.0,0.0,,,50.0154,,,,,,,,,8.0176,44.7903,84.7936,76.8606,11.4513,31.0724,87.9398,77.0325,50.0154,,42.831,87.9398,77.0325,56.2795,1071.0,Lower combined pressure
48135,,,,,,,7.2965,,Ector,TX,9.3,5.5,5.3,14.4,18.0,21.2,28.0,,,0.527,0.0,0.0,,,50.0154,,,,,78.553,,,,6.6475,6.6137,5.1759,42.1685,66.8978,32.3072,98.7145,51.0046,50.0154,78.553,26.6351,98.7145,51.0046,56.2736,1072.0,Lower combined pressure
48481,,,,,,,,,Wharton,TX,9.9,7.4,7.3,15.2,17.3,21.5,21.3,,,0.6929,0.0,0.0,,,50.0154,,,,,,,,,20.5514,31.3092,36.3329,56.8843,52.3681,35.318,96.3464,78.609,50.0154,,38.794,96.3464,78.609,56.2649,1073.0,Lower combined pressure
45037,,,,,,,8.0016,0.0436,Edgefield,SC,9.7,8.8,7.7,15.5,17.1,20.6,14.9,,,0.5725,0.0,0.0,,,50.0154,,,,,86.5633,44.2708,,,13.5487,58.2206,46.431,61.6204,48.0717,25.3552,85.1827,58.2535,50.0154,65.4171,42.2079,85.1827,58.2535,56.2545,1074.0,Lower combined pressure
26109,,,,,,,,,Menominee,MI,11.4,10.6,9.3,16.1,17.2,27.3,6.9,,,0.6312,0.0,0.0,,,50.0154,,,,,,,,,83.7957,84.8782,84.7936,70.8728,50.203,91.6272,8.4743,68.9335,50.0154,,77.6951,8.4743,68.9335,56.2256,1075.0,High health vulnerability
47053,,,,,,,,,Gibson,TN,11.4,9.9,7.6,16.2,20.2,28.5,12.2,,,-58.012,0.0,0.0,,,50.0154,,,,,,,,,83.7957,76.3532,43.8092,72.1583,93.9953,94.6549,70.9912,6.677,50.0154,,77.4611,70.9912,6.677,56.1823,1076.0,High health vulnerability
29117,,,,,,,,,Livingston,MO,11.0,9.7,7.8,16.0,18.9,26.1,9.5,,,0.5041,0.0,0.0,,,50.0154,,,,,,,,,68.9953,73.1055,49.0866,69.3505,82.3748,83.9986,45.3484,47.9753,50.0154,,71.1519,45.3484,47.9753,56.1666,1077.0,Lower combined pressure
29015,,,,,,,,,Benton,MO,10.6,12.4,10.9,18.0,16.3,24.1,9.2,,,0.5046,0.0,0.0,,,50.0154,,,,,,,,,51.2686,96.7185,97.8687,91.4242,33.8802,64.5636,41.475,48.1298,50.0154,,72.6207,41.475,48.1298,56.1604,1078.0,Lower combined pressure
21007,,,,,,,,,Ballard,KY,,,,,,,,,,0.6702,0.0,0.0,,,50.0154,,,,,,,,,,,,,,,,74.5904,50.0154,,,,74.5904,56.1592,1079.0,Lower combined pressure
39167,,,,,,,,0.0446,Washington,OH,10.9,9.6,8.6,15.1,17.6,25.8,7.7,,,0.7295,0.0,0.0,,,50.0154,,,,,,55.9896,,,64.4621,71.5663,71.6678,54.956,59.0325,81.8166,18.7754,84.6059,50.0154,55.9896,67.2502,18.7754,84.6059,56.1527,1080.0,Lower combined pressure
29159,,,,,,,,,Pettis,MO,10.7,9.0,7.4,15.7,18.1,24.6,10.6,,,0.6071,0.0,0.0,,,50.0154,,,,,,,,,55.8018,61.8572,38.6671,64.8512,68.7415,69.5873,56.935,64.2968,50.0154,,59.9177,56.935,64.2968,56.143,1081.0,Lower combined pressure
40139,,,,,,,,,Texas,OK,10.3,7.2,7.0,15.1,16.9,22.2,21.5,,,0.6763,0.0,0.0,,,50.0154,,,,,,,,,38.0751,27.6894,29.161,54.956,44.5704,43.1834,96.4817,75.3941,50.0154,,39.6059,96.4817,75.3941,56.1249,1082.0,Lower combined pressure
29075,,,,,,,,,Gentry,MO,10.8,10.1,8.0,16.2,18.2,25.0,9.6,,,0.5364,0.0,0.0,,,50.0154,,,,,,,,,60.2842,79.1272,55.0744,72.1583,70.6698,74.205,46.6509,52.4884,50.0154,,68.5865,46.6509,52.4884,56.0869,1083.0,Lower combined pressure
41057,,,,,,,,,Tillamook,OR,11.9,9.0,8.6,15.5,16.6,25.4,8.7,,,0.6242,0.0,0.0,,,50.0154,,,,,,,,,92.9465,61.8572,71.6678,61.6204,38.7855,78.1461,34.2524,67.5734,50.0154,,67.5039,34.2524,67.5734,56.0843,1084.0,Lower combined pressure
50009,,,,,,,,,Essex,VT,11.6,10.4,9.5,16.7,16.8,26.2,8.1,,,0.5361,0.0,0.0,,,50.0154,,,,,,,,,88.5149,82.6793,87.8383,77.9432,42.7267,84.6245,24.7294,52.3029,50.0154,,77.3878,24.7294,52.3029,56.0731,1085.0,High health vulnerability
04012,,,,,,,4.2499,0.0521,La Paz,AZ,10.6,12.5,13.3,18.6,14.0,17.9,16.6,,,-82.7295,0.0,0.0,,,50.0154,,,,,35.2713,97.526,,,51.2686,97.0737,100.0,94.8748,6.7659,6.1908,90.3755,5.7496,50.0154,66.3987,59.3623,90.3755,5.7496,56.0574,1086.0,Lower combined pressure
48399,,,,,,,,,Runnels,TX,9.7,7.8,7.8,15.2,16.8,21.9,19.3,,,0.6719,0.0,0.0,,,50.0154,,,,,,,,,13.5487,38.887,49.0866,56.8843,42.7267,39.885,94.9594,74.8686,50.0154,,40.1697,94.9594,74.8686,56.0398,1087.0,Lower combined pressure
30065,,,,,,,,,Musselshell,MT,11.2,9.2,8.6,16.1,16.5,23.3,10.4,,,0.5618,0.0,0.0,,,50.0154,,,,,,,,,77.4357,65.4093,71.6678,70.8728,37.0095,56.2754,55.5819,56.847,50.0154,,63.1118,55.5819,56.847,56.0339,1088.0,Lower combined pressure
41045,,,,,,,,,Malheur,OR,11.7,8.6,7.8,16.7,18.9,24.8,15.7,,,-124.1287,0.0,0.0,,,50.0154,,,,,,,,,90.3586,54.6854,49.0866,77.9432,82.3748,71.8539,87.5,5.0077,50.0154,,71.0504,87.5,5.0077,56.024,1089.0,Lower combined pressure
26025,,,,,,,,,Calhoun,MI,11.8,9.2,7.6,15.0,18.5,26.9,7.7,,,0.6808,0.0,0.0,,,50.0154,,,,,,,,,91.8133,65.4093,43.8092,53.0277,76.387,89.3437,18.7754,76.4142,50.0154,,69.965,18.7754,76.4142,56.0198,1090.0,Lower combined pressure
21051,,,,,,,,,Clay,KY,,,,,,,,,,0.6644,0.0,0.0,,,50.0154,,,,,,,,,,,,,,,,73.9413,50.0154,,,,73.9413,55.9969,1091.0,Lower combined pressure
47147,,,,,,,,,Robertson,TN,10.8,8.2,6.6,14.9,19.5,28.3,12.2,,,0.5019,0.0,0.0,,,50.0154,,,,,,,,,60.2842,46.8539,21.4141,51.1671,88.7009,94.4012,70.9912,47.5116,50.0154,,60.4702,70.9912,47.5116,55.9633,1092.0,Lower combined pressure
01069,,,,,,,,,Houston,AL,10.4,8.9,7.9,15.0,18.2,24.9,10.4,,,0.623,0.0,0.0,,,50.0154,,,,,,,,,42.6928,60.1488,52.1313,53.0277,70.6698,73.1225,55.5819,67.4189,50.0154,,58.6322,55.5819,67.4189,55.9503,1093.0,Lower combined pressure
01021,,,,,,,,,Chilton,AL,10.0,8.8,7.6,15.6,18.2,24.5,11.6,,,0.6168,0.0,0.0,,,50.0154,,,,,,,,,24.8816,58.2206,43.8092,63.2273,70.6698,68.4709,66.1874,66.1824,50.0154,,54.8799,66.1874,66.1824,55.9488,1094.0,Lower combined pressure
13209,,,,,,,,,Montgomery,GA,10.5,8.7,7.7,15.8,18.5,21.1,14.6,,,0.5249,0.0,0.0,,,50.0154,,,,,,,,,46.9046,56.4445,46.431,66.3904,76.387,31.0724,84.1171,50.6028,50.0154,,53.9383,84.1171,50.6028,55.9482,1095.0,Lower combined pressure
48361,,,,,,,8.5776,0.0368,Orange,TX,10.6,7.7,6.7,14.5,19.0,25.0,13.4,,,0.6892,0.0,0.0,,,50.0154,,,,,92.1189,5.8594,,,51.2686,36.9249,23.3593,43.8769,83.7788,74.205,78.366,77.9907,50.0154,48.9891,52.2356,78.366,77.9907,55.9465,1096.0,Lower combined pressure
39153,,,,,,,6.9695,0.0474,Summit,OH,11.2,7.9,7.0,13.9,17.2,25.8,7.4,,,0.6202,0.0,0.0,,,50.0154,,,,,73.6434,84.2448,,,77.4357,40.8829,29.161,33.2206,50.203,81.8166,14.9188,66.7697,50.0154,78.9441,52.12,14.9188,66.7697,55.9395,1097.0,Lower combined pressure
17145,,,,,,,,,Perry,IL,10.5,9.5,7.9,15.3,18.2,22.3,10.2,,,0.6582,0.0,0.0,,,50.0154,,,,,,,,,46.9046,69.9763,52.1313,58.7449,70.6698,44.1137,53.6536,72.983,50.0154,,57.0901,53.6536,72.983,55.9211,1098.0,Lower combined pressure
48471,,,,,,,,,Walker,TX,10.2,7.3,6.4,14.3,19.5,22.8,18.1,,,0.6228,0.0,0.0,,,50.0154,,,,,,,,,33.4405,29.5162,17.8958,40.3078,88.7009,50.406,93.5724,67.2952,50.0154,,43.3779,93.5724,67.2952,55.9145,1099.0,Lower combined pressure
40153,,,,,,,,,Woodward,OK,10.9,8.2,7.5,14.3,17.4,24.1,12.2,,,0.6288,0.0,0.0,,,50.0154,,,,,,,,,64.4621,46.8539,41.0859,40.3078,54.364,64.5636,70.9912,68.3771,50.0154,,51.9396,70.9912,68.3771,55.9018,1100.0,Lower combined pressure
29157,,,,,,,,0.0459,Perry,MO,10.4,9.2,7.7,15.3,17.3,24.4,9.0,,,0.56,0.0,0.0,,,50.0154,,,,,,69.9219,,,42.6928,65.4093,46.431,58.7449,52.3681,67.5406,38.7348,56.5379,50.0154,69.9219,55.5311,38.7348,56.5379,55.8951,1101.0,Lower combined pressure
53065,,,,,,,6.5201,,Stevens,WA,12.0,8.6,8.7,15.9,16.0,24.3,8.0,,,0.6139,0.0,0.0,,,50.0154,,,,,63.6951,,,,93.9107,54.6854,74.002,67.8112,28.8058,66.6441,23.1225,65.4714,50.0154,63.6951,64.3099,23.1225,65.4714,55.8653,1102.0,Lower combined pressure
48183,,,,,,,,0.0436,Gregg,TX,10.7,7.7,6.7,14.7,18.8,23.7,16.3,,,0.6947,0.0,0.0,,,50.0154,,,,,,45.1823,,,55.8018,36.9249,23.3593,47.3106,80.7341,60.8762,89.6651,78.8872,50.0154,45.1823,50.8345,89.6651,78.8872,55.864,1103.0,Lower combined pressure
12041,,,,,,,,,Gilchrist,FL,10.2,9.7,8.3,16.2,18.3,20.6,14.0,,,0.4901,0.0,0.0,,,50.0154,,,,,,,,,33.4405,73.1055,63.1597,72.1583,72.615,25.3552,81.4107,45.8423,50.0154,,56.639,81.4107,45.8423,55.8529,1104.0,Lower combined pressure
51071,,,,,,,,0.0463,Giles,VA,10.8,8.9,8.1,15.4,17.5,24.9,8.6,,,0.4366,0.0,0.0,,,50.0154,,,,,,73.6979,,,60.2842,60.1488,57.747,60.2334,56.8166,73.1225,32.6286,37.8362,50.0154,73.6979,61.3921,32.6286,37.8362,55.8236,1105.0,Lower combined pressure
40007,,,,,,,,,Beaver,OK,10.5,8.5,8.4,15.1,16.2,22.9,15.2,,,0.5558,0.0,0.0,,,50.0154,,,,,,,,,46.9046,52.6556,66.0521,54.956,32.1719,51.7253,86.0622,55.6414,50.0154,,50.7442,86.0622,55.6414,55.8147,1106.0,Lower combined pressure
20205,,,,,,,,,Wilson,KS,10.4,9.6,8.8,14.9,16.6,21.3,9.5,,,0.784,0.0,0.0,,,50.0154,,,,,,,,,42.6928,71.5663,75.9303,51.1671,38.7855,33.3897,45.3484,92.4266,50.0154,,52.2553,45.3484,92.4266,55.7946,1107.0,Lower combined pressure
20177,,,,,,,8.0434,0.0477,Shawnee,KS,10.5,7.4,7.1,13.0,15.6,23.0,9.6,,,0.582,0.0,0.0,,,50.0154,,,,,87.2093,85.9375,,,46.9046,31.3092,31.4276,18.5724,22.0737,52.8417,46.6509,60.1546,50.0154,86.5734,33.8549,46.6509,60.1546,55.7922,1108.0,Lower combined pressure
08087,,,,,,,,,Morgan,CO,11.1,6.9,6.6,14.7,17.4,21.7,17.9,,,0.6272,0.0,0.0,,,50.0154,,,,,,,,,73.5284,22.7165,21.4141,47.3106,54.364,37.7368,93.0819,68.1917,50.0154,,42.8451,93.0819,68.1917,55.791,1109.0,Lower combined pressure
32023,,,,,,,,,Nye,NV,11.1,11.0,10.1,18.3,17.9,21.0,13.1,,,-65.9392,0.0,0.0,,,50.0154,,,,,,,,,73.5284,88.498,94.0291,93.3356,64.9019,29.7361,76.9621,6.306,50.0154,,74.0048,76.9621,6.306,55.7769,1110.0,Lower combined pressure
22059,,,,,,,,,LaSalle,LA,9.7,8.4,7.0,15.3,19.8,27.0,11.3,,,0.6145,0.0,0.0,,,50.0154,,,,,,,,,13.5487,50.592,29.161,58.7449,91.475,90.0203,63.7686,65.5332,50.0154,,55.5903,63.7686,65.5332,55.7765,1111.0,Lower combined pressure
48475,,,,,,,,,Ward,TX,9.4,6.4,6.4,15.3,17.9,21.3,26.0,,,0.7465,0.0,0.0,,,50.0154,,,,,,,,,8.0176,15.9168,17.8958,58.7449,64.9019,33.3897,98.1055,87.2952,50.0154,,33.1445,98.1055,87.2952,55.7744,1112.0,Lower combined pressure
56009,,,,,,,,0.0473,Converse,WY,10.3,7.8,7.1,14.0,16.0,21.0,12.0,,,0.4839,0.0,0.0,,,50.0154,,,,,,83.5938,,,38.0751,38.887,31.4276,34.9797,28.8058,29.7361,69.5196,44.9768,50.0154,83.5938,33.6519,69.5196,44.9768,55.7657,1113.0,Lower combined pressure
21011,,,,,,,,,Bath,KY,,,,,,,,,,0.6584,0.0,0.0,,,50.0154,,,,,,,,,,,,,,,,73.0139,50.0154,,,,73.0139,55.765,1114.0,Lower combined pressure
45081,,,,,,,,,Saluda,SC,9.8,9.6,8.5,16.4,16.5,21.4,16.1,,,0.538,0.0,0.0,,,50.0154,,,,,,,,,16.6272,71.5663,68.9276,74.6448,37.0095,34.3369,88.9885,52.6739,50.0154,,50.5187,88.9885,52.6739,55.7341,1115.0,Lower combined pressure
13069,,,,,,,3.1369,,Coffee,GA,10.9,9.8,7.8,17.5,20.4,21.7,19.0,,,0.6658,0.0,0.0,,,50.0154,,,,,27.3902,,,,64.4621,74.7124,49.0866,87.2294,94.9256,37.7368,94.6211,74.0649,50.0154,27.3902,68.0255,94.6211,74.0649,55.7271,1116.0,Lower combined pressure
39121,,,,,,,0.3241,0.0484,Noble,OH,10.2,11.8,11.9,17.2,16.3,23.4,8.8,,,0.7304,0.0,0.0,,,50.0154,,,,,5.5556,89.5833,,,33.4405,94.0798,99.3742,84.3031,33.8802,57.4256,35.8085,84.7295,50.0154,47.5694,67.0839,35.8085,84.7295,55.7218,1117.0,Lower combined pressure
48111,,,,,,,,,Dallam,TX,9.6,7.4,6.7,16.1,18.9,22.3,27.4,,,0.5788,0.0,0.0,,,50.0154,,,,,,,,,11.4344,31.3092,23.3593,70.8728,82.3748,44.1137,98.4946,59.5363,50.0154,,43.9107,98.4946,59.5363,55.7138,1118.0,Lower combined pressure
53051,,,,,,,,,Pend Oreille,WA,11.4,8.7,8.8,16.4,16.8,24.6,7.8,,,0.6986,0.0,0.0,,,50.0154,,,,,,,,,83.7957,56.4445,75.9303,74.6448,42.7267,69.5873,20.2131,79.4436,50.0154,,67.1882,20.2131,79.4436,55.6898,1119.0,Lower combined pressure
13079,,,,,,,,,Crawford,GA,10.4,9.0,7.9,16.1,17.7,20.6,13.3,,,0.5762,0.0,0.0,,,50.0154,,,,,,,,,42.6928,61.8572,52.1313,70.8728,60.8424,25.3552,77.9263,58.949,50.0154,,52.2919,77.9263,58.949,55.6868,1120.0,Lower combined pressure
30061,,,,,,,,,Mineral,MT,11.1,9.3,9.1,16.0,16.0,23.4,9.7,,,0.5959,0.0,0.0,,,50.0154,,,,,,,,,73.5284,66.9486,81.4783,69.3505,28.8058,57.4256,47.7165,62.442,50.0154,,62.9229,47.7165,62.442,55.6683,1121.0,Lower combined pressure
21201,,,,,,,,,Robertson,KY,,,,,,,,,,0.655,0.0,0.0,,,50.0154,,,,,,,,,,,,,,,,72.5039,50.0154,,,,72.5039,55.6375,1122.0,Lower combined pressure
55019,,,,,,,,,Clark,WI,11.4,9.0,8.2,15.7,17.0,22.6,11.2,,,0.5363,0.0,0.0,,,50.0154,,,,,,,,,83.7957,61.8572,60.3857,64.8512,46.3972,47.7165,62.703,52.4266,50.0154,,60.8339,62.703,52.4266,55.6347,1123.0,Lower combined pressure
45061,,,,,,,,,Lee,SC,11.0,10.4,8.6,17.2,18.6,21.1,15.9,,,-110.3988,0.0,0.0,,,50.0154,,,,,,,,,68.9953,82.6793,71.6678,84.3031,77.9601,31.0724,88.3288,5.2241,50.0154,,69.4463,88.3288,5.2241,55.6287,1124.0,Lower combined pressure
51005,,,,,,,,,Alleghany,VA,11.0,9.9,9.2,16.4,17.5,24.5,8.8,,,0.5384,0.0,0.0,,,50.0154,,,,,,,,,68.9953,76.3532,83.2544,74.6448,56.8166,68.4709,35.8085,52.7975,50.0154,,71.4225,35.8085,52.7975,55.6278,1125.0,Lower combined pressure
42007,,,,,,,7.2484,0.0439,Beaver,PA,,,,,,,,,,0.5497,0.0,0.0,,,50.0154,,,,,77.7778,47.7865,,,,,,,,,,54.5595,50.0154,62.7821,,,54.5595,55.6248,1126.0,Lower combined pressure
51197,,,,,,,,0.0448,Wythe,VA,11.1,9.6,8.5,16.2,17.9,25.1,8.6,,,0.5292,0.0,0.0,,,50.0154,,,,,,57.8125,,,73.5284,71.5663,68.9276,72.1583,64.9019,75.1691,32.6286,51.3138,50.0154,57.8125,71.0419,32.6286,51.3138,55.6125,1127.0,Lower combined pressure
17101,,,,,,,,,Lawrence,IL,10.5,9.2,7.5,15.1,18.2,22.0,10.6,,,0.682,0.0,0.0,,,50.0154,,,,,,,,,46.9046,65.4093,41.0859,54.956,70.6698,41.0183,56.935,76.5379,50.0154,,53.3407,56.935,76.5379,55.5828,1128.0,Lower combined pressure
21193,,,,,,,6.8517,0.0418,Perry,KY,,,,,,,,,,0.7404,0.0,0.0,,,50.0154,,,,,71.3178,28.6458,,,,,,,,,,86.2751,50.0154,49.9818,,,86.2751,55.5809,1129.0,Lower combined pressure
28101,,,,,,,,,Newton,MS,10.2,9.4,8.0,15.7,18.3,20.3,11.7,,,0.627,0.0,0.0,,,50.0154,,,,,,,,,33.4405,68.3694,55.0744,64.8512,72.615,21.2957,67.1516,68.1298,50.0154,,52.6077,67.1516,68.1298,55.5796,1130.0,Lower combined pressure
22057,,,,,,,9.6829,0.037,Lafourche,LA,10.2,9.5,7.9,16.4,20.4,30.0,9.2,,,0.5732,0.0,0.0,,,50.0154,,,,,97.6744,6.1198,,,33.4405,69.9763,52.1313,74.6448,94.9256,97.1076,41.475,58.3926,50.0154,51.8971,70.371,41.475,58.3926,55.5584,1131.0,Lower combined pressure
48199,,,,,,,,,Hardin,TX,10.5,7.9,6.8,14.5,18.5,24.8,12.6,,,0.6147,0.0,0.0,,,50.0154,,,,,,,,,46.9046,40.8829,25.406,43.8769,76.387,71.8539,73.7991,65.626,50.0154,,50.8852,73.7991,65.626,55.5579,1132.0,Lower combined pressure
35057,,,,,,,,,Torrance,NM,10.2,9.6,9.6,18.4,17.2,24.4,17.8,,,-199.2514,0.0,0.0,,,50.0154,,,,,,,,,33.4405,71.5663,89.3606,93.8769,50.203,67.5406,92.9127,4.4822,50.0154,,67.6646,92.9127,4.4822,55.547,1133.0,Lower combined pressure
31105,,,,,,,,,Kimball,NE,9.5,9.8,9.7,15.4,14.0,17.3,11.6,,,0.8494,0.0,0.0,,,50.0154,,,,,,,,,9.6583,74.7124,90.6461,60.2334,6.7659,4.3302,66.1874,97.6816,50.0154,,41.0577,66.1874,97.6816,55.5413,1134.0,Lower combined pressure
21203,,,,,,,,,Rockcastle,KY,,,,,,,,,,0.6499,0.0,0.0,,,50.0154,,,,,,,,,,,,,,,,72.0866,50.0154,,,,72.0866,55.5332,1135.0,Lower combined pressure
20003,,,,,,,,,Anderson,KS,10.3,9.3,8.4,14.8,17.1,21.5,9.7,,,0.7812,0.0,0.0,,,50.0154,,,,,,,,,38.0751,66.9486,66.0521,49.2896,48.0717,35.318,47.7165,92.0866,50.0154,,50.6258,47.7165,92.0866,55.5219,1136.0,Lower combined pressure
21065,,,,,,,,,Estill,KY,,,,,,,,,,0.6497,0.0,0.0,,,50.0154,,,,,,,,,,,,,,,,72.0247,50.0154,,,,72.0247,55.5177,1137.0,Lower combined pressure
28111,,,,,,,,,Perry,MS,9.9,10.2,8.6,16.3,18.0,21.1,11.7,,,0.5565,0.0,0.0,,,50.0154,,,,,,,,,20.5514,80.2943,71.6678,73.4269,66.8978,31.0724,67.1516,55.8887,50.0154,,57.3184,67.1516,55.8887,55.5177,1138.0,Lower combined pressure
05113,,,,,,,1.7266,0.0393,Polk,AR,10.5,11.4,10.1,18.2,18.8,25.0,11.7,,,0.886,0.0,0.0,,,50.0154,,,,,16.6667,14.0625,,,46.9046,91.7794,94.0291,92.7605,80.7341,74.205,67.1516,99.3199,50.0154,15.3646,80.0688,67.1516,99.3199,55.5101,1139.0,High health vulnerability
37091,,,,,,,,,Hertford,NC,12.3,10.2,9.1,16.0,18.2,22.6,12.9,,,-124.2985,0.0,0.0,,,50.0154,,,,,,,,,96.2618,80.2943,81.4783,69.3505,70.6698,47.7165,75.5074,4.9768,50.0154,,74.2952,75.5074,4.9768,55.5025,1140.0,Lower combined pressure
48231,,,,,,,,0.0448,Hunt,TX,10.3,7.4,6.5,14.4,18.5,23.3,16.2,,,0.5931,0.0,0.0,,,50.0154,,,,,,57.4219,,,38.0751,31.3092,19.5873,42.1685,76.387,56.2754,89.4114,62.0093,50.0154,57.4219,43.9671,89.4114,62.0093,55.4939,1141.0,Lower combined pressure
29025,,,,,,,,,Caldwell,MO,10.7,9.8,8.1,16.0,17.9,24.9,9.2,,,0.5801,0.0,0.0,,,50.0154,,,,,,,,,55.8018,74.7124,57.747,69.3505,64.9019,73.1225,41.475,59.7527,50.0154,,65.9393,41.475,59.7527,55.483,1142.0,Lower combined pressure
13285,,,,,,,,,Troup,GA,10.8,8.2,7.1,15.5,18.8,20.7,13.8,,,0.5682,0.0,0.0,,,50.0154,,,,,,,,,60.2842,46.8539,31.4276,61.6204,80.7341,26.4208,80.362,57.5889,50.0154,,51.2235,80.362,57.5889,55.4741,1143.0,Lower combined pressure
48439,,,,,,,9.4574,0.0483,Tarrant,TX,10.1,5.4,5.1,12.8,17.5,22.7,16.8,,,-1.6973,0.0,0.0,,,50.0154,,,,,96.8992,89.3229,,,29.2794,5.7341,3.8735,16.1536,56.8166,49.0528,91.0014,13.6321,50.0154,93.1111,26.8183,91.0014,13.6321,55.4503,1144.0,Lower combined pressure
21225,,,,,,,,,Union,KY,,,,,,,,,,0.6479,0.0,0.0,,,50.0154,,,,,,,,,,,,,,,,71.7465,50.0154,,,,71.7465,55.4482,1145.0,Lower combined pressure
48359,,,,,,,,,Oldham,TX,10.2,7.6,6.8,14.8,17.9,24.3,15.0,,,0.6153,0.0,0.0,,,50.0154,,,,,,,,,33.4405,35.0812,25.406,49.2896,64.9019,66.6441,85.4364,65.8423,50.0154,,45.7939,85.4364,65.8423,55.4413,1146.0,Lower combined pressure
13275,,,,,,,,,Thomas,GA,10.7,8.5,7.8,15.4,17.4,19.7,12.8,,,0.6431,0.0,0.0,,,50.0154,,,,,,,,,55.8018,52.6556,49.0866,60.2334,54.364,15.2064,74.8647,71.1592,50.0154,,47.8913,74.8647,71.1592,55.4398,1147.0,Lower combined pressure
39017,,,,,,,8.736,0.0467,Butler,OH,10.8,7.2,6.6,13.3,17.8,25.7,7.9,,,0.543,0.0,0.0,,,50.0154,,,,,93.0233,78.2552,,,60.2842,27.6894,21.4141,23.0886,62.7876,80.8525,21.6171,53.5703,50.0154,85.6392,46.0194,21.6171,53.5703,55.438,1148.0,Lower combined pressure
40039,,,,,,,,,Custer,OK,11.1,7.5,6.9,13.8,18.4,25.9,12.0,,,0.5923,0.0,0.0,,,50.0154,,,,,,,,,73.5284,33.1698,27.2666,31.2415,74.5264,82.5947,69.5196,61.8238,50.0154,,53.7212,69.5196,61.8238,55.4257,1149.0,Lower combined pressure
20047,,,,,,,,,Edwards,KS,10.0,8.8,8.6,14.8,15.9,19.8,13.4,,,0.7259,0.0,0.0,,,50.0154,,,,,,,,,24.8816,58.2206,71.6678,49.2896,27.2327,16.1536,78.366,84.1422,50.0154,,41.241,78.366,84.1422,55.4209,1150.0,Lower combined pressure
31173,,,,,,,,,Thurston,NE,11.3,7.8,6.9,14.6,17.7,18.2,10.9,,,0.8337,0.0,0.0,,,50.0154,,,,,,,,,80.8863,38.887,27.2666,45.4838,60.8424,7.0196,59.8275,96.7543,50.0154,,43.3976,59.8275,96.7543,55.3496,1151.0,Lower combined pressure
21099,,,,,,,,,Hart,KY,,,,,,,,,,0.6463,0.0,0.0,,,50.0154,,,,,,,,,,,,,,,,71.3447,50.0154,,,,71.3447,55.3477,1152.0,Lower combined pressure
13237,,,,,,,,,Putnam,GA,10.4,9.5,9.1,16.3,16.7,19.8,12.9,,,0.5486,0.0,0.0,,,50.0154,,,,,,,,,42.6928,69.9763,81.4783,73.4269,40.8153,16.1536,75.5074,54.2813,50.0154,,54.0906,75.5074,54.2813,55.3415,1153.0,Lower combined pressure
21055,,,,,,,,,Crittenden,KY,,,,,,,,,,0.6455,0.0,0.0,,,50.0154,,,,,,,,,,,,,,,,71.2519,50.0154,,,,71.2519,55.3245,1154.0,Lower combined pressure
48131,,,,,,,,,Duval,TX,8.9,7.0,8.2,17.8,17.4,19.4,35.4,,,0.6034,0.0,0.0,,,50.0154,,,,,,,,,1.9452,24.3065,60.3857,89.9019,54.364,12.5677,99.4926,63.7403,50.0154,,40.5785,99.4926,63.7403,55.2967,1155.0,Lower combined pressure
55057,,,,,,,,,Juneau,WI,11.1,9.1,8.7,15.9,16.4,24.2,9.2,,,0.6094,0.0,0.0,,,50.0154,,,,,,,,,73.5284,63.6333,74.002,67.8112,35.4533,65.6461,41.475,64.7913,50.0154,,63.3457,41.475,64.7913,55.2903,1156.0,Lower combined pressure
48295,,,,,,,,,Lipscomb,TX,9.8,8.3,8.0,15.5,16.7,22.0,20.1,,,0.5763,0.0,0.0,,,50.0154,,,,,,,,,16.6272,48.6637,55.0744,61.6204,40.8153,41.0183,95.5683,58.9799,50.0154,,43.9699,95.5683,58.9799,55.2692,1157.0,Lower combined pressure
51660,,,,,,,,,Harrisonburg,VA,11.1,6.1,5.0,13.4,21.1,26.9,13.0,,,0.597,0.0,0.0,,,50.0154,,,,,,,,,73.5284,12.7199,3.1461,24.6786,97.6827,89.3437,76.2686,62.6275,50.0154,,50.1832,76.2686,62.6275,55.2534,1158.0,Lower combined pressure
08125,,,,,,,,,Yuma,CO,11.1,7.8,7.2,14.8,16.9,22.3,15.7,,,0.5728,0.0,0.0,,,50.0154,,,,,,,,,73.5284,38.887,33.8464,49.2896,44.5704,44.1137,87.5,58.3308,50.0154,,47.3726,87.5,58.3308,55.2411,1159.0,Lower combined pressure
01095,,,,,,,,,Marshall,AL,9.8,9.0,7.8,15.3,17.8,25.4,12.5,,,0.5508,0.0,0.0,,,50.0154,,,,,,,,,16.6272,61.8572,49.0866,58.7449,62.7876,78.1461,73.1901,54.7141,50.0154,,54.5416,73.1901,54.7141,55.2406,1160.0,Lower combined pressure
48435,,,,,,,,,Sutton,TX,9.1,7.6,8.2,16.6,16.3,20.1,27.2,,,0.6404,0.0,0.0,,,50.0154,,,,,,,,,3.6874,35.0812,60.3857,76.8606,33.8802,18.9107,98.3762,70.51,50.0154,,38.1343,98.3762,70.51,55.2358,1161.0,Lower combined pressure
29123,,,,,,,,,Madison,MO,10.7,9.8,7.9,16.1,18.1,25.4,9.6,,,0.5252,0.0,0.0,,,50.0154,,,,,,,,,55.8018,74.7124,52.1313,70.8728,68.7415,78.1461,46.6509,50.6955,50.0154,,66.7343,46.6509,50.6955,55.2305,1162.0,Lower combined pressure
28007,,,,,,,,,Attala,MS,10.3,9.8,8.5,16.0,17.5,18.8,12.2,,,0.5885,0.0,0.0,,,50.0154,,,,,,,,,38.0751,74.7124,68.9276,69.3505,56.8166,8.8464,70.9912,61.2056,50.0154,,52.7881,70.9912,61.2056,55.2284,1163.0,Lower combined pressure
48281,,,,,,,,,Lampasas,TX,10.2,7.9,7.5,14.7,17.3,23.6,14.5,,,0.6159,0.0,0.0,,,50.0154,,,,,,,,,33.4405,40.8829,41.0859,47.3106,52.3681,59.726,83.6604,65.9969,50.0154,,45.8023,83.6604,65.9969,55.2279,1164.0,Lower combined pressure
26041,,,,,,,,,Delta,MI,11.6,10.5,9.1,15.9,17.6,28.1,6.7,,,0.5785,0.0,0.0,,,50.0154,,,,,,,,,88.5149,83.7111,81.4783,67.8112,59.0325,94.0798,6.8843,59.4745,50.0154,,79.1046,6.8843,59.4745,55.2222,1165.0,High health vulnerability
46085,,,,,,,,,Lyman,SD,11.3,9.5,9.2,15.8,17.1,20.8,10.8,,,0.5085,0.0,0.0,,,50.0154,,,,,,,,,80.8863,69.9763,83.2544,66.3904,48.0717,27.4696,58.8802,48.5317,50.0154,,62.6748,58.8802,48.5317,55.2194,1166.0,Lower combined pressure
55101,,,,,,,,0.0479,Racine,WI,11.3,6.7,6.7,13.2,15.3,22.4,9.6,,,0.5218,0.0,0.0,,,50.0154,,,,,,87.2396,,,80.8863,19.6719,23.3593,21.634,18.0819,45.1455,46.6509,50.1391,50.0154,87.2396,34.7965,46.6509,50.1391,55.1926,1167.0,Lower combined pressure
48165,,,,,,,,,Gaines,TX,10.2,6.6,5.5,15.2,20.1,23.8,25.6,,,0.5389,0.0,0.0,,,50.0154,,,,,,,,,33.4405,18.4202,6.9858,56.8843,93.3863,61.8234,97.8857,52.8903,50.0154,,45.1567,97.8857,52.8903,55.1619,1168.0,Lower combined pressure
06035,,,,,,,,,Lassen,CA,10.3,7.6,7.1,15.6,19.2,22.9,12.0,,,0.6204,0.0,0.0,,,50.0154,,,,,,,,,38.0751,35.0812,31.4276,63.2273,85.9269,51.7253,69.5196,66.8315,50.0154,,50.9106,69.5196,66.8315,55.1565,1169.0,Lower combined pressure
21181,,,,,,,,,Nicholas,KY,,,,,,,,,,0.6406,0.0,0.0,,,50.0154,,,,,,,,,,,,,,,,70.5719,50.0154,,,,70.5719,55.1545,1170.0,Lower combined pressure
48233,,,,,,,,,Hutchinson,TX,10.1,7.5,7.0,14.6,17.9,23.4,16.7,,,0.6097,0.0,0.0,,,50.0154,,,,,,,,,29.2794,33.1698,29.161,45.4838,64.9019,57.4256,90.68,64.8223,50.0154,,43.2369,90.68,64.8223,55.1521,1171.0,Lower combined pressure
47001,,,,,,,,0.0451,Anderson,TN,10.7,9.5,7.8,15.8,19.9,30.2,11.0,,,-49.2683,0.0,0.0,,,50.0154,,,,,,61.5885,,,55.8018,69.9763,49.0866,66.3904,92.3038,97.7165,60.724,7.0788,50.0154,61.5885,71.8792,60.724,7.0788,55.1518,1172.0,Lower combined pressure
16069,,,,,,,6.6111,,Nez Perce,ID,11.4,7.9,7.4,14.7,16.3,23.9,9.5,,,0.5993,0.0,0.0,,,50.0154,,,,,66.0207,,,,83.7957,40.8829,38.6671,47.3106,33.8802,62.703,45.3484,63.0294,50.0154,66.0207,51.2066,45.3484,63.0294,55.1492,1173.0,Lower combined pressure
48097,,,,,,,,,Cooke,TX,10.2,7.9,7.2,14.6,17.5,23.7,15.2,,,0.6072,0.0,0.0,,,50.0154,,,,,,,,,33.4405,40.8829,33.8464,45.4838,56.8166,60.8762,86.0622,64.3895,50.0154,,45.2244,86.0622,64.3895,55.1412,1174.0,Lower combined pressure
16035,,,,,,,,,Clearwater,ID,10.5,9.3,9.1,16.1,14.9,20.8,10.1,,,0.7184,0.0,0.0,,,50.0154,,,,,,,,,46.9046,66.9486,81.4783,70.8728,14.1238,27.4696,52.3512,82.9057,50.0154,,51.2996,52.3512,82.9057,55.1403,1175.0,Lower combined pressure
17121,,,,,,,,,Marion,IL,10.8,9.5,7.9,15.3,18.1,23.5,8.3,,,0.7125,0.0,0.0,,,50.0154,,,,,,,,,60.2842,69.9763,52.1313,58.7449,68.7415,58.6265,27.8417,82.0402,50.0154,,61.4175,27.8417,82.0402,55.1296,1176.0,Lower combined pressure
41043,,,,,,,4.9717,,Linn,OR,12.5,8.0,7.1,15.2,18.8,30.5,8.9,,,0.7718,0.0,0.0,,,50.0154,,,,,41.2145,,,,97.3782,42.7436,31.4276,56.8843,80.7341,98.3931,37.297,90.881,50.0154,41.2145,67.9268,37.297,90.881,55.1077,1177.0,Lower combined pressure
28095,,,,,,,,,Monroe,MS,10.0,9.9,8.6,16.4,17.8,19.8,11.7,,,0.5814,0.0,0.0,,,50.0154,,,,,,,,,24.8816,76.3532,71.6678,74.6448,62.7876,16.1536,67.1516,60.0618,50.0154,,54.4147,67.1516,60.0618,55.1062,1178.0,Lower combined pressure
51009,,,,,,,,,Amherst,VA,11.3,8.7,8.1,15.4,17.5,23.3,9.1,,,0.6357,0.0,0.0,,,50.0154,,,,,,,,,80.8863,56.4445,57.747,60.2334,56.8166,56.2754,40.1218,69.6136,50.0154,,61.4005,40.1218,69.6136,55.1044,1179.0,Lower combined pressure
42059,,,,,,,5.9717,0.0456,Greene,PA,,,,,,,,,,0.5679,0.0,0.0,,,50.0154,,,,,53.7468,66.6667,,,,,,,,,,57.527,50.0154,60.2067,,,57.527,55.0908,1180.0,Lower combined pressure
48381,,,,,,,,0.0501,Randall,TX,9.8,5.8,5.6,12.5,17.2,23.6,14.0,,,0.2673,0.0,0.0,,,50.0154,,,,,,94.0104,,,16.6272,9.3369,8.0176,12.4662,50.203,59.726,81.4107,19.2581,50.0154,94.0104,26.0628,81.4107,19.2581,55.0898,1181.0,Lower combined pressure
16021,,,,,,,4.9712,,Boundary,ID,11.2,9.3,8.5,16.2,15.8,21.8,11.2,,,0.7618,0.0,0.0,,,50.0154,,,,,41.0853,,,,77.4357,66.9486,68.9276,72.1583,25.3214,38.8363,62.703,89.5518,50.0154,41.0853,58.2713,62.703,89.5518,55.0692,1182.0,Lower combined pressure
20099,,,,,,,,,Labette,KS,10.7,9.4,8.4,14.9,17.1,20.9,10.2,,,0.6834,0.0,0.0,,,50.0154,,,,,,,,,55.8018,68.3694,66.0521,51.1671,48.0717,28.5521,53.6536,76.7852,50.0154,,53.0024,53.6536,76.7852,55.0655,1183.0,Lower combined pressure
01033,,,,,,,,,Colbert,AL,10.3,8.9,8.0,15.2,17.3,24.5,9.8,,,0.6794,0.0,0.0,,,50.0154,,,,,,,,,38.0751,60.1488,55.0744,56.8843,52.3681,68.4709,48.7483,76.0742,50.0154,,55.1703,48.7483,76.0742,55.0393,1184.0,Lower combined pressure
26131,,,,,,,,,Ontonagon,MI,11.2,12.4,11.6,17.3,15.7,25.2,6.3,,,0.6247,0.0,0.0,,,50.0154,,,,,,,,,77.4357,96.7185,99.1204,85.1488,23.41,76.0487,4.1779,67.6971,50.0154,,76.3137,4.1779,67.6971,55.0274,1185.0,High health vulnerability
41013,,,,,,,6.8381,,Crook,OR,12.0,8.1,7.9,14.8,17.1,26.7,7.9,,,0.4807,0.0,0.0,,,50.0154,,,,,70.9302,,,,93.9107,44.7903,52.1313,49.2896,48.0717,88.0582,21.6171,44.3586,50.0154,70.9302,62.7086,21.6171,44.3586,55.0119,1186.0,Lower combined pressure
47119,,,,,,,6.5331,,Maury,TN,10.7,7.8,6.6,14.1,18.9,27.9,11.0,,,0.4645,0.0,0.0,,,50.0154,,,,,63.8243,,,,55.8018,38.887,21.4141,36.6881,82.3748,93.7246,60.724,41.9165,50.0154,63.8243,54.8151,60.724,41.9165,54.9285,1187.0,Lower combined pressure
26117,,,,,,,,,Montcalm,MI,11.5,9.5,7.6,15.5,18.9,27.2,8.3,,,0.538,0.0,0.0,,,50.0154,,,,,,,,,86.316,69.9763,43.8092,61.6204,82.3748,91.1198,27.8417,52.7357,50.0154,,72.5361,27.8417,52.7357,54.9285,1188.0,Lower combined pressure
28003,,,,,,,,,Alcorn,MS,9.8,9.9,8.3,15.9,17.5,21.9,11.8,,,0.5812,0.0,0.0,,,50.0154,,,,,,,,,16.6272,76.3532,63.1597,67.8112,56.8166,39.885,68.0988,60.0,50.0154,,53.4422,68.0988,60.0,54.9001,1189.0,Lower combined pressure
21033,,,,,,,,,Caldwell,KY,,,,,,,,,,0.635,0.0,0.0,,,50.0154,,,,,,,,,,,,,,,,69.5209,50.0154,,,,69.5209,54.8918,1190.0,Lower combined pressure
45073,,,,,,,,,Oconee,SC,9.8,9.9,8.7,16.1,15.8,25.0,12.0,,,0.531,0.0,0.0,,,50.0154,,,,,,,,,16.6272,76.3532,74.002,70.8728,25.3214,74.205,69.5196,51.5301,50.0154,,56.2303,69.5196,51.5301,54.8896,1191.0,Lower combined pressure
08015,,,,,,,,0.0562,Chaffee,CO,10.8,7.1,7.1,13.1,14.9,21.6,9.3,,,0.3619,0.0,0.0,,,50.0154,,,,,,99.7396,,,60.2842,25.9303,31.4276,20.1116,14.1238,36.502,42.7943,28.0989,50.0154,99.7396,31.3966,42.7943,28.0989,54.878,1192.0,Lower combined pressure
22017,,,,,,,9.4505,0.0426,Caddo,LA,10.8,9.4,8.4,16.4,19.4,26.6,8.9,,,-12.7222,0.0,0.0,,,50.0154,,,,,96.77,35.1562,,,60.2842,68.3694,66.0521,74.6448,87.8214,87.4493,37.297,11.1592,50.0154,65.9631,74.1035,37.297,11.1592,54.8669,1193.0,Lower combined pressure
51171,,,,,,,,,Shenandoah,VA,10.9,9.1,8.3,15.7,17.4,23.6,10.4,,,0.5314,0.0,0.0,,,50.0154,,,,,,,,,64.4621,63.6333,63.1597,64.8512,54.364,59.726,55.5819,51.6229,50.0154,,61.6994,55.5819,51.6229,54.8666,1194.0,Lower combined pressure
18071,,,,,,,,,Jackson,IN,10.8,8.8,7.3,14.4,17.5,25.5,10.1,,,0.6399,0.0,0.0,,,50.0154,,,,,,,,,60.2842,58.2206,36.3329,42.1685,56.8166,79.1779,52.3512,70.2937,50.0154,,55.5001,52.3512,70.2937,54.8588,1195.0,Lower combined pressure
21137,,,,,,,,,Lincoln,KY,,,,,,,,,,0.6341,0.0,0.0,,,50.0154,,,,,,,,,,,,,,,,69.3663,50.0154,,,,69.3663,54.8531,1196.0,Lower combined pressure
17191,,,,,,,,,Wayne,IL,10.7,10.0,8.5,15.7,17.8,23.3,8.5,,,0.6334,0.0,0.0,,,50.0154,,,,,,,,,55.8018,77.8924,68.9276,64.8512,62.7876,56.2754,31.0047,69.2117,50.0154,,64.4226,31.0047,69.2117,54.8426,1197.0,Lower combined pressure
20167,,,,,,,,,Russell,KS,10.5,9.8,9.2,15.1,16.5,20.7,9.6,,,0.7001,0.0,0.0,,,50.0154,,,,,,,,,46.9046,74.7124,83.2544,54.956,37.0095,26.4208,46.6509,79.7836,50.0154,,53.8763,46.6509,79.7836,54.8229,1198.0,Lower combined pressure
04001,,,,,,,0.8468,,Apache,AZ,14.3,11.9,9.3,20.4,21.2,20.4,14.1,,,0.7268,0.0,0.0,,,50.0154,,,,,9.5607,,,,99.8309,94.7395,84.7936,99.0697,97.8857,22.6658,81.9689,84.2658,50.0154,9.5607,83.1642,81.9689,84.2658,54.8093,1199.0,High health vulnerability
21063,,,,,,,,,Elliott,KY,,,,,,,,,,0.6332,0.0,0.0,,,50.0154,,,,,,,,,,,,,,,,69.1499,50.0154,,,,69.1499,54.799,1200.0,Lower combined pressure
29087,,,,,,,,,Holt,MO,10.4,10.3,9.1,16.1,16.8,23.8,8.7,,,0.6256,0.0,0.0,,,50.0154,,,,,,,,,42.6928,81.6137,81.4783,70.8728,42.7267,61.8234,34.2524,67.8516,50.0154,,63.5346,34.2524,67.8516,54.7982,1201.0,Lower combined pressure
48041,,,,,,,8.2258,,Brazos,TX,9.9,5.2,4.6,11.8,19.5,24.2,15.6,,,-15.4555,0.0,0.0,,,50.0154,,,,,88.8889,,,,20.5514,4.5839,1.0995,6.5122,88.7009,65.6461,87.1279,10.6028,50.0154,88.8889,31.1823,87.1279,10.6028,54.7955,1202.0,Lower combined pressure
42017,,,,,,,,0.0466,Bucks,PA,,,,,,,,,,-6.4066,0.0,0.0,,,50.0154,,,,,,77.2135,,,,,,,,,,12.7357,50.0154,77.2135,,,12.7357,54.7409,1203.0,Lower combined pressure
48221,,,,,,,,0.0481,Hood,TX,9.8,7.4,7.4,13.4,15.5,22.6,11.7,,,0.4169,0.0,0.0,,,50.0154,,,,,,88.0208,,,16.6272,31.3092,38.6671,24.6786,20.6867,47.7165,67.1516,35.1468,50.0154,88.0208,29.9476,67.1516,35.1468,54.7266,1204.0,Lower combined pressure
48313,,,,,,,,,Madison,TX,10.1,7.6,6.7,14.8,18.9,22.0,21.3,,,0.5546,0.0,0.0,,,50.0154,,,,,,,,,29.2794,35.0812,23.3593,49.2896,82.3748,41.0183,96.3464,55.5178,50.0154,,43.4004,96.3464,55.5178,54.7215,1205.0,Lower combined pressure
37105,,,,,,,,,Lee,NC,10.9,8.0,7.2,14.2,17.5,24.4,13.8,,,0.5414,0.0,0.0,,,50.0154,,,,,,,,,64.4621,42.7436,33.8464,38.498,56.8166,67.5406,80.362,53.2921,50.0154,,50.6512,80.362,53.2921,54.7105,1206.0,Lower combined pressure
53001,,,,,,,4.158,,Adams,WA,10.6,6.9,6.8,16.8,18.3,22.3,24.0,,,0.7747,0.0,0.0,,,50.0154,,,,,34.1085,,,,51.2686,22.7165,25.406,79.1779,72.615,44.1137,97.429,91.2519,50.0154,34.1085,49.2163,97.429,91.2519,54.7039,1207.0,Lower combined pressure
39097,,,,,,,,0.0466,Madison,OH,10.6,7.8,6.8,13.6,17.6,24.7,8.4,,,0.5785,0.0,0.0,,,50.0154,,,,,,77.6042,,,51.2686,38.887,25.406,28.366,59.0325,70.6867,29.4147,59.4436,50.0154,77.6042,45.6078,29.4147,59.4436,54.6934,1208.0,Lower combined pressure
12043,,,,,,,,,Glades,FL,9.8,11.7,10.9,18.8,18.2,17.6,23.7,,,-199.2156,0.0,0.0,,,50.0154,,,,,,,,,16.6272,93.5724,97.8687,95.839,70.6698,5.2097,97.3106,4.544,50.0154,,63.2978,97.3106,4.544,54.686,1209.0,Lower combined pressure
39109,,,,,,,,0.047,Miami,OH,10.8,8.0,7.3,13.8,16.9,25.3,7.2,,,0.5805,0.0,0.0,,,50.0154,,,,,,81.25,,,60.2842,42.7436,36.3329,31.2415,44.5704,76.979,12.111,59.8454,50.0154,81.25,48.6919,12.111,59.8454,54.6857,1210.0,Lower combined pressure
13123,,,,,,,,,Gilmer,GA,9.7,9.5,9.1,16.5,16.0,20.7,13.6,,,0.5647,0.0,0.0,,,50.0154,,,,,,,,,13.5487,69.9763,81.4783,75.7442,28.8058,26.4208,79.4317,57.187,50.0154,,49.329,79.4317,57.187,54.665,1211.0,Lower combined pressure
30045,,,,,,,,,Judith Basin,MT,11.0,9.4,9.2,15.9,16.1,23.3,9.3,,,0.5866,0.0,0.0,,,50.0154,,,,,,,,,68.9953,68.3694,83.2544,67.8112,30.4635,56.2754,42.7943,60.7419,50.0154,,62.5282,42.7943,60.7419,54.6537,1212.0,Lower combined pressure
37003,,,,,,,,0.0452,Alexander,NC,10.8,9.2,8.0,14.6,17.5,25.8,11.1,,,0.3608,0.0,0.0,,,50.0154,,,,,,61.849,,,60.2842,65.4093,55.0744,45.4838,56.8166,81.8166,61.6204,27.9444,50.0154,61.849,60.8142,61.6204,27.9444,54.6269,1213.0,Lower combined pressure
48105,,,,,,,,,Crockett,TX,9.4,7.4,7.7,16.6,16.5,20.3,28.2,,,0.6303,0.0,0.0,,,50.0154,,,,,,,,,8.0176,31.3092,46.431,76.8606,37.0095,21.2957,98.7991,68.6553,50.0154,,36.8206,98.7991,68.6553,54.6069,1214.0,Lower combined pressure
21029,,,,,,,,0.0468,Bullitt,KY,,,,,,,,,,-45.0543,0.0,0.0,,,50.0154,,,,,,79.0365,,,,,,,,,,7.2643,50.0154,79.0365,,,7.2643,54.6003,1215.0,Lower combined pressure
01009,,,,,,,,,Blount,AL,9.9,9.1,8.0,15.4,17.5,24.8,11.5,,,0.5652,0.0,0.0,,,50.0154,,,,,,,,,20.5514,63.6333,55.0744,60.2334,56.8166,71.8539,65.4093,57.2798,50.0154,,54.6938,65.4093,57.2798,54.596,1216.0,Lower combined pressure
19039,,,,,,,,,Clarke,IA,10.2,9.4,8.4,15.6,17.4,20.6,11.3,,,0.6166,0.0,0.0,,,50.0154,,,,,,,,,33.4405,68.3694,66.0521,63.2273,54.364,25.3552,63.7686,66.1515,50.0154,,51.8014,63.7686,66.1515,54.596,1217.0,Lower combined pressure
48271,,,,,,,,,Kinney,TX,8.8,7.5,8.6,15.2,15.4,19.4,25.4,,,0.7024,0.0,0.0,,,50.0154,,,,,,,,,1.3363,33.1698,71.6678,56.8843,19.2828,12.5677,97.8349,80.2473,50.0154,,32.4848,97.8349,80.2473,54.5787,1218.0,Lower combined pressure
21223,,,,,,,,,Trimble,KY,,,,,,,,,,0.627,0.0,0.0,,,50.0154,,,,,,,,,,,,,,,,68.1607,50.0154,,,,68.1607,54.5517,1219.0,Lower combined pressure
45053,,,,,,,,,Jasper,SC,9.7,8.9,8.3,15.5,15.8,20.6,14.8,,,0.6396,0.0,0.0,,,50.0154,,,,,,,,,13.5487,60.1488,63.1597,61.6204,25.3214,25.3552,84.9459,70.2318,50.0154,,41.5257,84.9459,70.2318,54.5384,1220.0,Lower combined pressure
48007,,,,,,,,,Aransas,TX,9.9,9.1,9.1,15.7,15.7,22.4,16.0,,,0.4879,0.0,0.0,,,50.0154,,,,,,,,,20.5514,63.6333,81.4783,64.8512,23.41,45.1455,88.6333,45.4714,50.0154,,49.8449,88.6333,45.4714,54.5018,1221.0,Lower combined pressure
08073,,,,,,,,,Lincoln,CO,10.9,7.9,7.3,14.7,17.2,21.6,14.5,,,0.581,0.0,0.0,,,50.0154,,,,,,,,,64.4621,40.8829,36.3329,47.3106,50.203,36.502,83.6604,59.9073,50.0154,,45.9489,83.6604,59.9073,54.4648,1222.0,Lower combined pressure
12093,,,,,,,,,Okeechobee,FL,9.9,10.5,9.4,18.2,18.7,19.4,21.0,,,-82.6103,0.0,0.0,,,50.0154,,,,,,,,,20.5514,83.7111,86.316,92.7605,79.2456,12.5677,96.0758,5.9042,50.0154,,62.5254,96.0758,5.9042,54.4453,1223.0,Lower combined pressure
18107,,,,,,,,,Montgomery,IN,11.1,9.6,7.8,15.1,17.8,26.0,9.1,,,0.5423,0.0,0.0,,,50.0154,,,,,,,,,73.5284,71.5663,49.0866,54.956,62.7876,83.3221,40.1218,53.4776,50.0154,,65.8745,40.1218,53.4776,54.4442,1224.0,Lower combined pressure
48249,,,,,,,,,Jim Wells,TX,9.0,6.9,7.6,17.2,17.2,20.0,32.9,,,0.6186,0.0,0.0,,,50.0154,,,,,,,,,2.7064,22.7165,43.8092,84.3031,50.203,17.8281,99.3572,66.5533,50.0154,,36.9277,99.3572,66.5533,54.4368,1225.0,Lower combined pressure
01103,,,,,,,7.3171,0.0444,Morgan,AL,9.9,8.5,7.7,14.8,16.8,24.0,11.2,,,0.525,0.0,0.0,,,50.0154,,,,,78.9406,54.0365,,,20.5514,52.6556,46.431,49.2896,42.7267,63.6164,62.703,50.6337,50.0154,66.4885,45.8784,62.703,50.6337,54.43,1226.0,Lower combined pressure
23007,,,,,,,,,Franklin,ME,13.2,9.2,8.3,15.0,19.0,28.3,8.2,,,0.4554,0.0,0.0,,,50.0154,,,,,,,,,98.9682,65.4093,63.1597,53.0277,83.7788,94.4012,26.3024,40.711,50.0154,,76.4575,26.3024,40.711,54.4271,1227.0,High health vulnerability
48341,,,,,,,,,Moore,TX,9.5,6.8,6.5,16.0,18.4,21.3,29.3,,,0.6064,0.0,0.0,,,50.0154,,,,,,,,,9.6583,21.0927,19.5873,69.3505,74.5264,33.3897,99.0189,64.1731,50.0154,,37.9341,99.0189,64.1731,54.4098,1228.0,Lower combined pressure
18095,,,,,,,6.7224,0.0462,Madison,IN,11.5,9.2,7.5,14.9,18.3,26.8,9.0,,,-24.8819,0.0,0.0,,,50.0154,,,,,68.863,72.9167,,,86.316,65.4093,41.0859,51.1671,72.615,88.6502,38.7348,9.0263,50.0154,70.8899,67.5406,38.7348,9.0263,54.3883,1229.0,Lower combined pressure
02188,,,,,,,,,Northwest Arctic,AK,13.3,8.8,7.5,18.5,20.8,20.7,14.2,,,-999.0,0.0,0.0,,,50.0154,,,,,,,,,99.2219,58.2206,41.0859,94.3674,96.6847,26.4208,82.5101,1.9629,50.0154,,69.3336,82.5101,1.9629,54.3804,1230.0,Lower combined pressure
51760,,,,,,,6.7982,,Richmond,VA,11.4,6.2,5.6,12.9,18.2,22.8,10.0,,,0.608,0.0,0.0,,,50.0154,,,,,70.6718,,,,83.7957,13.6502,8.0176,17.3714,70.6698,50.406,50.8796,64.4822,50.0154,70.6718,40.6518,50.8796,64.4822,54.3717,1231.0,Lower combined pressure
45027,,,,,,,,,Clarendon,SC,10.7,10.5,9.3,17.1,17.5,22.0,14.3,,,-82.6669,0.0,0.0,,,50.0154,,,,,,,,,55.8018,83.7111,84.7936,83.2206,56.8166,41.0183,82.9668,5.8114,50.0154,,67.5603,82.9668,5.8114,54.3634,1232.0,Lower combined pressure
06019,,,,,,,3.3246,0.0475,Fresno,CA,9.9,6.0,6.2,15.0,18.4,21.4,14.6,,,0.7056,0.0,0.0,,,50.0154,,,,,28.4238,84.5052,,,20.5514,11.6373,15.3248,53.0277,74.5264,34.3369,84.1171,80.9274,50.0154,56.4645,34.9008,84.1171,80.9274,54.3504,1233.0,Lower combined pressure
08103,,,,,,,5.4337,0.0483,Rio Blanco,CO,11.2,6.8,6.5,13.4,16.9,23.6,9.9,,,0.6473,0.0,0.0,,,50.0154,,,,,45.8656,89.4531,,,77.4357,21.0927,19.5873,24.6786,44.5704,59.726,49.7124,71.5611,50.0154,67.6594,41.1818,49.7124,71.5611,54.3423,1234.0,Lower combined pressure
21177,,,,,,,,,Muhlenberg,KY,,,,,,,,,,0.6228,0.0,0.0,,,50.0154,,,,,,,,,,,,,,,,67.2643,50.0154,,,,67.2643,54.3276,1235.0,Lower combined pressure
21125,,,,,,,,,Laurel,KY,,,,,,,,,,0.6221,0.0,0.0,,,50.0154,,,,,,,,,,,,,,,,67.1406,50.0154,,,,67.1406,54.2967,1236.0,Lower combined pressure
26107,,,,,,,,,Mecosta,MI,11.7,10.0,8.2,15.5,18.9,28.9,7.3,,,0.5102,0.0,0.0,,,50.0154,,,,,,,,,90.3586,77.8924,60.3857,61.6204,82.3748,95.2131,13.4641,48.6708,50.0154,,77.9742,13.4641,48.6708,54.2822,1237.0,High health vulnerability
54051,,,,,,,1.859,,Marshall,WV,12.0,11.1,9.4,17.7,20.5,29.9,8.1,,,0.8012,0.0,0.0,,,50.0154,,,,,17.7003,,,,93.9107,89.4621,86.316,89.0054,95.4499,96.9384,24.7294,94.1267,50.0154,17.7003,91.8471,24.7294,94.1267,54.2771,1238.0,High health vulnerability
48055,,,,,,,,,Caldwell,TX,9.4,6.8,6.5,15.3,17.5,21.4,25.9,,,0.6796,0.0,0.0,,,50.0154,,,,,,,,,8.0176,21.0927,19.5873,58.7449,56.8166,34.3369,98.0548,76.136,50.0154,,33.0993,98.0548,76.136,54.2647,1239.0,Lower combined pressure
51011,,,,,,,,,Appomattox,VA,11.2,8.7,8.1,15.4,17.5,23.5,9.0,,,0.6119,0.0,0.0,,,50.0154,,,,,,,,,77.4357,56.4445,57.747,60.2334,56.8166,58.6265,38.7348,65.1005,50.0154,,61.2173,38.7348,65.1005,54.2566,1240.0,Lower combined pressure
17165,,,,,,,,,Saline,IL,10.9,9.7,8.2,15.4,17.9,23.3,8.3,,,0.6415,0.0,0.0,,,50.0154,,,,,,,,,64.4621,73.1055,60.3857,60.2334,64.9019,56.2754,27.8417,70.7573,50.0154,,63.2273,27.8417,70.7573,54.2285,1241.0,Lower combined pressure
28161,,,,,,,,0.0424,Yalobusha,MS,10.3,11.4,9.6,17.4,17.8,19.5,13.2,,,0.648,0.0,0.0,,,50.0154,,,,,,33.5938,,,38.0751,91.7794,89.3606,86.0792,62.7876,13.3965,77.5203,71.7774,50.0154,33.5938,63.5797,77.5203,71.7774,54.2278,1242.0,Lower combined pressure
39133,,,,,,,,0.0475,Portage,OH,10.8,7.6,6.8,13.1,17.8,24.6,7.1,,,0.5565,0.0,0.0,,,50.0154,,,,,,84.6354,,,60.2842,35.0812,25.406,20.1116,62.7876,69.5873,10.8424,55.9196,50.0154,84.6354,45.543,10.8424,55.9196,54.2254,1243.0,Lower combined pressure
13111,,,,,,,,,Fannin,GA,10.0,10.6,10.2,17.0,15.9,20.7,11.5,,,0.5165,0.0,0.0,,,50.0154,,,,,,,,,24.8816,84.8782,94.7564,81.8166,27.2327,26.4208,65.4093,49.5518,50.0154,,56.6644,65.4093,49.5518,54.2225,1244.0,Lower combined pressure
01119,,,,,,,5.8501,0.038,Sumter,AL,11.6,9.3,8.5,15.7,19.4,21.5,11.1,,,0.7201,0.0,0.0,,,50.0154,,,,,51.4212,8.9844,,,88.5149,66.9486,68.9276,64.8512,87.8214,35.318,61.6204,83.1839,50.0154,30.2028,68.7303,61.6204,83.1839,54.2183,1245.0,Lower combined pressure
18077,,,,,,,,,Jefferson,IN,11.5,9.2,7.5,15.0,18.2,26.4,8.4,,,0.5779,0.0,0.0,,,50.0154,,,,,,,,,86.316,65.4093,41.0859,53.0277,70.6698,85.8593,29.4147,59.3509,50.0154,,67.0613,29.4147,59.3509,54.1954,1246.0,Lower combined pressure
48181,,,,,,,,,Grayson,TX,10.3,7.4,6.7,13.9,17.8,24.3,13.7,,,0.6381,0.0,0.0,,,50.0154,,,,,,,,,38.0751,31.3092,23.3593,33.2206,62.7876,66.6441,79.956,69.9536,50.0154,,42.566,79.956,69.9536,54.1828,1247.0,Lower combined pressure
28029,,,,,,,,,Copiah,MS,10.3,9.7,8.5,16.0,17.5,18.9,12.3,,,0.5403,0.0,0.0,,,50.0154,,,,,,,,,38.0751,73.1055,68.9276,69.3505,56.8166,9.2862,71.7355,53.0757,50.0154,,52.5936,71.7355,53.0757,54.1789,1248.0,Lower combined pressure
18089,,,,,,,5.0667,0.0463,Lake,IN,11.5,8.4,7.1,14.9,17.0,20.3,10.7,,,0.6291,0.0,0.0,,,50.0154,,,,,42.3773,74.0885,,,86.316,50.592,31.4276,51.1671,46.3972,21.2957,57.8654,68.4389,50.0154,58.2329,47.8659,57.8654,68.4389,54.1598,1249.0,Lower combined pressure
26005,,,,,,,8.2643,0.0468,Allegan,MI,11.0,8.2,7.1,14.2,17.2,25.8,7.2,,,0.4143,0.0,0.0,,,50.0154,,,,,89.5349,79.9479,,,68.9953,46.8539,31.4276,38.498,50.203,81.8166,12.111,34.7759,50.0154,84.7414,52.9657,12.111,34.7759,54.1201,1250.0,Lower combined pressure
37073,,,,,,,,,Gates,NC,11.5,9.5,8.6,15.1,17.3,24.2,10.1,,,0.4268,0.0,0.0,,,50.0154,,,,,,,,,86.316,69.9763,71.6678,54.956,52.3681,65.6461,52.3512,36.2906,50.0154,,66.8217,52.3512,36.2906,54.099,1251.0,Lower combined pressure
40017,,,,,,,,0.0492,Canadian,OK,10.7,5.9,5.6,12.2,17.3,24.8,9.4,,,0.3902,0.0,0.0,,,50.0154,,,,,,91.4062,,,55.8018,10.4364,8.0176,9.4384,52.3681,71.8539,44.0291,31.7465,50.0154,91.4062,34.6527,44.0291,31.7465,54.0969,1252.0,Lower combined pressure
18113,,,,,,,,,Noble,IN,11.2,8.9,7.2,14.9,17.9,24.5,10.5,,,0.528,0.0,0.0,,,50.0154,,,,,,,,,77.4357,60.1488,33.8464,51.1671,64.9019,68.4709,56.2585,51.0974,50.0154,,59.3285,56.2585,51.0974,54.0964,1253.0,Lower combined pressure
42133,,,,,,,7.3876,0.0441,York,PA,,,,,,,,,,0.4448,0.0,0.0,,,50.0154,,,,,79.7158,50.2604,,,,,,,,,,39.0726,50.0154,64.9881,,,39.0726,54.0906,1254.0,Lower combined pressure
45065,,,,,,,,,McCormick,SC,9.6,11.0,11.1,16.6,13.9,18.8,12.2,,,0.603,0.0,0.0,,,50.0154,,,,,,,,,11.4344,88.498,98.4608,76.8606,6.2585,8.8464,70.9912,63.6476,50.0154,,48.3931,70.9912,63.6476,54.089,1255.0,Lower combined pressure
26121,,,,,,,,0.0442,Muskegon,MI,12.1,9.1,7.4,15.0,18.5,27.6,7.8,,,0.6276,0.0,0.0,,,50.0154,,,,,,51.0417,,,94.7226,63.6333,38.6671,53.0277,76.387,92.9127,20.2131,68.2535,50.0154,51.0417,69.8917,20.2131,68.2535,54.0846,1256.0,Lower combined pressure
06115,,,,,,,,,Yuba,CA,10.4,6.5,6.0,15.0,19.4,23.7,11.0,,,0.7039,0.0,0.0,,,50.0154,,,,,,,,,42.6928,17.1685,12.6522,53.0277,87.8214,60.8762,60.724,80.5564,50.0154,,45.7065,60.724,80.5564,54.079,1257.0,Lower combined pressure
29195,,,,,,,,,Saline,MO,10.5,8.2,7.1,14.8,18.0,24.6,10.7,,,0.627,0.0,0.0,,,50.0154,,,,,,,,,46.9046,46.8539,31.4276,49.2896,66.8978,69.5873,57.8654,68.0989,50.0154,,51.8268,57.8654,68.0989,54.077,1258.0,Lower combined pressure
54093,,,,,,,0.2423,0.0446,Tucker,WV,11.9,11.3,9.9,17.8,19.1,29.3,7.8,,,0.6229,0.0,0.0,,,50.0154,,,,,4.1344,55.8594,,,92.9465,91.069,92.4899,89.9019,84.8951,95.9235,20.2131,67.357,50.0154,29.9969,91.2043,20.2131,67.357,54.0619,1259.0,High health vulnerability
18003,,,,,,,8.2275,0.0455,Allen,IN,11.2,7.6,6.4,12.8,17.4,26.1,8.9,,,0.4633,0.0,0.0,,,50.0154,,,,,89.0181,64.974,,,77.4357,35.0812,17.8958,16.1536,54.364,83.9986,37.297,41.762,50.0154,76.996,47.4882,37.297,41.762,54.0316,1260.0,Lower combined pressure
28145,,,,,,,,,Union,MS,9.8,9.3,7.7,15.8,17.9,21.4,12.8,,,0.563,0.0,0.0,,,50.0154,,,,,,,,,16.6272,66.9486,46.431,66.3904,64.9019,34.3369,74.8647,57.0325,50.0154,,49.2727,74.8647,57.0325,54.0167,1261.0,Lower combined pressure
41033,,,,,,,1.544,,Josephine,OR,12.4,10.4,9.5,17.5,18.1,27.0,9.6,,,0.7766,0.0,0.0,,,50.0154,,,,,15.1163,,,,96.8539,82.6793,87.8383,87.2294,68.7415,90.0203,46.6509,91.6847,50.0154,15.1163,85.5604,46.6509,91.6847,54.0074,1262.0,High health vulnerability
21057,,,,,,,,,Cumberland,KY,,,,,,,,,,0.6156,0.0,0.0,,,50.0154,,,,,,,,,,,,,,,,65.966,50.0154,,,,65.966,54.0031,1263.0,Lower combined pressure
39147,,,,,,,,,Seneca,OH,10.8,8.5,7.4,14.5,18.0,25.4,8.2,,,0.7414,0.0,0.0,,,50.0154,,,,,,,,,60.2842,52.6556,38.6671,43.8769,66.8978,78.1461,26.3024,86.5842,50.0154,,56.7546,26.3024,86.5842,53.9759,1264.0,Lower combined pressure
16005,,,,,,,6.2581,0.0468,Bannock,ID,11.2,6.6,5.9,14.1,17.0,25.0,10.1,,,0.5518,0.0,0.0,,,50.0154,,,,,58.0103,79.8177,,,77.4357,18.4202,11.3498,36.6881,46.3972,74.205,52.3512,54.8068,50.0154,68.914,44.0827,52.3512,54.8068,53.9696,1265.0,Lower combined pressure
21149,,,,,,,,,McLean,KY,,,,,,,,,,0.6152,0.0,0.0,,,50.0154,,,,,,,,,,,,,,,,65.7805,50.0154,,,,65.7805,53.9567,1266.0,Lower combined pressure
17095,,,,,,,,,Knox,IL,10.6,9.4,8.2,15.2,17.5,21.9,9.3,,,0.6567,0.0,0.0,,,50.0154,,,,,,,,,51.2686,68.3694,60.3857,56.8843,56.8166,39.885,42.7943,72.8284,50.0154,,55.6016,42.7943,72.8284,53.9564,1267.0,Lower combined pressure
72061,,,,,,,7.3601,,,,,,,,,,,,,-999.0,0.0,0.0,,,50.0154,,,,,79.4574,,,,,,,,,,,1.9629,50.0154,79.4574,,,1.9629,53.9465,1268.0,Lower combined pressure
19155,,,,,,,8.2582,,Pottawattamie,IA,10.4,7.8,7.0,13.6,17.0,21.9,8.2,,,0.4897,0.0,0.0,,,50.0154,,,,,89.4057,,,,42.6928,38.887,29.161,28.366,46.3972,39.885,26.3024,45.6878,50.0154,89.4057,37.5648,26.3024,45.6878,53.9463,1269.0,Lower combined pressure
40047,,,,,,,,,Garfield,OK,11.0,8.2,7.3,13.9,16.9,22.9,12.3,,,0.6126,0.0,0.0,,,50.0154,,,,,,,,,68.9953,46.8539,36.3329,33.2206,44.5704,51.7253,71.7355,65.2241,50.0154,,46.9497,71.7355,65.2241,53.9173,1270.0,Lower combined pressure
39039,,,,,,,,,Defiance,OH,10.6,8.2,7.6,14.3,17.2,25.0,9.2,,,0.734,0.0,0.0,,,50.0154,,,,,,,,,51.2686,46.8539,43.8092,40.3078,50.203,74.205,41.475,85.0696,50.0154,,51.1079,41.475,85.0696,53.9147,1271.0,Lower combined pressure
42085,,,,,,,5.9723,0.0449,Mercer,PA,,,,,,,,,,0.5753,0.0,0.0,,,50.0154,,,,,53.876,59.375,,,,,,,,,,58.8253,50.0154,56.6255,,,58.8253,53.9131,1272.0,Lower combined pressure
53047,,,,,,,2.2547,,Okanogan,WA,11.6,8.7,8.6,16.5,17.2,24.6,12.3,,,0.7985,0.0,0.0,,,50.0154,,,,,20.6718,,,,88.5149,56.4445,71.6678,75.7442,50.203,69.5873,71.7355,93.9104,50.0154,20.6718,68.6936,71.7355,93.9104,53.9106,1273.0,Lower combined pressure
47065,,,,,,,7.8108,0.0459,Hamilton,TN,11.0,7.7,6.6,13.6,17.9,26.6,10.7,,,-22.3997,0.0,0.0,,,50.0154,,,,,84.7545,69.7917,,,68.9953,36.9249,21.4141,28.366,64.9019,87.4493,57.8654,9.459,50.0154,77.2731,51.3419,57.8654,9.459,53.8908,1274.0,Lower combined pressure
19177,,,,,,,6.7254,0.0437,Van Buren,IA,10.5,9.8,8.8,15.5,16.9,21.2,8.0,,,0.709,0.0,0.0,,,50.0154,,,,,69.2506,46.0938,,,46.9046,74.7124,75.9303,61.6204,44.5704,32.3072,23.1225,81.5147,50.0154,57.6722,56.0076,23.1225,81.5147,53.8883,1275.0,Lower combined pressure
35017,,,,,,,,,Grant,NM,9.5,8.5,9.8,16.8,14.5,21.2,15.7,,,0.5297,0.0,0.0,,,50.0154,,,,,,,,,9.6583,52.6556,91.5934,79.1779,10.5886,32.3072,87.5,51.4065,50.0154,,45.9968,87.5,51.4065,53.8593,1276.0,Lower combined pressure
40143,,,,,,,3.3782,0.047,Tulsa,OK,11.2,7.2,6.6,13.5,17.9,27.2,11.6,,,0.5559,0.0,0.0,,,50.0154,,,,,29.0698,81.1198,,,77.4357,27.6894,21.4141,26.6407,64.9019,91.1198,66.1874,55.6723,50.0154,55.0948,51.5336,66.1874,55.6723,53.8477,1277.0,Lower combined pressure
26143,,,,,,,,,Roscommon,MI,11.4,12.0,10.7,17.1,16.1,26.0,6.5,,,0.5282,0.0,0.0,,,50.0154,,,,,,,,,83.7957,95.2131,97.2091,83.2206,30.4635,83.3221,5.4635,51.1283,50.0154,,78.8707,5.4635,51.1283,53.842,1278.0,High health vulnerability
28031,,,,,,,,,Covington,MS,10.1,9.1,7.9,15.3,17.5,19.2,11.6,,,0.6692,0.0,0.0,,,50.0154,,,,,,,,,29.2794,63.6333,52.1313,58.7449,56.8166,10.9777,66.1874,74.4049,50.0154,,45.2639,66.1874,74.4049,53.8398,1279.0,Lower combined pressure
13021,,,,,,,4.9967,0.0417,Bibb,GA,11.2,8.4,7.3,15.8,19.1,19.5,14.5,,,0.7076,0.0,0.0,,,50.0154,,,,,41.4729,27.474,,,77.4357,50.592,36.3329,66.3904,84.8951,13.3965,83.6604,81.2674,50.0154,34.4734,54.8404,83.6604,81.2674,53.8259,1280.0,Lower combined pressure
55001,,,,,,,,,Adams,WI,10.8,10.1,10.6,16.4,14.9,22.6,9.3,,,0.5546,0.0,0.0,,,50.0154,,,,,,,,,60.2842,79.1272,96.9384,74.6448,14.1238,47.7165,42.7943,55.4869,50.0154,,62.1392,42.7943,55.4869,53.8234,1281.0,Lower combined pressure
47037,,,,,,,8.007,0.0461,Davidson,TN,10.7,6.2,5.1,12.6,19.2,28.2,11.8,,,-16.6921,0.0,0.0,,,50.0154,,,,,86.8217,71.7448,,,55.8018,13.6502,3.8735,13.7009,85.9269,94.2321,68.0988,10.3864,50.0154,79.2832,44.5309,68.0988,10.3864,53.8067,1282.0,Lower combined pressure
13159,,,,,,,,,Jasper,GA,10.4,8.6,7.5,15.7,18.2,21.7,13.2,,,0.4911,0.0,0.0,,,50.0154,,,,,,,,,42.6928,54.6854,41.0859,64.8512,70.6698,37.7368,77.5203,46.0278,50.0154,,51.9537,77.5203,46.0278,53.7971,1283.0,Lower combined pressure
46023,,,,,,,,,Charles Mix,SD,11.3,9.3,9.0,15.5,16.8,20.9,10.3,,,0.5093,0.0,0.0,,,50.0154,,,,,,,,,80.8863,66.9486,79.5839,61.6204,42.7267,28.5521,54.7023,48.5935,50.0154,,60.053,54.7023,48.5935,53.7966,1284.0,Lower combined pressure
04027,,,,,,,7.8493,0.0468,Yuma,AZ,9.7,7.5,7.9,15.5,15.3,17.9,24.1,,,-44.2014,0.0,0.0,,,50.0154,,,,,85.1421,79.6875,,,13.5487,33.1698,52.1313,61.6204,18.0819,6.1908,97.4628,7.357,50.0154,82.4148,30.7905,97.4628,7.357,53.7879,1285.0,Lower combined pressure
13153,,,,,,,8.2851,,Houston,GA,10.1,5.9,5.5,13.1,17.1,20.5,11.3,,,0.4621,0.0,0.0,,,50.0154,,,,,89.6641,,,,29.2794,10.4364,6.9858,20.1116,48.0717,24.1543,63.7686,41.5147,50.0154,89.6641,23.1732,63.7686,41.5147,53.7423,1286.0,Lower combined pressure
08077,,,,,,,4.9194,0.0527,Mesa,CO,11.4,7.0,6.7,14.1,16.6,23.4,11.0,,,0.4729,0.0,0.0,,,50.0154,,,,,40.6977,97.9167,,,83.7957,24.3065,23.3593,36.6881,38.7855,57.4256,60.724,43.153,50.0154,69.3072,44.0601,60.724,43.153,53.7341,1287.0,Lower combined pressure
18181,,,,,,,,,White,IN,11.0,9.5,8.1,15.0,17.1,25.3,9.4,,,0.538,0.0,0.0,,,50.0154,,,,,,,,,68.9953,69.9763,57.747,53.0277,48.0717,76.979,44.0291,52.7048,50.0154,,62.4662,44.0291,52.7048,53.7261,1288.0,Lower combined pressure
20129,,,,,,,,,Morton,KS,10.0,8.8,8.3,15.0,16.1,19.7,14.1,,,0.6309,0.0,0.0,,,50.0154,,,,,,,,,24.8816,58.2206,63.1597,53.0277,30.4635,15.2064,81.9689,68.8099,50.0154,,40.8266,81.9689,68.8099,53.7189,1289.0,Lower combined pressure
29041,,,,,,,,,Chariton,MO,10.5,10.4,9.1,16.3,17.1,23.7,8.9,,,0.5304,0.0,0.0,,,50.0154,,,,,,,,,46.9046,82.6793,81.4783,73.4269,48.0717,60.8762,37.297,51.4992,50.0154,,65.5728,37.297,51.4992,53.7033,1290.0,Lower combined pressure
16017,,,,,,,7.2132,,Bonner,ID,10.7,8.4,8.4,14.7,14.5,21.3,8.8,,,0.5017,0.0,0.0,,,50.0154,,,,,77.5194,,,,55.8018,50.592,66.0521,47.3106,10.5886,33.3897,35.8085,47.3879,50.0154,77.5194,43.9558,35.8085,47.3879,53.6931,1291.0,Lower combined pressure
37143,,,,,,,,,Perquimans,NC,11.1,9.7,9.2,14.8,15.9,23.7,9.9,,,0.5188,0.0,0.0,,,50.0154,,,,,,,,,73.5284,73.1055,83.2544,49.2896,27.2327,60.8762,49.7124,49.7991,50.0154,,61.2145,49.7124,49.7991,53.6792,1292.0,Lower combined pressure
05143,,,,,,,8.4478,0.0438,Washington,AR,10.2,6.5,5.8,13.9,18.8,24.6,12.7,,,0.44,0.0,0.0,,,50.0154,,,,,90.8269,46.875,,,33.4405,17.1685,10.2165,33.2206,80.7341,69.5873,74.3234,38.4544,50.0154,68.8509,40.7279,74.3234,38.4544,53.6771,1293.0,Lower combined pressure
26147,,,,,,,6.9451,0.0446,St. Clair,MI,11.7,9.2,7.7,15.2,18.3,27.5,6.7,,,0.4725,0.0,0.0,,,50.0154,,,,,72.739,55.2083,,,90.3586,65.4093,46.431,56.8843,72.615,92.5237,6.8843,43.0603,50.0154,63.9737,70.7037,6.8843,43.0603,53.6684,1294.0,Lower combined pressure
48151,,,,,,,,,Fisher,TX,9.7,7.6,8.0,14.7,16.1,21.6,15.7,,,0.6633,0.0,0.0,,,50.0154,,,,,,,,,13.5487,35.0812,55.0744,47.3106,30.4635,36.502,87.5,73.7867,50.0154,,36.3301,87.5,73.7867,53.6211,1295.0,Lower combined pressure
22011,,,,,,,,,Beauregard,LA,10.3,8.9,7.5,15.8,20.0,28.9,8.6,,,0.5542,0.0,0.0,,,50.0154,,,,,,,,,38.0751,60.1488,41.0859,66.3904,92.8112,95.2131,32.6286,55.3323,50.0154,,65.6208,32.6286,55.3323,53.6079,1296.0,Lower combined pressure
39099,,,,,,,7.3262,0.0448,Mahoning,OH,11.0,9.5,8.4,15.3,17.6,24.5,9.1,,,-12.5725,0.0,0.0,,,50.0154,,,,,79.0698,58.2031,,,68.9953,69.9763,66.0521,58.7449,59.0325,68.4709,40.1218,11.2519,50.0154,68.6364,65.212,40.1218,11.2519,53.6041,1297.0,Lower combined pressure
21001,,,,,,,,,Adair,KY,,,,,,,,,,0.6071,0.0,0.0,,,50.0154,,,,,,,,,,,,,,,,64.2658,50.0154,,,,64.2658,53.578,1298.0,Lower combined pressure
45017,,,,,,,,,Calhoun,SC,10.1,8.8,8.2,15.3,15.8,21.2,11.6,,,0.6766,0.0,0.0,,,50.0154,,,,,,,,,29.2794,58.2206,60.3857,58.7449,25.3214,32.3072,66.1874,75.425,50.0154,,44.0432,66.1874,75.425,53.5689,1299.0,Lower combined pressure
29177,,,,,,,,,Ray,MO,10.7,9.6,7.9,15.9,18.0,25.0,9.1,,,0.5186,0.0,0.0,,,50.0154,,,,,,,,,55.8018,71.5663,52.1313,67.8112,66.8978,74.205,40.1218,49.7372,50.0154,,64.7356,40.1218,49.7372,53.5659,1300.0,Lower combined pressure
48345,,,,,,,,,Motley,TX,9.9,9.2,9.1,15.4,16.2,22.4,15.1,,,0.4429,0.0,0.0,,,50.0154,,,,,,,,,20.5514,65.4093,81.4783,60.2334,32.1719,45.1455,85.707,38.8563,50.0154,,50.8316,85.707,38.8563,53.5585,1301.0,Lower combined pressure
42023,,,,,,,,,Cameron,PA,,,,,,,,,,0.6063,0.0,0.0,,,50.0154,,,,,,,,,,,,,,,,64.1422,50.0154,,,,64.1422,53.5471,1302.0,Lower combined pressure
51001,,,,,,,,,Accomack,VA,11.6,10.6,9.7,16.8,16.9,21.7,12.0,,,-153.0923,0.0,0.0,,,50.0154,,,,,,,,,88.5149,84.8782,90.6461,79.1779,44.5704,37.7368,69.5196,4.7295,50.0154,,70.9207,69.5196,4.7295,53.5463,1303.0,Lower combined pressure
39161,,,,,,,,,Van Wert,OH,10.8,8.8,7.8,14.4,17.8,25.7,8.1,,,0.6989,0.0,0.0,,,50.0154,,,,,,,,,60.2842,58.2206,49.0866,42.1685,62.7876,80.8525,24.7294,79.5054,50.0154,,58.9,24.7294,79.5054,53.5375,1304.0,Lower combined pressure
17075,,,,,,,,,Iroquois,IL,10.5,9.7,8.4,15.4,17.4,22.8,9.6,,,0.5735,0.0,0.0,,,50.0154,,,,,,,,,46.9046,73.1055,66.0521,60.2334,54.364,50.406,46.6509,58.4544,50.0154,,58.5109,46.6509,58.4544,53.5238,1305.0,Lower combined pressure
37039,,,,,,,,,Cherokee,NC,10.7,10.8,10.3,15.6,15.7,25.4,9.2,,,0.4652,0.0,0.0,,,50.0154,,,,,,,,,55.8018,86.7896,95.3654,63.2273,23.41,78.1461,41.475,42.0093,50.0154,,67.1234,41.475,42.0093,53.5119,1306.0,Lower combined pressure
21009,,,,,,,,,Barren,KY,,,,,,,,,,0.6054,0.0,0.0,,,50.0154,,,,,,,,,,,,,,,,63.9567,50.0154,,,,63.9567,53.5007,1307.0,Lower combined pressure
16049,,,,,,,8.3454,0.0422,Idaho,ID,10.6,9.1,9.2,15.5,14.7,20.9,9.7,,,0.5768,0.0,0.0,,,50.0154,,,,,90.1809,32.0312,,,51.2686,63.6333,83.2544,61.6204,12.3647,28.5521,47.7165,59.1654,50.0154,61.1061,50.1156,47.7165,59.1654,53.4982,1308.0,Lower combined pressure
20013,,,,,,,,,Brown,KS,10.5,9.0,8.4,14.5,16.7,21.0,9.0,,,0.7777,0.0,0.0,,,50.0154,,,,,,,,,46.9046,61.8572,66.0521,43.8769,40.8153,29.7361,38.7348,91.7929,50.0154,,48.207,38.7348,91.7929,53.4789,1309.0,Lower combined pressure
42121,,,,,,,,,Venango,PA,,,,,,,,,,0.605,0.0,0.0,,,50.0154,,,,,,,,,,,,,,,,63.864,50.0154,,,,63.864,53.4776,1310.0,Lower combined pressure
41007,,,,,,,,,Clatsop,OR,12.1,8.3,8.0,15.2,17.0,26.4,8.2,,,0.6003,0.0,0.0,,,50.0154,,,,,,,,,94.7226,48.6637,55.0744,56.8843,46.3972,85.8593,26.3024,63.2148,50.0154,,64.6002,26.3024,63.2148,53.4752,1311.0,Lower combined pressure
37051,,,,,,,8.0482,0.0457,Cumberland,NC,11.4,6.5,5.7,12.8,18.4,25.0,11.8,,,-36.5419,0.0,0.0,,,50.0154,,,,,87.3385,67.9688,,,83.7957,17.1685,9.1171,16.1536,74.5264,74.205,68.0988,7.8207,50.0154,77.6536,45.8277,68.0988,7.8207,53.4669,1312.0,Lower combined pressure
32013,,,,,,,,,Humboldt,NV,10.7,7.6,6.6,15.1,18.2,21.7,14.0,,,0.5506,0.0,0.0,,,50.0154,,,,,,,,,55.8018,35.0812,21.4141,54.956,70.6698,37.7368,81.4107,54.6522,50.0154,,45.9433,81.4107,54.6522,53.4623,1313.0,Lower combined pressure
54079,,,,,,,,,Putnam,WV,11.7,8.8,7.5,15.3,19.6,30.1,6.9,,,0.5875,0.0,0.0,,,50.0154,,,,,,,,,90.3586,58.2206,41.0859,58.7449,89.6989,97.3444,8.4743,60.9737,50.0154,,72.5756,8.4743,60.9737,53.4578,1314.0,Lower combined pressure
21035,,,,,,,,,Calloway,KY,,,,,,,,,,0.6042,0.0,0.0,,,50.0154,,,,,,,,,,,,,,,,63.7713,50.0154,,,,63.7713,53.4544,1315.0,Lower combined pressure
35003,,,,,,,0.1833,0.0507,Catron,NM,10.0,11.3,12.4,18.1,14.1,21.8,10.0,,,0.6098,0.0,0.0,,,50.0154,,,,,2.0672,94.9219,,,24.8816,91.069,99.7632,92.1008,7.3917,38.8363,50.8796,64.8532,50.0154,48.4945,59.0071,50.8796,64.8532,53.4533,1316.0,Lower combined pressure
16015,,,,,,,14.0864,,Boise,ID,10.5,7.7,8.1,14.3,13.6,21.4,7.7,,,0.3266,0.0,0.0,,,50.0154,,,,,99.7416,,,,46.9046,36.9249,57.747,40.3078,4.3978,34.3369,18.7754,24.3431,50.0154,99.7416,36.7698,18.7754,24.3431,53.4443,1317.0,Lower combined pressure
21175,,,,,,,,0.0445,Morgan,KY,,,,,,,,,,0.5904,0.0,0.0,,,50.0154,,,,,,54.2969,,,,,,,,,,61.5765,50.0154,54.2969,,,61.5765,53.4408,1318.0,Lower combined pressure
26071,,,,,,,,,Iron,MI,11.3,11.5,10.3,16.7,16.5,25.6,6.7,,,0.5251,0.0,0.0,,,50.0154,,,,,,,,,80.8863,92.4729,95.3654,77.9432,37.0095,79.9222,6.8843,50.6646,50.0154,,77.2666,6.8843,50.6646,53.4349,1319.0,High health vulnerability
20093,,,,,,,,,Kearny,KS,9.7,7.3,7.1,14.2,16.4,19.0,16.5,,,0.8058,0.0,0.0,,,50.0154,,,,,,,,,13.5487,29.5162,31.4276,38.498,35.4533,9.8275,90.1218,94.5904,50.0154,,26.3786,90.1218,94.5904,53.4273,1320.0,Lower combined pressure
45047,,,,,,,,,Greenwood,SC,10.1,8.6,7.5,15.0,17.1,23.6,12.6,,,0.5692,0.0,0.0,,,50.0154,,,,,,,,,29.2794,54.6854,41.0859,53.0277,48.0717,59.726,73.7991,57.7125,50.0154,,47.646,73.7991,57.7125,53.4231,1321.0,Lower combined pressure
37009,,,,,,,,,Ashe,NC,10.6,10.0,9.4,15.1,16.2,25.2,10.2,,,0.4434,0.0,0.0,,,50.0154,,,,,,,,,51.2686,77.8924,86.316,54.956,32.1719,76.0487,53.6536,38.949,50.0154,,63.1089,53.6536,38.949,53.3895,1322.0,Lower combined pressure
20073,,,,,,,,,Greenwood,KS,10.3,9.9,9.4,14.9,16.2,21.0,9.0,,,0.7053,0.0,0.0,,,50.0154,,,,,,,,,38.0751,76.3532,86.316,51.1671,32.1719,29.7361,38.7348,80.8655,50.0154,,52.3032,38.7348,80.8655,53.3873,1323.0,Lower combined pressure
41047,,,,,,,5.0932,0.0406,Marion,OR,12.2,7.2,6.5,14.8,18.4,27.2,12.3,,,0.7229,0.0,0.0,,,50.0154,,,,,42.6357,20.8333,,,95.5514,27.6894,19.5873,49.2896,74.5264,91.1198,71.7355,83.6785,50.0154,31.7345,59.6273,71.7355,83.6785,53.3865,1324.0,Lower combined pressure
35009,,,,,,,,,Curry,NM,10.3,6.7,6.4,15.3,18.3,24.6,17.6,,,0.4677,0.0,0.0,,,50.0154,,,,,,,,,38.0751,19.6719,17.8958,58.7449,72.615,69.5873,92.5744,42.442,50.0154,,46.0983,92.5744,42.442,53.3745,1325.0,Lower combined pressure
55043,,,,,,,7.3513,,Grant,WI,11.0,7.3,7.0,13.8,17.3,24.4,8.2,,,0.4703,0.0,0.0,,,50.0154,,,,,79.3282,,,,68.9953,29.5162,29.161,31.2415,52.3681,67.5406,26.3024,42.8439,50.0154,79.3282,46.4705,26.3024,42.8439,53.3689,1326.0,Lower combined pressure
48335,,,,,,,,,Mitchell,TX,9.3,7.0,6.5,14.8,18.3,21.0,24.2,,,0.6283,0.0,0.0,,,50.0154,,,,,,,,,6.6475,24.3065,19.5873,49.2896,72.615,29.7361,97.4966,68.3462,50.0154,,33.697,97.4966,68.3462,53.3509,1327.0,Lower combined pressure
24015,,,,,,,7.5437,0.0469,Cecil,MD,10.5,7.7,6.6,14.0,17.4,23.2,8.0,,,0.541,0.0,0.0,,,50.0154,,,,,81.9121,80.4688,,,46.9046,36.9249,21.4141,34.9797,54.364,55.1252,23.1225,53.1685,50.0154,81.1904,41.6187,23.1225,53.1685,53.336,1328.0,Lower combined pressure
05031,,,,,,,,,Craighead,AR,10.5,7.9,6.7,14.8,19.5,26.5,10.6,,,0.5399,0.0,0.0,,,50.0154,,,,,,,,,46.9046,40.8829,23.3593,49.2896,88.7009,86.6543,56.935,52.983,50.0154,,55.9653,56.935,52.983,53.317,1329.0,Lower combined pressure
20203,,,,,,,,,Wichita,KS,9.5,8.6,8.8,14.7,15.6,19.0,14.6,,,0.6673,0.0,0.0,,,50.0154,,,,,,,,,9.6583,54.6854,75.9303,47.3106,22.0737,9.8275,84.1171,74.1886,50.0154,,36.581,84.1171,74.1886,53.3072,1330.0,Lower combined pressure
01109,,,,,,,,,Pike,AL,10.9,7.8,6.8,14.0,19.5,24.7,10.3,,,0.5832,0.0,0.0,,,50.0154,,,,,,,,,64.4621,38.887,25.406,34.9797,88.7009,70.6867,54.7023,60.2782,50.0154,,53.8537,54.7023,60.2782,53.2881,1331.0,Lower combined pressure
45089,,,,,,,,,Williamsburg,SC,10.9,10.0,8.6,16.8,17.9,20.0,15.5,,,-82.6599,0.0,0.0,,,50.0154,,,,,,,,,64.4621,77.8924,71.6678,79.1779,64.9019,17.8281,86.908,5.8423,50.0154,,62.6551,86.908,5.8423,53.2579,1332.0,Lower combined pressure
42065,,,,,,,,,Jefferson,PA,,,,,,,,,,0.5992,0.0,0.0,,,50.0154,,,,,,,,,,,,,,,,62.9675,50.0154,,,,62.9675,53.2534,1333.0,Lower combined pressure
13225,,,,,,,,,Peach,GA,10.6,7.1,6.6,14.4,18.0,19.5,13.7,,,0.6865,0.0,0.0,,,50.0154,,,,,,,,,51.2686,25.9303,21.4141,42.1685,66.8978,13.3965,79.956,77.2179,50.0154,,36.846,79.956,77.2179,53.2447,1334.0,Lower combined pressure
12053,,,,,,,,,Hernando,FL,9.8,9.1,8.9,16.1,16.7,19.7,14.7,,,0.4903,0.0,0.0,,,50.0154,,,,,,,,,16.6272,63.6333,77.7233,70.8728,40.8153,15.2064,84.5907,45.9042,50.0154,,47.4797,84.5907,45.9042,53.232,1335.0,Lower combined pressure
24510,,,,,,,6.681,0.0472,Baltimore,MD,12.7,7.3,6.4,13.8,18.4,23.5,10.1,,,-4.2577,0.0,0.0,,,50.0154,,,,,67.4419,82.5521,,,98.2409,29.5162,17.8958,31.2415,74.5264,58.6265,52.3512,13.1685,50.0154,74.997,51.6746,52.3512,13.1685,53.2245,1336.0,Lower combined pressure
56013,,,,,,,3.9139,0.0521,Fremont,WY,10.9,8.3,7.6,14.6,16.3,20.6,11.7,,,0.4684,0.0,0.0,,,50.0154,,,,,32.9457,97.6562,,,64.4621,48.6637,43.8092,45.4838,33.8802,25.3552,67.1516,42.5966,50.0154,65.301,43.609,67.1516,42.5966,53.2069,1337.0,Lower combined pressure
22061,,,,,,,,,Lincoln,LA,10.8,8.0,6.7,14.8,21.7,28.0,8.4,,,0.6161,0.0,0.0,,,50.0154,,,,,,,,,60.2842,42.7436,23.3593,49.2896,98.8498,93.9445,29.4147,66.0587,50.0154,,61.4118,29.4147,66.0587,53.2066,1338.0,Lower combined pressure
13245,,,,,,,4.7453,0.0421,Richmond,GA,11.5,7.5,6.6,14.8,19.4,20.4,14.5,,,0.7357,0.0,0.0,,,50.0154,,,,,39.4057,30.599,,,86.316,33.1698,21.4141,49.2896,87.8214,22.6658,83.6604,85.4714,50.0154,35.0023,50.1128,83.6604,85.4714,53.1966,1339.0,Lower combined pressure
21195,,,,,,,6.0199,0.042,Pike,KY,,,,,,,,,,0.7654,0.0,0.0,,,50.0154,,,,,54.6512,29.8177,,,,,,,,,,90.1391,50.0154,42.2344,,,90.1391,53.1956,1340.0,Lower combined pressure
18021,,,,,,,,,Clay,IN,11.4,9.6,7.8,15.3,18.0,26.5,8.1,,,0.5227,0.0,0.0,,,50.0154,,,,,,,,,83.7957,71.5663,49.0866,58.7449,66.8978,86.6543,24.7294,50.3555,50.0154,,69.4576,24.7294,50.3555,53.17,1341.0,Lower combined pressure
21037,,,,,,,6.4223,0.0452,Campbell,KY,,,,,,,,,,0.4511,0.0,0.0,,,50.0154,,,,,61.2403,63.151,,,,,,,,,,40.0,50.0154,62.1957,,,40.0,53.1593,1342.0,Lower combined pressure
21027,,,,,,,,,Breckinridge,KY,,,,,,,,,,0.5968,0.0,0.0,,,50.0154,,,,,,,,,,,,,,,,62.5811,50.0154,,,,62.5811,53.1568,1343.0,Lower combined pressure
39069,,,,,,,,,Henry,OH,10.8,8.3,7.6,14.4,17.2,24.8,8.5,,,0.7357,0.0,0.0,,,50.0154,,,,,,,,,60.2842,48.6637,43.8092,42.1685,50.203,71.8539,31.0047,85.4405,50.0154,,52.8304,31.0047,85.4405,53.1423,1344.0,Lower combined pressure
48019,,,,,,,,,Bandera,TX,10.0,9.0,9.1,15.5,15.5,22.7,14.1,,,0.463,0.0,0.0,,,50.0154,,,,,,,,,24.8816,61.8572,81.4783,61.6204,20.6867,49.0528,81.9689,41.6692,50.0154,,49.9295,81.9689,41.6692,53.1344,1345.0,Lower combined pressure
26031,,,,,,,,,Cheboygan,MI,11.6,10.9,9.5,16.3,17.0,26.7,6.8,,,0.4796,0.0,0.0,,,50.0154,,,,,,,,,88.5149,87.6015,87.8383,73.4269,46.3972,88.0582,7.6286,44.1422,50.0154,,78.6395,7.6286,44.1422,53.1221,1346.0,High health vulnerability
30105,,,,,,,,,Valley,MT,11.3,8.4,8.2,15.7,17.0,23.2,9.3,,,0.5583,0.0,0.0,,,50.0154,,,,,,,,,80.8863,50.592,60.3857,64.8512,46.3972,55.1252,42.7943,56.2906,50.0154,,59.7062,42.7943,56.2906,53.1196,1347.0,Lower combined pressure
29225,,,,,,,,,Webster,MO,10.8,9.4,7.4,15.8,19.0,26.1,9.7,,,0.4033,0.0,0.0,,,50.0154,,,,,,,,,60.2842,68.3694,38.6671,66.3904,83.7788,83.9986,47.7165,33.2921,50.0154,,66.9147,47.7165,33.2921,53.1122,1348.0,Lower combined pressure
35019,,,,,,,,,Guadalupe,NM,8.6,6.4,8.3,17.1,15.2,19.2,24.5,,,0.6441,0.0,0.0,,,50.0154,,,,,,,,,0.6935,15.9168,63.1597,83.2206,16.8978,10.9777,97.5643,71.1901,50.0154,,31.811,97.5643,71.1901,53.1104,1349.0,Lower combined pressure
48219,,,,,,,,,Hockley,TX,9.7,7.0,6.7,15.2,17.8,22.0,23.2,,,0.5745,0.0,0.0,,,50.0154,,,,,,,,,13.5487,24.3065,23.3593,56.8843,62.7876,41.0183,97.1922,58.609,50.0154,,36.9841,97.1922,58.609,53.1077,1350.0,Lower combined pressure
42079,,,,,,,,,Luzerne,PA,,,,,,,,,,0.595,0.0,0.0,,,50.0154,,,,,,,,,,,,,,,,62.3802,50.0154,,,,62.3802,53.1066,1351.0,Lower combined pressure
30111,,,,,,,6.6576,0.0479,Yellowstone,MT,10.7,6.4,6.0,13.6,17.6,27.3,9.0,,,0.45,0.0,0.0,,,50.0154,,,,,67.0543,86.9792,,,55.8018,15.9168,12.6522,28.366,59.0325,91.6272,38.7348,39.9073,50.0154,77.0167,43.8994,38.7348,39.9073,53.0979,1352.0,Lower combined pressure
26053,,,,,,,,,Gogebic,MI,11.5,11.3,10.3,16.7,17.0,26.2,6.5,,,0.4646,0.0,0.0,,,50.0154,,,,,,,,,86.316,91.069,95.3654,77.9432,46.3972,84.6245,5.4635,41.9474,50.0154,,80.2859,5.4635,41.9474,53.0896,1353.0,High health vulnerability
47161,,,,,,,,,Stewart,TN,10.8,9.8,8.0,16.1,19.2,29.0,10.9,,,-332.6275,0.0,0.0,,,50.0154,,,,,,,,,60.2842,74.7124,55.0744,70.8728,85.9269,95.3823,59.8275,3.9567,50.0154,,73.7088,59.8275,3.9567,53.0803,1354.0,Lower combined pressure
56031,,,,,,,,,Platte,WY,10.2,9.1,9.0,15.3,15.2,19.8,12.1,,,0.6155,0.0,0.0,,,50.0154,,,,,,,,,33.4405,63.6333,79.5839,58.7449,16.8978,16.1536,70.2639,65.9351,50.0154,,44.7423,70.2639,65.9351,53.0801,1355.0,Lower combined pressure
56003,,,,,,,4.6004,0.0451,Big Horn,WY,10.3,8.8,8.2,14.8,15.9,21.6,13.1,,,0.6223,0.0,0.0,,,50.0154,,,,,38.2429,60.9375,,,38.0751,58.2206,60.3857,49.2896,27.2327,36.502,76.9621,67.187,50.0154,49.5902,44.9509,76.9621,67.187,53.0548,1356.0,Lower combined pressure
08101,,,,,,,4.6727,0.0494,Pueblo,CO,11.1,7.2,6.9,15.2,17.3,22.6,16.3,,,-33.9022,0.0,0.0,,,50.0154,,,,,38.5013,92.4479,,,73.5284,27.6894,27.2666,56.8843,52.3681,47.7165,89.6651,8.0989,50.0154,65.4746,47.5756,89.6651,8.0989,53.0436,1357.0,Lower combined pressure
53017,,,,,,,,,Douglas,WA,10.6,6.3,6.6,14.7,16.6,22.6,14.0,,,0.6657,0.0,0.0,,,50.0154,,,,,,,,,51.2686,14.6651,21.4141,47.3106,38.7855,47.7165,81.4107,74.034,50.0154,,36.8601,81.4107,74.034,53.0188,1358.0,Lower combined pressure
21039,,,,,,,,,Carlisle,KY,,,,,,,,,,0.5931,0.0,0.0,,,50.0154,,,,,,,,,,,,,,,,61.9784,50.0154,,,,61.9784,53.0062,1359.0,Lower combined pressure
26141,,,,,,,,,Presque Isle,MI,11.4,11.9,10.8,17.0,16.3,26.3,6.5,,,0.4729,0.0,0.0,,,50.0154,,,,,,,,,83.7957,94.7395,97.5135,81.8166,33.8802,85.2334,5.4635,43.1221,50.0154,,79.4965,5.4635,43.1221,52.9831,1360.0,High health vulnerability
48227,,,,,,,,,Howard,TX,9.6,6.6,6.3,14.9,18.0,22.0,23.5,,,0.6065,0.0,0.0,,,50.0154,,,,,,,,,11.4344,18.4202,16.6272,51.1671,66.8978,41.0183,97.2598,64.204,50.0154,,34.2608,97.2598,64.204,52.955,1361.0,Lower combined pressure
29131,,,,,,,,,Miller,MO,10.7,9.9,8.2,16.0,18.1,25.8,9.2,,,0.4057,0.0,0.0,,,50.0154,,,,,,,,,55.8018,76.3532,60.3857,69.3505,68.7415,81.8166,41.475,33.6321,50.0154,,68.7415,41.475,33.6321,52.9343,1362.0,Lower combined pressure
42077,,,,,,,6.6516,0.0427,Lehigh,PA,,,,,,,,,,0.6163,0.0,0.0,,,50.0154,,,,,66.6667,35.6771,,,,,,,,,,66.0896,50.0154,51.1719,,,66.0896,52.9332,1363.0,Lower combined pressure
32033,,,,,,,0.1538,0.0493,White Pine,NV,10.7,9.1,8.1,16.2,18.5,21.5,13.2,,,0.4146,0.0,0.0,,,50.0154,,,,,1.292,91.7969,,,55.8018,63.6333,57.747,72.1583,76.387,35.318,77.5203,34.8686,50.0154,46.5444,60.1742,77.5203,34.8686,52.9232,1364.0,Lower combined pressure
13059,,,,,,,8.3016,0.0437,Clarke,GA,10.6,5.8,5.1,12.5,19.4,22.2,12.7,,,0.5033,0.0,0.0,,,50.0154,,,,,89.9225,46.3542,,,51.2686,9.3369,3.8735,12.4662,87.8214,43.1834,74.3234,47.6971,50.0154,68.1383,34.6583,74.3234,47.6971,52.9058,1365.0,Lower combined pressure
51025,,,,,,,,,Brunswick,VA,11.7,9.6,8.6,16.6,18.2,20.8,12.3,,,-165.938,0.0,0.0,,,50.0154,,,,,,,,,90.3586,71.5663,71.6678,76.8606,70.6698,27.4696,71.7355,4.6986,50.0154,,68.0988,71.7355,4.6986,52.897,1366.0,Lower combined pressure
29173,,,,,,,,,Ralls,MO,10.6,10.5,8.8,16.5,17.4,24.8,8.8,,,0.4419,0.0,0.0,,,50.0154,,,,,,,,,51.2686,83.7111,75.9303,75.7442,54.364,71.8539,35.8085,38.7017,50.0154,,68.812,35.8085,38.7017,52.8782,1367.0,Lower combined pressure
17047,,,,,,,,,Edwards,IL,10.8,10.3,8.7,16.0,17.9,23.6,8.3,,,0.5033,0.0,0.0,,,50.0154,,,,,,,,,60.2842,81.6137,74.002,69.3505,64.9019,59.726,27.8417,47.7589,50.0154,,68.313,27.8417,47.7589,52.8573,1368.0,Lower combined pressure
05069,,,,,,,,,Jefferson,AR,11.2,9.3,8.3,16.7,19.0,21.5,12.1,,,-40.8632,0.0,0.0,,,50.0154,,,,,,,,,77.4357,66.9486,63.1597,77.9432,83.7788,35.318,70.2639,7.5116,50.0154,,67.4306,70.2639,7.5116,52.8531,1369.0,Lower combined pressure
48409,,,,,,,,,San Patricio,TX,9.6,6.9,6.8,15.6,17.5,20.7,24.9,,,0.598,0.0,0.0,,,50.0154,,,,,,,,,11.4344,22.7165,25.406,63.2273,56.8166,26.4208,97.6996,62.7821,50.0154,,34.3369,97.6996,62.7821,52.8494,1370.0,Lower combined pressure
13147,,,,,,,,,Hart,GA,10.2,9.0,8.3,15.8,17.2,20.4,12.9,,,0.4972,0.0,0.0,,,50.0154,,,,,,,,,33.4405,61.8572,63.1597,66.3904,50.203,22.6658,75.5074,46.7388,50.0154,,49.6194,75.5074,46.7388,52.8455,1371.0,Lower combined pressure
21197,,,,,,,,,Powell,KY,,,,,,,,,,0.5891,0.0,0.0,,,50.0154,,,,,,,,,,,,,,,,61.3292,50.0154,,,,61.3292,52.8439,1372.0,Lower combined pressure
35041,,,,,,,,,Roosevelt,NM,10.0,6.6,6.5,15.0,18.2,24.2,16.2,,,0.532,0.0,0.0,,,50.0154,,,,,,,,,24.8816,18.4202,19.5873,53.0277,70.6698,65.6461,89.4114,51.7156,50.0154,,42.0388,89.4114,51.7156,52.836,1373.0,Lower combined pressure
30041,,,,,,,3.892,,Hill,MT,12.2,8.5,7.5,16.6,20.2,26.2,11.5,,,0.4922,0.0,0.0,,,50.0154,,,,,32.5581,,,,95.5514,52.6556,41.0859,76.8606,93.9953,84.6245,65.4093,46.1824,50.0154,32.5581,74.1289,65.4093,46.1824,52.8356,1374.0,Lower combined pressure
21161,,,,,,,,,Mason,KY,,,,,,,,,,0.5888,0.0,0.0,,,50.0154,,,,,,,,,,,,,,,,61.2674,50.0154,,,,61.2674,52.8284,1375.0,Lower combined pressure
20089,,,,,,,,,Jewell,KS,10.1,11.0,10.8,16.0,15.5,20.5,9.2,,,0.6229,0.0,0.0,,,50.0154,,,,,,,,,29.2794,88.498,97.5135,69.3505,20.6867,24.1543,41.475,67.357,50.0154,,54.9137,41.475,67.357,52.8217,1376.0,Lower combined pressure
06021,,,,,,,5.5408,0.0415,Glenn,CA,10.1,7.1,7.0,15.8,18.4,22.6,13.7,,,0.7843,0.0,0.0,,,50.0154,,,,,46.77,26.6927,,,29.2794,25.9303,29.161,66.3904,74.5264,47.7165,79.956,92.5811,50.0154,36.7314,45.5007,79.956,92.5811,52.8164,1377.0,Lower combined pressure
48463,,,,,,,,,Uvalde,TX,9.1,6.6,7.0,15.7,17.0,20.6,28.5,,,0.6308,0.0,0.0,,,50.0154,,,,,,,,,3.6874,18.4202,29.161,64.8512,46.3972,25.3552,98.8498,68.779,50.0154,,31.312,98.8498,68.779,52.794,1378.0,Lower combined pressure
28061,,,,,,,,,Jasper,MS,10.2,10.0,9.1,16.3,17.3,18.1,12.4,,,0.4367,0.0,0.0,,,50.0154,,,,,,,,,33.4405,77.8924,81.4783,73.4269,52.3681,6.7321,72.4797,37.8671,50.0154,,54.223,72.4797,37.8671,52.7934,1379.0,Lower combined pressure
48163,,,,,,,,,Frio,TX,8.6,5.9,6.2,16.2,18.0,19.5,37.0,,,0.6477,0.0,0.0,,,50.0154,,,,,,,,,0.6935,10.4364,15.3248,72.1583,66.8978,13.3965,99.594,71.6847,50.0154,,29.8179,99.594,71.6847,52.7826,1380.0,Lower combined pressure
18069,,,,,,,,,Huntington,IN,11.2,8.8,7.3,14.4,17.9,25.8,7.9,,,0.6624,0.0,0.0,,,50.0154,,,,,,,,,77.4357,58.2206,36.3329,42.1685,64.9019,81.8166,21.6171,73.694,50.0154,,60.146,21.6171,73.694,52.763,1381.0,Lower combined pressure
30085,,,,,,,0.3156,,Roosevelt,MT,14.2,9.6,7.5,18.9,22.5,26.9,12.9,,,0.7112,0.0,0.0,,,50.0154,,,,,5.168,,,,99.7801,71.5663,41.0859,96.2449,99.4249,89.3437,75.5074,81.7002,50.0154,5.168,82.9076,75.5074,81.7002,52.7443,1382.0,High health vulnerability
48027,,,,,,,7.622,0.0447,Bell,TX,10.7,5.9,5.4,13.6,18.9,24.7,16.2,,,-33.9026,0.0,0.0,,,50.0154,,,,,82.9457,56.3802,,,55.8018,10.4364,6.0386,28.366,82.3748,70.6867,89.4114,8.068,50.0154,69.663,42.2841,89.4114,8.068,52.7393,1383.0,Lower combined pressure
30011,,,,,,,,,Carter,MT,11.1,9.5,9.2,16.1,16.3,23.2,9.5,,,0.444,0.0,0.0,,,50.0154,,,,,,,,,73.5284,69.9763,83.2544,70.8728,33.8802,55.1252,45.3484,39.0417,50.0154,,64.4396,45.3484,39.0417,52.738,1384.0,Lower combined pressure
02180,,,,,,,,,Nome,AK,12.8,8.7,7.1,17.4,20.6,20.7,13.5,,,-999.0,0.0,0.0,,,50.0154,,,,,,,,,98.5453,56.4445,31.4276,86.0792,95.8897,26.4208,78.9073,1.9629,50.0154,,65.8012,78.9073,1.9629,52.7226,1385.0,Lower combined pressure
26001,,,,,,,,,Alcona,MI,11.2,11.9,11.0,17.0,15.7,25.3,6.2,,,0.5411,0.0,0.0,,,50.0154,,,,,,,,,77.4357,94.7395,98.1563,81.8166,23.41,76.979,3.5859,53.1994,50.0154,,75.4229,3.5859,53.1994,52.7185,1386.0,High health vulnerability
29113,,,,,,,,0.0468,Lincoln,MO,10.6,7.9,6.3,14.4,18.3,24.9,8.7,,,0.2512,0.0,0.0,,,50.0154,,,,,,80.2083,,,51.2686,40.8829,16.6272,42.1685,72.615,73.1225,34.2524,18.5162,50.0154,80.2083,49.4475,34.2524,18.5162,52.6954,1387.0,Lower combined pressure
56017,,,,,,,,,Hot Springs,WY,10.5,9.9,9.7,15.6,14.7,20.7,10.9,,,0.5439,0.0,0.0,,,50.0154,,,,,,,,,46.9046,76.3532,90.6461,63.2273,12.3647,26.4208,59.8275,53.6321,50.0154,,52.6528,59.8275,53.6321,52.685,1388.0,Lower combined pressure
13143,,,,,,,,,Haralson,GA,10.3,8.2,6.8,15.4,19.0,23.8,12.6,,,0.447,0.0,0.0,,,50.0154,,,,,,,,,38.0751,46.8539,25.406,60.2334,83.7788,61.8234,73.7991,39.4127,50.0154,,52.6951,73.7991,39.4127,52.6661,1389.0,Lower combined pressure
42033,,,,,,,,,Clearfield,PA,,,,,,,,,,0.5856,0.0,0.0,,,50.0154,,,,,,,,,,,,,,,,60.5873,50.0154,,,,60.5873,52.6584,1390.0,Lower combined pressure
39117,,,,,,,,,Morrow,OH,11.1,9.2,7.8,15.2,18.1,25.4,8.0,,,0.5738,0.0,0.0,,,50.0154,,,,,,,,,73.5284,65.4093,49.0866,56.8843,68.7415,78.1461,23.1225,58.4853,50.0154,,65.2994,23.1225,58.4853,52.6537,1391.0,Lower combined pressure
48017,,,,,,,,,Bailey,TX,9.5,7.1,7.2,16.3,17.7,21.2,30.2,,,0.5016,0.0,0.0,,,50.0154,,,,,,,,,9.6583,25.9303,33.8464,73.4269,60.8424,32.3072,99.0866,47.3261,50.0154,,39.3353,99.0866,47.3261,52.6396,1392.0,Lower combined pressure
01031,,,,,,,,,Coffee,AL,10.2,8.6,7.6,15.0,17.7,24.3,11.3,,,0.5255,0.0,0.0,,,50.0154,,,,,,,,,33.4405,54.6854,43.8092,53.0277,60.8424,66.6441,63.7686,50.7264,50.0154,,52.0749,63.7686,50.7264,52.6305,1393.0,Lower combined pressure
21191,,,,,,,,,Pendleton,KY,,,,,,,,,,0.584,0.0,0.0,,,50.0154,,,,,,,,,,,,,,,,60.4637,50.0154,,,,60.4637,52.6275,1394.0,Lower combined pressure
37127,,,,,,,,,Nash,NC,11.5,8.3,7.5,14.2,17.2,22.8,11.6,,,0.4997,0.0,0.0,,,50.0154,,,,,,,,,86.316,48.6637,41.0859,38.498,50.203,50.406,66.1874,47.0479,50.0154,,52.5288,66.1874,47.0479,52.6138,1395.0,Lower combined pressure
48051,,,,,,,,,Burleson,TX,10.1,7.8,7.4,14.5,16.7,22.1,15.9,,,0.5755,0.0,0.0,,,50.0154,,,,,,,,,29.2794,38.887,38.6671,43.8769,40.8153,42.1516,88.3288,58.8563,50.0154,,38.9462,88.3288,58.8563,52.6129,1396.0,Lower combined pressure
39149,,,,,,,,,Shelby,OH,11.0,8.8,7.7,14.8,18.1,25.6,8.0,,,0.618,0.0,0.0,,,50.0154,,,,,,,,,68.9953,58.2206,46.431,49.2896,68.7415,79.9222,23.1225,66.3679,50.0154,,61.9334,23.1225,66.3679,52.5827,1397.0,Lower combined pressure
39091,,,,,,,,,Logan,OH,11.0,9.2,8.0,15.0,17.9,25.4,7.8,,,0.6019,0.0,0.0,,,50.0154,,,,,,,,,68.9953,65.4093,55.0744,53.0277,64.9019,78.1461,20.2131,63.4312,50.0154,,64.2591,20.2131,63.4312,52.5785,1398.0,Lower combined pressure
21173,,,,,,,,,Montgomery,KY,,,,,,,,,,0.583,0.0,0.0,,,50.0154,,,,,,,,,,,,,,,,60.2473,50.0154,,,,60.2473,52.5734,1399.0,Lower combined pressure
21085,,,,,,,,,Grayson,KY,,,,,,,,,,0.5829,0.0,0.0,,,50.0154,,,,,,,,,,,,,,,,60.2164,50.0154,,,,60.2164,52.5657,1400.0,Lower combined pressure
39043,,,,,,,,,Erie,OH,10.9,8.9,8.3,14.3,16.8,24.5,7.7,,,0.7251,0.0,0.0,,,50.0154,,,,,,,,,64.4621,60.1488,63.1597,40.3078,42.7267,68.4709,18.7754,83.9876,50.0154,,56.546,18.7754,83.9876,52.5566,1401.0,Lower combined pressure
45071,,,,,,,,,Newberry,SC,9.8,8.7,7.8,15.2,17.0,22.1,13.2,,,0.5526,0.0,0.0,,,50.0154,,,,,,,,,16.6272,56.4445,49.0866,56.8843,46.3972,42.1516,77.5203,55.0541,50.0154,,44.5986,77.5203,55.0541,52.5489,1402.0,Lower combined pressure
13011,,,,,,,,,Banks,GA,10.1,8.8,7.6,15.9,18.3,22.8,14.2,,,0.3563,0.0,0.0,,,50.0154,,,,,,,,,29.2794,58.2206,43.8092,67.8112,72.615,50.406,82.5101,27.3261,50.0154,,53.6902,82.5101,27.3261,52.5477,1403.0,Lower combined pressure
49027,,,,,,,,,Millard,UT,10.7,7.0,7.1,14.9,17.1,25.4,11.7,,,0.5594,0.0,0.0,,,50.0154,,,,,,,,,55.8018,24.3065,31.4276,51.1671,48.0717,78.1461,67.1516,56.476,50.0154,,48.1535,67.1516,56.476,52.541,1404.0,Lower combined pressure
29207,,,,,,,0.4103,,Stoddard,MO,10.9,11.4,8.8,17.5,19.0,26.1,10.8,,,0.8158,0.0,0.0,,,50.0154,,,,,7.2351,,,,64.4621,91.7794,75.9303,87.2294,83.7788,83.9986,58.8802,95.3323,50.0154,7.2351,81.1964,58.8802,95.3323,52.5338,1405.0,High health vulnerability
13261,,,,,,,,0.041,Sumter,GA,11.3,8.6,7.7,15.8,19.1,19.2,14.9,,,0.7648,0.0,0.0,,,50.0154,,,,,,22.6562,,,80.8863,54.6854,46.431,66.3904,84.8951,10.9777,85.1827,90.0155,50.0154,22.6562,57.3776,85.1827,90.0155,52.5329,1406.0,Lower combined pressure
06045,,,,,,,6.9202,0.0331,Mendocino,CA,10.6,8.5,8.5,16.3,17.8,23.0,10.3,,,0.6814,0.0,0.0,,,50.0154,,,,,72.3514,2.2135,,,51.2686,52.6556,68.9276,73.4269,62.7876,52.8417,54.7023,76.476,50.0154,37.2825,60.318,54.7023,76.476,52.5226,1407.0,Lower combined pressure
26157,,,,,,,,0.0433,Tuscola,MI,11.6,10.2,8.4,15.9,18.2,27.4,7.4,,,0.5936,0.0,0.0,,,50.0154,,,,,,41.6667,,,88.5149,80.2943,66.0521,67.8112,70.6698,92.067,14.9188,62.1638,50.0154,41.6667,77.5682,14.9188,62.1638,52.5216,1408.0,High health vulnerability
40051,,,,,,,,,Grady,OK,11.1,7.9,7.1,13.9,17.7,23.9,10.0,,,0.6199,0.0,0.0,,,50.0154,,,,,,,,,73.5284,40.8829,31.4276,33.2206,60.8424,62.703,50.8796,66.7388,50.0154,,50.4341,50.8796,66.7388,52.5,1409.0,Lower combined pressure
21003,,,,,,,,,Allen,KY,,,,,,,,,,0.581,0.0,0.0,,,50.0154,,,,,,,,,,,,,,,,59.9382,50.0154,,,,59.9382,52.4961,1410.0,Lower combined pressure
06099,,,,,,,2.8185,0.0458,Stanislaus,CA,10.0,6.1,6.1,15.5,18.8,20.9,14.0,,,0.7143,0.0,0.0,,,50.0154,,,,,25.4522,69.2708,,,24.8816,12.7199,13.9378,61.6204,80.7341,28.5521,81.4107,82.3802,50.0154,47.3615,37.0743,81.4107,82.3802,52.4927,1411.0,Lower combined pressure
40073,,,,,,,,,Kingfisher,OK,10.8,7.7,7.2,14.0,17.0,23.6,12.1,,,0.5792,0.0,0.0,,,50.0154,,,,,,,,,60.2842,36.9249,33.8464,34.9797,46.3972,59.726,70.2639,59.5672,50.0154,,45.3597,70.2639,59.5672,52.4369,1412.0,Lower combined pressure
37169,,,,,,,,,Stokes,NC,10.9,9.4,8.4,14.7,16.9,26.3,9.8,,,0.4354,0.0,0.0,,,50.0154,,,,,,,,,64.4621,68.3694,66.0521,47.3106,44.5704,85.2334,48.7483,37.7743,50.0154,,62.6663,48.7483,37.7743,52.4313,1413.0,Lower combined pressure
42067,,,,,,,,,Juniata,PA,,,,,,,,,,0.5795,0.0,0.0,,,50.0154,,,,,,,,,,,,,,,,59.66,50.0154,,,,59.66,52.4266,1414.0,Lower combined pressure
12045,,,,,,,,,Gulf,FL,9.8,9.1,8.3,15.6,16.8,19.5,13.0,,,0.5653,0.0,0.0,,,50.0154,,,,,,,,,16.6272,63.6333,63.1597,63.2273,42.7267,13.3965,76.2686,57.3107,50.0154,,43.7951,76.2686,57.3107,52.4151,1415.0,Lower combined pressure
22099,,,,,,,,0.0424,St. Martin,LA,10.5,9.7,8.0,16.6,20.4,28.5,9.7,,,0.5866,0.0,0.0,,,50.0154,,,,,,32.5521,,,46.9046,73.1055,55.0744,76.8606,94.9256,94.6549,47.7165,60.711,50.0154,32.5521,73.5876,47.7165,60.711,52.3823,1416.0,Lower combined pressure
26165,,,,,,,,0.0426,Wexford,MI,11.7,10.2,8.4,15.7,18.4,27.9,7.4,,,0.6783,0.0,0.0,,,50.0154,,,,,,34.8958,,,90.3586,80.2943,66.0521,64.8512,74.5264,93.7246,14.9188,75.7032,50.0154,34.8958,78.3012,14.9188,75.7032,52.3661,1417.0,High health vulnerability
18051,,,,,,,,,Gibson,IN,11.2,9.0,7.5,14.7,18.1,26.5,8.0,,,0.5805,0.0,0.0,,,50.0154,,,,,,,,,77.4357,61.8572,41.0859,47.3106,68.7415,86.6543,23.1225,59.8145,50.0154,,63.8475,23.1225,59.8145,52.3469,1418.0,Lower combined pressure
29171,,,,,,,,,Putnam,MO,10.4,9.9,8.7,15.9,17.1,24.3,8.6,,,0.5418,0.0,0.0,,,50.0154,,,,,,,,,42.6928,76.3532,74.002,67.8112,48.0717,66.6441,32.6286,53.4158,50.0154,,62.5959,32.6286,53.4158,52.344,1419.0,Lower combined pressure
01043,,,,,,,,,Cullman,AL,9.8,9.0,7.9,15.1,17.6,25.4,10.1,,,0.556,0.0,0.0,,,50.0154,,,,,,,,,16.6272,61.8572,52.1313,54.956,59.0325,78.1461,52.3512,55.7032,50.0154,,53.7917,52.3512,55.7032,52.344,1420.0,Lower combined pressure
16067,,,,,,,,,Minidoka,ID,10.3,7.3,6.9,15.4,16.6,20.8,18.1,,,0.5592,0.0,0.0,,,50.0154,,,,,,,,,38.0751,29.5162,27.2666,60.2334,38.7855,27.4696,93.5724,56.4451,50.0154,,36.8911,93.5724,56.4451,52.3055,1421.0,Lower combined pressure
13137,,,,,,,,,Habersham,GA,9.9,8.0,7.2,15.0,17.6,21.5,15.2,,,0.5485,0.0,0.0,,,50.0154,,,,,,,,,20.5514,42.7436,33.8464,53.0277,59.0325,35.318,86.0622,54.2504,50.0154,,40.7533,86.0622,54.2504,52.2989,1422.0,Lower combined pressure
21109,,,,,,,,,Jackson,KY,,,,,,,,,,0.5768,0.0,0.0,,,50.0154,,,,,,,,,,,,,,,,59.1345,50.0154,,,,59.1345,52.2952,1423.0,Lower combined pressure
18093,,,,,,,,,Lawrence,IN,11.4,9.5,7.9,15.1,17.5,24.8,8.0,,,0.5604,0.0,0.0,,,50.0154,,,,,,,,,83.7957,69.9763,52.1313,54.956,56.8166,71.8539,23.1225,56.6615,50.0154,,64.9216,23.1225,56.6615,52.2846,1424.0,Lower combined pressure
45085,,,,,,,,,Sumter,SC,10.5,8.0,7.0,14.7,17.4,21.0,12.7,,,0.6021,0.0,0.0,,,50.0154,,,,,,,,,46.9046,42.7436,29.161,47.3106,54.364,29.7361,74.3234,63.493,50.0154,,41.7033,74.3234,63.493,52.2828,1425.0,Lower combined pressure
13313,,,,,,,,,Whitfield,GA,9.6,7.5,6.9,15.8,17.7,20.2,22.1,,,0.5443,0.0,0.0,,,50.0154,,,,,,,,,11.4344,33.1698,27.2666,66.3904,60.8424,20.1116,96.8877,53.8176,50.0154,,36.5359,96.8877,53.8176,52.2788,1426.0,Lower combined pressure
17161,,,,,,,6.537,0.0451,Rock Island,IL,10.5,8.1,7.3,14.0,16.9,20.4,10.0,,,0.6339,0.0,0.0,,,50.0154,,,,,64.0827,61.1979,,,46.9046,44.7903,36.3329,34.9797,44.5704,22.6658,50.8796,69.2736,50.0154,62.6403,38.3739,50.8796,69.2736,52.2735,1427.0,Lower combined pressure
23027,,,,,,,,,Waldo,ME,13.3,8.9,8.2,15.4,18.1,28.2,8.1,,,0.3977,0.0,0.0,,,50.0154,,,,,,,,,99.2219,60.1488,60.3857,60.2334,68.7415,94.2321,24.7294,32.7048,50.0154,,73.8272,24.7294,32.7048,52.2731,1428.0,Lower combined pressure
20153,,,,,,,,,Rawlins,KS,10.1,9.9,9.9,15.3,15.8,20.5,9.4,,,0.6399,0.0,0.0,,,50.0154,,,,,,,,,29.2794,76.3532,92.4899,58.7449,25.3214,24.1543,44.0291,70.3246,50.0154,,51.0572,44.0291,70.3246,52.2724,1429.0,Lower combined pressure
48379,,,,,,,,,Rains,TX,10.2,8.8,8.3,15.0,16.6,23.3,12.4,,,0.4722,0.0,0.0,,,50.0154,,,,,,,,,33.4405,58.2206,63.1597,53.0277,38.7855,56.2754,72.4797,43.0294,50.0154,,50.4849,72.4797,43.0294,52.2357,1430.0,Lower combined pressure
46123,,,,,,,,,Tripp,SD,10.8,10.0,9.8,15.7,15.9,20.6,10.1,,,0.4825,0.0,0.0,,,50.0154,,,,,,,,,60.2842,77.8924,91.5934,64.8512,27.2327,25.3552,52.3512,44.6368,50.0154,,57.8682,52.3512,44.6368,52.2273,1431.0,Lower combined pressure
48333,,,,,,,,,Mills,TX,9.7,8.3,8.6,14.6,15.5,21.9,13.4,,,0.6005,0.0,0.0,,,50.0154,,,,,,,,,13.5487,48.6637,71.6678,45.4838,20.6867,39.885,78.366,63.2767,50.0154,,39.9893,78.366,63.2767,52.2216,1432.0,Lower combined pressure
29127,,,,,,,,,Marion,MO,10.6,9.1,7.5,15.3,17.9,25.0,8.8,,,0.5717,0.0,0.0,,,50.0154,,,,,,,,,51.2686,63.6333,41.0859,58.7449,64.9019,74.205,35.8085,58.1762,50.0154,,58.9733,35.8085,58.1762,52.1952,1433.0,Lower combined pressure
47021,,,,,,,,,Cheatham,TN,10.7,8.2,6.6,14.6,18.9,28.7,10.7,,,0.4436,0.0,0.0,,,50.0154,,,,,,,,,55.8018,46.8539,21.4141,45.4838,82.3748,94.8579,57.8654,38.9799,50.0154,,57.7977,57.8654,38.9799,52.1848,1434.0,Lower combined pressure
28127,,,,,,,,,Simpson,MS,10.1,9.4,8.1,15.6,17.5,19.7,11.9,,,0.5292,0.0,0.0,,,50.0154,,,,,,,,,29.2794,68.3694,57.747,63.2273,56.8166,15.2064,68.8092,51.3447,50.0154,,48.441,68.8092,51.3447,52.1737,1435.0,Lower combined pressure
48265,,,,,,,,,Kerr,TX,9.6,8.4,8.7,14.8,15.4,21.4,15.7,,,0.5477,0.0,0.0,,,50.0154,,,,,,,,,11.4344,50.592,74.002,49.2896,19.2828,34.3369,87.5,54.1267,50.0154,,39.823,87.5,54.1267,52.1641,1436.0,Lower combined pressure
05019,,,,,,,,0.0417,Clark,AR,10.9,8.1,7.2,15.3,20.5,26.0,10.4,,,0.7504,0.0,0.0,,,50.0154,,,,,,27.8646,,,64.4621,44.7903,33.8464,58.7449,95.4499,83.3221,55.5819,87.7589,50.0154,27.8646,63.4359,55.5819,87.7589,52.1638,1437.0,Lower combined pressure
40025,,,,,,,,,Cimarron,OK,10.1,8.1,8.7,14.1,14.4,21.5,13.0,,,0.6319,0.0,0.0,,,50.0154,,,,,,,,,29.2794,44.7903,74.002,36.6881,9.6583,35.318,76.2686,69.0881,50.0154,,38.2894,76.2686,69.0881,52.1502,1438.0,Lower combined pressure
48059,,,,,,,,,Callahan,TX,10.2,8.2,7.6,14.6,17.3,23.9,12.5,,,0.5149,0.0,0.0,,,50.0154,,,,,,,,,33.4405,46.8539,43.8092,45.4838,52.3681,62.703,73.1901,49.2736,50.0154,,47.4431,73.1901,49.2736,52.149,1439.0,Lower combined pressure
48255,,,,,,,,,Karnes,TX,9.1,6.8,6.4,15.3,18.0,20.4,28.2,,,0.5975,0.0,0.0,,,50.0154,,,,,,,,,3.6874,21.0927,17.8958,58.7449,66.8978,22.6658,98.7991,62.6893,50.0154,,31.8307,98.7991,62.6893,52.1482,1440.0,Lower combined pressure
08021,,,,,,,,,Conejos,CO,10.4,6.9,7.5,15.6,16.0,20.5,18.8,,,0.5454,0.0,0.0,,,50.0154,,,,,,,,,42.6928,22.7165,41.0859,63.2273,28.8058,24.1543,94.4181,53.8485,50.0154,,37.1138,94.4181,53.8485,52.1463,1441.0,Lower combined pressure
53015,,,,,,,4.5537,,Cowlitz,WA,12.3,7.5,7.2,15.6,18.7,27.5,9.2,,,0.6396,0.0,0.0,,,50.0154,,,,,37.4677,,,,96.2618,33.1698,33.8464,63.2273,79.2456,92.5237,41.475,70.2628,50.0154,37.4677,66.3791,41.475,70.2628,52.1401,1442.0,Lower combined pressure
42037,,,,,,,,,Columbia,PA,,,,,,,,,,0.5734,0.0,0.0,,,50.0154,,,,,,,,,,,,,,,,58.4235,50.0154,,,,58.4235,52.1174,1443.0,Lower combined pressure
06029,,,,,,,2.8874,0.0508,Kern,CA,10.3,6.4,6.2,16.1,20.0,22.8,16.7,,,-16.2701,0.0,0.0,,,50.0154,,,,,25.8398,95.5729,,,38.0751,15.9168,15.3248,70.8728,92.8112,50.406,90.68,10.51,50.0154,60.7064,47.2344,90.68,10.51,52.1088,1444.0,Lower combined pressure
02164,,,,,,,,,Lake and Peninsula,AK,12.5,9.1,8.2,17.9,18.4,20.0,12.1,,,-999.0,0.0,0.0,,,50.0154,,,,,,,,,97.3782,63.6333,60.3857,90.7476,74.5264,17.8281,70.2639,1.9629,50.0154,,67.4166,70.2639,1.9629,52.1086,1445.0,Lower combined pressure
48077,,,,,,,,,Clay,TX,10.1,8.3,7.9,14.5,16.8,23.6,11.3,,,0.5922,0.0,0.0,,,50.0154,,,,,,,,,29.2794,48.6637,52.1313,43.8769,42.7267,59.726,63.7686,61.762,50.0154,,46.0673,63.7686,61.762,52.0994,1446.0,Lower combined pressure
48423,,,,,,,,0.046,Smith,TX,10.5,7.0,6.5,13.7,17.7,23.3,15.3,,,-17.3091,0.0,0.0,,,50.0154,,,,,,70.0521,,,46.9046,24.3065,19.5873,29.6177,60.8424,56.2754,86.4344,10.3246,50.0154,70.0521,39.589,86.4344,10.3246,52.0908,1447.0,Lower combined pressure
28019,,,,,,,,,Choctaw,MS,9.7,9.7,9.0,15.6,16.1,19.2,11.4,,,0.5993,0.0,0.0,,,50.0154,,,,,,,,,13.5487,73.1055,79.5839,63.2273,30.4635,10.9777,64.6313,62.9985,50.0154,,45.1511,64.6313,62.9985,52.0738,1448.0,Lower combined pressure
51049,,,,,,,,,Cumberland,VA,11.4,8.8,8.4,15.6,17.2,22.7,9.2,,,0.4824,0.0,0.0,,,50.0154,,,,,,,,,83.7957,58.2206,66.0521,63.2273,50.203,49.0528,41.475,44.6059,50.0154,,61.7586,41.475,44.6059,52.0698,1449.0,Lower combined pressure
08017,,,,,,,,,Cheyenne,CO,11.3,8.0,7.6,14.6,16.5,22.8,11.1,,,0.544,0.0,0.0,,,50.0154,,,,,,,,,80.8863,42.7436,43.8092,45.4838,37.0095,50.406,61.6204,53.6631,50.0154,,50.0564,61.6204,53.6631,52.0628,1450.0,Lower combined pressure
17149,,,,,,,,,Pike,IL,10.6,9.7,8.2,15.3,17.7,23.2,8.5,,,0.5793,0.0,0.0,,,50.0154,,,,,,,,,51.2686,73.1055,60.3857,58.7449,60.8424,55.1252,31.0047,59.6291,50.0154,,59.912,31.0047,59.6291,52.0614,1451.0,Lower combined pressure
48357,,,,,,,,,Ochiltree,TX,9.5,7.1,6.7,15.5,18.0,22.1,26.1,,,0.494,0.0,0.0,,,50.0154,,,,,,,,,9.6583,25.9303,23.3593,61.6204,66.8978,42.1516,98.1732,46.4606,50.0154,,38.2696,98.1732,46.4606,52.0472,1452.0,Lower combined pressure
08085,,,,,,,,,Montrose,CO,11.1,8.0,8.0,14.8,15.7,22.4,12.6,,,0.4909,0.0,0.0,,,50.0154,,,,,,,,,73.5284,42.7436,55.0744,49.2896,23.41,45.1455,73.7991,45.966,50.0154,,48.1986,73.7991,45.966,52.041,1453.0,Lower combined pressure
21155,,,,,,,,,Marion,KY,,,,,,,,,,0.5711,0.0,0.0,,,50.0154,,,,,,,,,,,,,,,,58.0526,50.0154,,,,58.0526,52.0247,1454.0,Lower combined pressure
21067,,,,,,,6.379,0.0453,Fayette,KY,,,,,,,,,,0.4062,0.0,0.0,,,50.0154,,,,,59.8191,63.6719,,,,,,,,,,33.6631,50.0154,61.7455,,,33.6631,52.0112,1455.0,Lower combined pressure
41053,,,,,,,,,Polk,OR,12.4,7.0,6.6,13.6,17.6,27.0,8.9,,,0.6333,0.0,0.0,,,50.0154,,,,,,,,,96.8539,24.3065,21.4141,28.366,59.0325,90.0203,37.297,69.1808,50.0154,,53.3322,37.297,69.1808,51.9806,1456.0,Lower combined pressure
29186,,,,,,,,0.046,Ste. Genevieve,MO,10.4,9.1,7.9,15.2,17.1,24.4,8.4,,,0.3318,0.0,0.0,,,50.0154,,,,,,70.9635,,,42.6928,63.6333,52.1313,56.8843,48.0717,67.5406,29.4147,24.915,50.0154,70.9635,55.159,29.4147,24.915,51.9682,1457.0,Lower combined pressure
42073,,,,,,,,,Lawrence,PA,,,,,,,,,,0.5699,0.0,0.0,,,50.0154,,,,,,,,,,,,,,,,57.8053,50.0154,,,,57.8053,51.9629,1458.0,Lower combined pressure
35061,,,,,,,,0.0462,Valencia,NM,9.6,6.6,7.4,16.4,16.1,21.8,18.6,,,-119.4282,0.0,0.0,,,50.0154,,,,,,72.6562,,,11.4344,18.4202,38.6671,74.6448,30.4635,38.8363,94.1475,5.0386,50.0154,72.6562,35.411,94.1475,5.0386,51.9401,1459.0,Lower combined pressure
48095,,,,,,,,,Concho,TX,9.1,7.8,7.6,15.1,16.9,20.0,23.7,,,0.5639,0.0,0.0,,,50.0154,,,,,,,,,3.6874,38.887,43.8092,54.956,44.5704,17.8281,97.3106,57.1252,50.0154,,33.9564,97.3106,57.1252,51.9164,1460.0,Lower combined pressure
09011,,,,,,,5.4779,0.0452,,,,,,,,,,,,,0.0,0.0,,,50.0154,,,,,46.3824,61.9792,,,,,,,,,,,50.0154,54.1808,,,,51.9088,1461.0,Lower combined pressure
02070,,,,,,,,,Dillingham,AK,12.7,8.6,7.4,17.4,19.2,20.1,13.3,,,-999.0,0.0,0.0,,,50.0154,,,,,,,,,98.2409,54.6854,38.6671,86.0792,85.9269,18.9107,77.9263,1.9629,50.0154,,63.7517,77.9263,1.9629,51.9086,1462.0,Lower combined pressure
21021,,,,,,,,,Boyle,KY,,,,,,,,,,0.5681,0.0,0.0,,,50.0154,,,,,,,,,,,,,,,,57.558,50.0154,,,,57.558,51.901,1463.0,Lower combined pressure
48195,,,,,,,,,Hansford,TX,9.6,7.0,6.7,15.0,17.2,22.0,23.4,,,0.5652,0.0,0.0,,,50.0154,,,,,,,,,11.4344,24.3065,23.3593,53.0277,50.203,41.0183,97.226,57.2488,50.0154,,33.8915,97.226,57.2488,51.9,1464.0,Lower combined pressure
37099,,,,,,,,,Jackson,NC,11.1,8.2,7.4,13.6,18.3,27.2,9.8,,,0.4746,0.0,0.0,,,50.0154,,,,,,,,,73.5284,46.8539,38.6671,28.366,72.615,91.1198,48.7483,43.4003,50.0154,,58.525,48.7483,43.4003,51.801,1465.0,Lower combined pressure
42109,,,,,,,,,Snyder,PA,,,,,,,,,,0.5643,0.0,0.0,,,50.0154,,,,,,,,,,,,,,,,57.1561,50.0154,,,,57.1561,51.8006,1466.0,Lower combined pressure
16003,,,,,,,,,Adams,ID,10.8,10.0,9.6,16.2,14.8,21.5,9.8,,,0.4821,0.0,0.0,,,50.0154,,,,,,,,,60.2842,77.8924,89.3606,72.1583,13.3119,35.318,48.7483,44.544,50.0154,,58.0542,48.7483,44.544,51.7966,1467.0,Lower combined pressure
53027,,,,,,,3.676,,Grays Harbor,WA,11.5,8.2,8.1,16.0,18.4,26.9,9.9,,,0.6082,0.0,0.0,,,50.0154,,,,,30.7494,,,,86.316,46.8539,57.747,69.3505,74.5264,89.3437,49.7124,64.544,50.0154,30.7494,70.6896,49.7124,64.544,51.79,1468.0,Lower combined pressure
53025,,,,,,,4.5573,,Grant,WA,10.8,6.4,6.5,15.0,17.8,23.7,17.3,,,0.6268,0.0,0.0,,,50.0154,,,,,37.7261,,,,60.2842,15.9168,19.5873,53.0277,62.7876,60.8762,91.9317,68.068,50.0154,37.7261,45.4133,91.9317,68.068,51.7894,1469.0,Lower combined pressure
48503,,,,,,,,,Young,TX,10.0,8.1,7.5,14.6,17.3,23.4,15.2,,,0.4618,0.0,0.0,,,50.0154,,,,,,,,,24.8816,44.7903,41.0859,45.4838,52.3681,57.4256,86.0622,41.4219,50.0154,,44.3392,86.0622,41.4219,51.7838,1470.0,Lower combined pressure
19179,,,,,,,,,Wapello,IA,10.3,8.6,7.6,14.9,17.2,20.4,10.0,,,0.6937,0.0,0.0,,,50.0154,,,,,,,,,38.0751,54.6854,43.8092,51.1671,50.203,22.6658,50.8796,78.7326,50.0154,,43.4343,50.8796,78.7326,51.7659,1471.0,Lower combined pressure
26155,,,,,,,,,Shiawassee,MI,11.6,9.2,7.7,15.4,18.6,28.3,6.8,,,0.5214,0.0,0.0,,,50.0154,,,,,,,,,88.5149,65.4093,46.431,60.2334,77.9601,94.4012,7.6286,50.1082,50.0154,,72.1583,7.6286,50.1082,51.7572,1472.0,Lower combined pressure
35039,,,,,,,0.1299,0.0513,Rio Arriba,NM,9.9,7.0,8.4,17.5,15.8,20.2,19.3,,,0.5187,0.0,0.0,,,50.0154,,,,,0.646,96.3542,,,20.5514,24.3065,66.0521,87.2294,25.3214,20.1116,94.9594,49.7682,50.0154,48.5001,40.5954,94.9594,49.7682,51.7513,1473.0,Lower combined pressure
55053,,,,,,,5.6867,,Jackson,WI,11.1,8.5,8.3,15.3,16.6,23.5,9.1,,,0.5874,0.0,0.0,,,50.0154,,,,,48.9664,,,,73.5284,52.6556,63.1597,58.7449,38.7855,58.6265,40.1218,60.9274,50.0154,48.9664,57.5834,40.1218,60.9274,51.747,1474.0,Lower combined pressure
21171,,,,,,,,,Monroe,KY,,,,,,,,,,0.5624,0.0,0.0,,,50.0154,,,,,,,,,,,,,,,,56.9397,50.0154,,,,56.9397,51.7465,1475.0,Lower combined pressure
53013,,,,,,,3.8346,0.0448,Columbia,WA,11.3,7.6,8.1,15.1,15.8,25.5,8.1,,,0.7681,0.0,0.0,,,50.0154,,,,,31.7829,58.9844,,,80.8863,35.0812,57.747,54.956,25.3214,79.1779,24.7294,90.3864,50.0154,45.3837,55.5283,24.7294,90.3864,51.7442,1476.0,Lower combined pressure
20165,,,,,,,,,Rush,KS,10.1,9.4,9.1,14.8,15.6,20.7,9.0,,,0.7245,0.0,0.0,,,50.0154,,,,,,,,,29.2794,68.3694,81.4783,49.2896,22.0737,26.4208,38.7348,83.8794,50.0154,,46.1519,38.7348,83.8794,51.7387,1477.0,Lower combined pressure
29137,,,,,,,,0.0415,Monroe,MO,10.6,11.4,9.6,17.0,17.5,24.9,9.5,,,0.6417,0.0,0.0,,,50.0154,,,,,,26.4323,,,51.2686,91.7794,89.3606,81.8166,56.8166,73.1225,45.3484,70.7883,50.0154,26.4323,74.0274,45.3484,70.7883,51.7332,1478.0,Lower combined pressure
18033,,,,,,,,,DeKalb,IN,11.2,8.6,7.1,14.3,18.1,26.5,8.1,,,0.6008,0.0,0.0,,,50.0154,,,,,,,,,77.4357,54.6854,31.4276,40.3078,68.7415,86.6543,24.7294,63.3385,50.0154,,59.8754,24.7294,63.3385,51.707,1479.0,Lower combined pressure
17157,,,,,,,6.3385,0.0441,Randolph,IL,10.4,8.9,7.7,14.8,17.5,21.9,9.3,,,0.6056,0.0,0.0,,,50.0154,,,,,59.3023,50.3906,,,42.6928,60.1488,46.431,49.2896,56.8166,39.885,42.7943,64.0495,50.0154,54.8465,49.2106,42.7943,64.0495,51.7033,1480.0,Lower combined pressure
20191,,,,,,,8.3208,0.0429,Sumner,KS,10.1,8.3,7.7,13.9,16.4,21.3,8.9,,,0.6838,0.0,0.0,,,50.0154,,,,,90.0517,36.7188,,,29.2794,48.6637,46.431,33.2206,35.4533,33.3897,37.297,76.847,50.0154,63.3852,37.7396,37.297,76.847,51.7002,1481.0,Lower combined pressure
42095,,,,,,,6.9045,0.0422,Northampton,PA,,,,,,,,,,0.5569,0.0,0.0,,,50.0154,,,,,72.093,31.7708,,,,,,,,,,56.0433,50.0154,51.9319,,,56.0433,51.6799,1482.0,Lower combined pressure
22077,,,,,,,,0.0405,Pointe Coupee,LA,10.6,10.2,9.1,16.9,19.1,26.1,9.2,,,0.7236,0.0,0.0,,,50.0154,,,,,,19.401,,,51.2686,80.2943,81.4783,80.5142,84.8951,83.9986,41.475,83.8022,50.0154,19.401,77.0749,41.475,83.8022,51.6513,1483.0,High health vulnerability
17115,,,,,,,7.5095,0.0436,Macon,IL,10.8,8.5,7.5,14.4,17.3,21.7,8.1,,,0.6155,0.0,0.0,,,50.0154,,,,,81.137,44.0104,,,60.2842,52.6556,41.0859,42.1685,52.3681,37.7368,24.7294,65.8733,50.0154,62.5737,47.7165,24.7294,65.8733,51.6374,1484.0,Lower combined pressure
48069,,,,,,,,,Castro,TX,9.1,6.7,7.2,15.5,16.6,20.1,27.7,,,0.6104,0.0,0.0,,,50.0154,,,,,,,,,3.6874,19.6719,33.8464,61.6204,38.7855,18.9107,98.6299,64.9459,50.0154,,29.4204,98.6299,64.9459,51.6231,1485.0,Lower combined pressure
37167,,,,,,,,,Stanly,NC,11.0,8.6,7.6,14.3,17.6,25.7,10.8,,,0.4035,0.0,0.0,,,50.0154,,,,,,,,,68.9953,54.6854,43.8092,40.3078,59.0325,80.8525,58.8802,33.323,50.0154,,57.9471,58.8802,33.323,51.6156,1486.0,Lower combined pressure
22015,,,,,,,11.3698,0.0414,Bossier,LA,10.1,7.6,6.7,14.2,18.5,26.8,8.1,,,0.5999,0.0,0.0,,,50.0154,,,,,98.9664,26.3021,,,29.2794,35.0812,23.3593,38.498,76.387,88.6502,24.7294,63.1221,50.0154,62.6342,48.5425,24.7294,63.1221,51.584,1487.0,Lower combined pressure
49019,,,,,,,7.6402,0.0453,Grand,UT,10.8,6.6,6.9,14.0,16.4,25.3,10.1,,,0.3305,0.0,0.0,,,50.0154,,,,,83.2041,63.2812,,,60.2842,18.4202,27.2666,34.9797,35.4533,76.979,52.3512,24.7295,50.0154,73.2427,42.2305,52.3512,24.7295,51.581,1488.0,Lower combined pressure
48373,,,,,,,,0.0371,Polk,TX,10.7,9.8,8.1,16.6,18.8,24.8,17.3,,,0.7214,0.0,0.0,,,50.0154,,,,,,6.5104,,,55.8018,74.7124,57.747,76.8606,80.7341,71.8539,91.9317,83.4621,50.0154,6.5104,69.6183,91.9317,83.4621,51.5762,1489.0,Lower combined pressure
39169,,,,,,,,,Wayne,OH,11.0,8.7,7.6,14.4,17.8,25.4,8.5,,,0.5757,0.0,0.0,,,50.0154,,,,,,,,,68.9953,56.4445,43.8092,42.1685,62.7876,78.1461,31.0047,58.8872,50.0154,,58.7252,31.0047,58.8872,51.5668,1490.0,Lower combined pressure
54061,,,,,,,6.1965,0.0468,Monongalia,WV,11.6,6.7,5.6,12.9,20.9,29.4,7.1,,,0.5125,0.0,0.0,,,50.0154,,,,,56.8475,78.9062,,,88.5149,19.6719,8.0176,17.3714,97.0568,96.1604,10.8424,48.8717,50.0154,67.8769,54.4655,10.8424,48.8717,51.5616,1491.0,Lower combined pressure
20035,,,,,,,,,Cowley,KS,10.2,8.0,7.4,14.2,17.2,21.5,10.7,,,0.6974,0.0,0.0,,,50.0154,,,,,,,,,33.4405,42.7436,38.6671,38.498,50.203,35.318,57.8654,79.2272,50.0154,,39.8117,57.8654,79.2272,51.5557,1492.0,Lower combined pressure
16039,,,,,,,,,Elmore,ID,10.7,7.1,6.2,14.2,17.5,22.8,13.6,,,0.5562,0.0,0.0,,,50.0154,,,,,,,,,55.8018,25.9303,15.3248,38.498,56.8166,50.406,79.4317,55.7651,50.0154,,40.4629,79.4317,55.7651,51.52,1493.0,Lower combined pressure
47179,,,,,,,,,Washington,TN,10.9,8.8,7.3,15.2,19.7,30.9,10.8,,,-30.607,0.0,0.0,,,50.0154,,,,,,,,,64.4621,58.2206,36.3329,56.8843,90.5616,99.0866,58.8802,8.3462,50.0154,,67.5913,58.8802,8.3462,51.5001,1494.0,Lower combined pressure
23003,,,,,,,2.775,0.032,Aroostook,ME,13.4,11.0,9.5,17.3,18.3,25.6,9.4,,,0.6688,0.0,0.0,,,50.0154,,,,,24.677,1.4323,,,99.3742,88.498,87.8383,85.1488,72.615,79.9222,44.0291,74.374,50.0154,13.0546,85.5661,44.0291,74.374,51.5001,1495.0,High health vulnerability
40131,,,,,,,,,Rogers,OK,11.4,7.6,7.2,13.9,16.9,24.6,9.0,,,0.6534,0.0,0.0,,,50.0154,,,,,,,,,83.7957,35.0812,33.8464,33.2206,44.5704,69.5873,38.7348,72.272,50.0154,,50.0169,38.7348,72.272,51.4794,1496.0,Lower combined pressure
28047,,,,,,,7.8679,0.0466,Harrison,MS,9.6,8.0,7.2,14.4,17.3,21.1,11.1,,,-11.837,0.0,0.0,,,50.0154,,,,,85.2713,76.8229,,,11.4344,42.7436,33.8464,42.1685,52.3681,31.0724,61.6204,11.4683,50.0154,81.0471,35.6055,61.6204,11.4683,51.4767,1497.0,Lower combined pressure
46047,,,,,,,,,Fall River,SD,10.4,10.2,10.5,15.5,14.3,20.0,8.9,,,0.64,0.0,0.0,,,50.0154,,,,,,,,,42.6928,80.2943,96.5663,61.6204,8.7111,17.8281,37.297,70.3864,50.0154,,51.2855,37.297,70.3864,51.4591,1498.0,Lower combined pressure
05085,,,,,,,,,Lonoke,AR,10.3,7.5,6.5,14.8,18.8,25.8,9.8,,,0.5877,0.0,0.0,,,50.0154,,,,,,,,,38.0751,33.1698,19.5873,49.2896,80.7341,81.8166,48.7483,61.0201,50.0154,,50.4454,48.7483,61.0201,51.4571,1499.0,Lower combined pressure
48057,,,,,,,,,Calhoun,TX,9.2,6.9,7.3,14.8,16.1,20.1,22.0,,,0.6428,0.0,0.0,,,50.0154,,,,,,,,,5.1421,22.7165,36.3329,49.2896,30.4635,18.9107,96.82,71.0665,50.0154,,27.1425,96.82,71.0665,51.4385,1500.0,Lower combined pressure
16011,,,,,,,,,Bingham,ID,11.0,7.1,6.5,14.6,17.1,23.0,12.4,,,0.5489,0.0,0.0,,,50.0154,,,,,,,,,68.9953,25.9303,19.5873,45.4838,48.0717,52.8417,72.4797,54.374,50.0154,,43.485,72.4797,54.374,51.415,1501.0,Lower combined pressure
12083,,,,,,,9.4297,0.0395,Marion,FL,9.8,9.8,9.7,16.4,16.6,19.0,15.6,,,-20.9781,0.0,0.0,,,50.0154,,,,,96.3824,15.4948,,,16.6272,74.7124,90.6461,74.6448,38.7855,9.8275,87.1279,9.7063,50.0154,55.9386,50.8739,87.1279,9.7063,51.3912,1502.0,Lower combined pressure
30101,,,,,,,,,Toole,MT,11.0,8.8,7.5,15.7,18.8,23.2,13.2,,,-332.5023,0.0,0.0,,,50.0154,,,,,,,,,68.9953,58.2206,41.0859,64.8512,80.7341,55.1252,77.5203,4.0495,50.0154,,61.502,77.5203,4.0495,51.3828,1503.0,Lower combined pressure
40151,,,,,,,,,Woods,OK,10.9,7.6,7.2,13.4,17.9,26.0,10.1,,,0.554,0.0,0.0,,,50.0154,,,,,,,,,64.4621,35.0812,33.8464,24.6786,64.9019,83.3221,52.3512,55.2705,50.0154,,51.0487,52.3512,55.2705,51.372,1504.0,Lower combined pressure
22073,,,,,,,7.9941,0.0431,Ouachita,LA,10.9,8.8,7.5,15.2,19.8,25.7,8.6,,,-20.5925,0.0,0.0,,,50.0154,,,,,86.3049,39.7135,,,64.4621,58.2206,41.0859,56.8843,91.475,80.8525,32.6286,9.7372,50.0154,63.0092,65.4967,32.6286,9.7372,51.3677,1505.0,Lower combined pressure
13231,,,,,,,,0.0469,Pike,GA,10.1,7.1,6.3,14.1,17.6,21.7,10.9,,,0.1852,0.0,0.0,,,50.0154,,,,,,80.8594,,,29.2794,25.9303,16.6272,36.6881,59.0325,37.7368,59.8275,16.0742,50.0154,80.8594,34.2157,59.8275,16.0742,51.3636,1506.0,Lower combined pressure
45045,,,,,,,8.1328,0.0472,Greenville,SC,9.4,6.4,6.1,12.8,16.0,21.8,11.4,,,0.4124,0.0,0.0,,,50.0154,,,,,87.8553,83.0729,,,8.0176,15.9168,13.9378,16.1536,28.8058,38.8363,64.6313,34.4977,50.0154,85.4641,20.278,64.6313,34.4977,51.353,1507.0,Lower combined pressure
01113,,,,,,,1.9821,0.0415,Russell,AL,11.0,9.0,7.5,15.7,18.8,23.9,11.9,,,0.7019,0.0,0.0,,,50.0154,,,,,18.3463,26.5625,,,68.9953,61.8572,41.0859,64.8512,80.7341,62.703,68.8092,80.0927,50.0154,22.4544,63.3711,68.8092,80.0927,51.3512,1508.0,Lower combined pressure
56019,,,,,,,,0.046,Johnson,WY,10.2,8.9,8.8,14.8,14.6,19.6,10.5,,,0.3699,0.0,0.0,,,50.0154,,,,,,70.3125,,,33.4405,60.1488,75.9303,49.2896,11.4513,14.2422,56.2585,29.1808,50.0154,70.3125,40.7505,56.2585,29.1808,51.3143,1509.0,Lower combined pressure
17051,,,,,,,,,Fayette,IL,10.4,9.2,7.6,14.9,18.1,22.4,9.8,,,0.5461,0.0,0.0,,,50.0154,,,,,,,,,42.6928,65.4093,43.8092,51.1671,68.7415,45.1455,48.7483,53.9104,50.0154,,52.8276,48.7483,53.9104,51.3032,1510.0,Lower combined pressure
21169,,,,,,,,,Metcalfe,KY,,,,,,,,,,0.5534,0.0,0.0,,,50.0154,,,,,,,,,,,,,,,,55.1468,50.0154,,,,55.1468,51.2983,1511.0,Lower combined pressure
51036,,,,,,,5.7951,0.0405,Charles City,VA,11.8,9.5,9.1,16.8,16.8,21.0,9.5,,,0.6086,0.0,0.0,,,50.0154,,,,,50.9044,19.7917,,,91.8133,69.9763,81.4783,79.1779,42.7267,29.7361,45.3484,64.6677,50.0154,35.348,65.8181,45.3484,64.6677,51.2978,1512.0,Lower combined pressure
32027,,,,,,,,,Pershing,NV,9.8,8.0,7.4,15.4,17.6,19.6,15.0,,,0.5383,0.0,0.0,,,50.0154,,,,,,,,,16.6272,42.7436,38.6671,60.2334,59.0325,14.2422,85.4364,52.7666,50.0154,,38.591,85.4364,52.7666,51.2969,1513.0,Lower combined pressure
18005,,,,,,,6.6184,0.0473,Bartholomew,IN,10.6,7.6,6.6,13.2,17.2,24.9,8.4,,,0.458,0.0,0.0,,,50.0154,,,,,66.2791,83.4635,,,51.2686,35.0812,21.4141,21.634,50.203,73.1225,29.4147,41.0201,50.0154,74.8713,42.1205,29.4147,41.0201,51.2961,1514.0,Lower combined pressure
29209,,,,,,,,,Stone,MO,10.4,11.3,10.2,16.9,15.9,23.5,8.4,,,0.4545,0.0,0.0,,,50.0154,,,,,,,,,42.6928,91.069,94.7564,80.5142,27.2327,58.6265,29.4147,40.6491,50.0154,,65.8153,29.4147,40.6491,51.2864,1515.0,Lower combined pressure
06107,,,,,,,2.2801,0.055,Tulare,CA,10.0,6.1,6.2,16.4,19.0,22.3,18.2,,,-8.9083,0.0,0.0,,,50.0154,,,,,20.9302,99.4792,,,24.8816,12.7199,15.3248,74.6448,83.7788,44.1137,93.7415,12.0866,50.0154,60.2047,42.5772,93.7415,12.0866,51.2829,1516.0,Lower combined pressure
29135,,,,,,,,,Moniteau,MO,10.4,8.7,7.1,15.2,18.1,24.8,10.3,,,0.4729,0.0,0.0,,,50.0154,,,,,,,,,42.6928,56.4445,31.4276,56.8843,68.7415,71.8539,54.7023,43.1839,50.0154,,54.6741,54.7023,43.1839,51.2824,1517.0,Lower combined pressure
41027,,,,,,,,,Hood River,OR,11.3,6.4,6.4,13.8,16.1,23.9,11.3,,,0.643,0.0,0.0,,,50.0154,,,,,,,,,80.8863,15.9168,17.8958,31.2415,30.4635,62.703,63.7686,71.1283,50.0154,,39.8512,63.7686,71.1283,51.2761,1518.0,Lower combined pressure
18043,,,,,,,6.7362,0.0466,Floyd,IN,11.3,7.8,6.7,13.5,17.6,25.2,7.3,,,0.4406,0.0,0.0,,,50.0154,,,,,69.6382,77.0833,,,80.8863,38.887,23.3593,26.6407,59.0325,76.0487,13.4641,38.5471,50.0154,73.3608,50.8091,13.4641,38.5471,51.2482,1519.0,Lower combined pressure
22037,,,,,,,,,East Feliciana,LA,10.1,8.6,8.1,15.6,18.6,24.5,8.8,,,0.5349,0.0,0.0,,,50.0154,,,,,,,,,29.2794,54.6854,57.747,63.2273,77.9601,68.4709,35.8085,52.0866,50.0154,,58.5617,35.8085,52.0866,51.2461,1520.0,Lower combined pressure
54039,,,,,,,2.1699,0.0377,Kanawha,WV,11.9,9.8,8.7,16.5,20.9,30.2,7.8,,,0.8155,0.0,0.0,,,50.0154,,,,,19.1214,7.5521,,,92.9465,74.7124,74.002,75.7442,97.0568,97.7165,20.2131,95.2396,50.0154,13.3368,85.3631,20.2131,95.2396,51.2249,1521.0,High health vulnerability
35043,,,,,,,,0.0484,Sandoval,NM,9.7,5.6,6.4,13.8,15.3,23.1,12.3,,,-56.7513,0.0,0.0,,,50.0154,,,,,,89.7135,,,13.5487,7.5947,17.8958,31.2415,18.0819,53.9073,71.7355,6.7388,50.0154,89.7135,23.7117,71.7355,6.7388,51.2083,1522.0,Lower combined pressure
37077,,,,,,,,0.0457,Granville,NC,11.3,8.0,7.2,13.8,17.0,23.4,11.6,,,-66.1836,0.0,0.0,,,50.0154,,,,,,67.0573,,,80.8863,42.7436,33.8464,31.2415,46.3972,57.4256,66.1874,6.2442,50.0154,67.0573,48.7568,66.1874,6.2442,51.2013,1523.0,Lower combined pressure
48103,,,,,,,,,Crane,TX,9.1,6.3,6.4,15.7,17.6,20.4,30.5,,,0.5748,0.0,0.0,,,50.0154,,,,,,,,,3.6874,14.6651,17.8958,64.8512,59.0325,22.6658,99.1204,58.6708,50.0154,,30.4663,99.1204,58.6708,51.2004,1524.0,Lower combined pressure
37121,,,,,,,5.9687,,Mitchell,NC,10.6,9.0,8.4,14.2,16.2,25.6,9.3,,,0.5057,0.0,0.0,,,50.0154,,,,,53.3592,,,,51.2686,61.8572,66.0521,38.498,32.1719,79.9222,42.7943,48.3153,50.0154,53.3592,54.9617,42.7943,48.3153,51.1958,1525.0,Lower combined pressure
49015,,,,,,,,,Emery,UT,11.2,6.9,6.8,14.5,17.3,27.1,9.8,,,0.5522,0.0,0.0,,,50.0154,,,,,,,,,77.4357,22.7165,25.406,43.8769,52.3681,90.5785,48.7483,54.9614,50.0154,,52.0636,48.7483,54.9614,51.1887,1526.0,Lower combined pressure
37033,,,,,,,,0.0426,Caswell,NC,11.3,9.5,8.5,15.1,17.2,23.5,11.8,,,0.5011,0.0,0.0,,,50.0154,,,,,,34.6354,,,80.8863,69.9763,68.9276,54.956,50.203,58.6265,68.0988,47.2334,50.0154,34.6354,63.9293,68.0988,47.2334,51.179,1527.0,Lower combined pressure
37145,,,,,,,,0.043,Person,NC,11.4,9.1,8.2,14.8,17.3,24.8,10.8,,,0.5038,0.0,0.0,,,50.0154,,,,,,38.4115,,,83.7957,63.6333,60.3857,49.2896,52.3681,71.8539,58.8802,47.9444,50.0154,38.4115,63.5544,58.8802,47.9444,51.1785,1528.0,Lower combined pressure
48369,,,,,,,,,Parmer,TX,9.1,6.4,6.8,15.5,16.7,20.1,28.6,,,0.6146,0.0,0.0,,,50.0154,,,,,,,,,3.6874,15.9168,25.406,61.6204,40.8153,18.9107,98.8836,65.5641,50.0154,,27.7261,98.8836,65.5641,51.1746,1529.0,Lower combined pressure
48143,,,,,,,,,Erath,TX,10.3,6.6,5.8,13.1,19.3,24.9,14.7,,,0.4924,0.0,0.0,,,50.0154,,,,,,,,,38.0751,18.4202,10.2165,20.1116,86.9587,73.1225,84.5907,46.2133,50.0154,,41.1508,84.5907,46.2133,51.1636,1530.0,Lower combined pressure
48415,,,,,,,,,Scurry,TX,9.6,7.0,6.7,14.7,17.5,22.1,21.3,,,0.5314,0.0,0.0,,,50.0154,,,,,,,,,11.4344,24.3065,23.3593,47.3106,56.8166,42.1516,96.3464,51.5765,50.0154,,34.2298,96.3464,51.5765,51.1392,1531.0,Lower combined pressure
28117,,,,,,,,,Prentiss,MS,9.9,9.1,7.6,15.1,18.0,21.6,11.0,,,0.5418,0.0,0.0,,,50.0154,,,,,,,,,20.5514,63.6333,43.8092,54.956,66.8978,36.502,60.724,53.3849,50.0154,,47.725,60.724,53.3849,51.129,1532.0,Lower combined pressure
12033,,,,,,,6.9933,0.0413,Escambia,FL,10.6,7.8,7.2,14.6,18.1,20.5,12.4,,,0.5511,0.0,0.0,,,50.0154,,,,,74.1602,25.5208,,,51.2686,38.887,33.8464,45.4838,68.7415,24.1543,72.4797,54.745,50.0154,49.8405,43.7303,72.4797,54.745,51.1198,1533.0,Lower combined pressure
48029,,,,,,,9.361,0.0452,Bexar,TX,9.0,5.1,5.4,13.9,16.7,22.2,21.9,,,-7.4437,0.0,0.0,,,50.0154,,,,,95.9948,62.1094,,,2.7064,4.0934,6.0386,33.2206,40.8153,43.1834,96.7524,12.5193,50.0154,79.0521,21.6763,96.7524,12.5193,51.1139,1534.0,Lower combined pressure
22121,,,,,,,8.8841,0.0412,West Baton Rouge,LA,10.4,7.2,6.5,14.0,18.9,25.5,8.0,,,0.6424,0.0,0.0,,,50.0154,,,,,94.3152,23.6979,,,42.6928,27.6894,19.5873,34.9797,82.3748,79.1779,23.1225,70.9428,50.0154,59.0066,47.7503,23.1225,70.9428,51.1004,1535.0,Lower combined pressure
48203,,,,,,,3.0062,0.0396,Harrison,TX,10.7,7.9,7.1,14.7,18.6,23.5,14.4,,,0.7998,0.0,0.0,,,50.0154,,,,,27.1318,15.7552,,,55.8018,40.8829,31.4276,47.3106,77.9601,58.6265,83.3051,94.034,50.0154,21.4435,52.0016,83.3051,94.034,51.0998,1536.0,Lower combined pressure
21089,,,,,,,,0.0431,Greenup,KY,,,,,,,,,,0.7193,0.0,0.0,,,50.0154,,,,,,39.5833,,,,,,,,,,83.0912,50.0154,39.5833,,,83.0912,51.0917,1537.0,Lower combined pressure
29049,,,,,,,,0.0457,Clinton,MO,10.4,8.6,7.5,15.0,17.3,24.9,8.2,,,0.4043,0.0,0.0,,,50.0154,,,,,,67.5781,,,42.6928,54.6854,41.0859,53.0277,52.3681,73.1225,26.3024,33.4467,50.0154,67.5781,52.8304,26.3024,33.4467,51.0817,1538.0,Lower combined pressure
26073,,,,,,,,,Isabella,MI,12.2,8.2,6.2,14.3,21.7,30.5,7.5,,,0.5348,0.0,0.0,,,50.0154,,,,,,,,,95.5514,46.8539,15.3248,40.3078,98.8498,98.3931,16.3058,52.0556,50.0154,,65.8801,16.3058,52.0556,51.0811,1539.0,Lower combined pressure
16063,,,,,,,,,Lincoln,ID,10.6,7.3,6.7,15.3,16.7,21.7,17.2,,,0.4558,0.0,0.0,,,50.0154,,,,,,,,,51.2686,29.5162,23.3593,58.7449,40.8153,37.7368,91.6779,40.7419,50.0154,,40.2402,91.6779,40.7419,51.0755,1540.0,Lower combined pressure
13249,,,,,,,,,Schley,GA,10.5,8.5,7.8,15.8,17.7,20.8,12.8,,,0.39,0.0,0.0,,,50.0154,,,,,,,,,46.9046,52.6556,49.0866,66.3904,60.8424,27.4696,74.8647,31.6538,50.0154,,50.5582,74.8647,31.6538,51.0614,1541.0,Lower combined pressure
51031,,,,,,,,,Campbell,VA,11.1,8.4,7.8,14.9,17.2,23.1,8.7,,,0.5918,0.0,0.0,,,50.0154,,,,,,,,,73.5284,50.592,49.0866,51.1671,50.203,53.9073,34.2524,61.6692,50.0154,,54.7474,34.2524,61.6692,51.0448,1542.0,Lower combined pressure
55077,,,,,,,,,Marquette,WI,11.0,9.5,9.3,15.9,15.3,23.3,8.5,,,0.5148,0.0,0.0,,,50.0154,,,,,,,,,68.9953,69.9763,84.7936,67.8112,18.0819,56.2754,31.0047,49.2427,50.0154,,60.9889,31.0047,49.2427,51.0355,1543.0,Lower combined pressure
30071,,,,,,,5.0619,,Phillips,MT,11.2,8.6,8.2,15.4,17.1,23.9,9.3,,,0.5878,0.0,0.0,,,50.0154,,,,,41.9897,,,,77.4357,54.6854,60.3857,60.2334,48.0717,62.703,42.7943,61.0665,50.0154,41.9897,60.5858,42.7943,61.0665,51.0346,1544.0,Lower combined pressure
48339,,,,,,,12.1096,0.0466,Montgomery,TX,9.5,5.6,5.3,12.2,16.4,21.5,14.7,,,-7.1332,0.0,0.0,,,50.0154,,,,,99.2248,76.9531,,,9.6583,7.5947,5.1759,9.4384,35.4533,35.318,84.5907,12.5502,50.0154,88.089,17.1065,84.5907,12.5502,51.0176,1545.0,Lower combined pressure
20009,,,,,,,,,Barton,KS,10.1,9.0,8.2,14.4,16.2,20.4,11.7,,,0.5925,0.0,0.0,,,50.0154,,,,,,,,,29.2794,61.8572,60.3857,42.1685,32.1719,22.6658,67.1516,61.8547,50.0154,,41.4214,67.1516,61.8547,51.0141,1546.0,Lower combined pressure
26063,,,,,,,,0.043,Huron,MI,11.5,10.8,9.4,16.3,17.2,26.5,7.0,,,0.5712,0.0,0.0,,,50.0154,,,,,,38.6719,,,86.316,86.7896,86.316,73.4269,50.203,86.6543,9.5399,58.0835,50.0154,38.6719,78.2843,9.5399,58.0835,51.006,1547.0,High health vulnerability
29121,,,,,,,,,Macon,MO,10.4,9.3,8.2,15.5,17.2,23.7,8.5,,,0.5746,0.0,0.0,,,50.0154,,,,,,,,,42.6928,66.9486,60.3857,61.6204,50.203,60.8762,31.0047,58.6399,50.0154,,57.1211,31.0047,58.6399,50.9992,1548.0,Lower combined pressure
42013,,,,,,,5.8909,0.044,Blair,PA,,,,,,,,,,0.5476,0.0,0.0,,,50.0154,,,,,52.584,49.2188,,,,,,,,,,54.0958,50.0154,50.9014,,,54.0958,50.9839,1549.0,Lower combined pressure
13035,,,,,,,,,Butts,GA,10.4,8.0,6.8,15.3,18.7,20.4,14.5,,,0.4206,0.0,0.0,,,50.0154,,,,,,,,,42.6928,42.7436,25.406,58.7449,79.2456,22.6658,83.6604,35.5178,50.0154,,45.2498,83.6604,35.5178,50.9798,1550.0,Lower combined pressure
48497,,,,,,,,,Wise,TX,10.1,7.2,6.4,14.1,17.9,23.5,15.2,,,0.5056,0.0,0.0,,,50.0154,,,,,,,,,29.2794,27.6894,17.8958,36.6881,64.9019,58.6265,86.0622,48.2844,50.0154,,39.1802,86.0622,48.2844,50.9791,1551.0,Lower combined pressure
49039,,,,,,,,,Sanpete,UT,11.2,6.7,6.1,14.0,18.6,26.8,11.8,,,0.4074,0.0,0.0,,,50.0154,,,,,,,,,77.4357,19.6719,13.9378,34.9797,77.9601,88.6502,68.0988,33.8949,50.0154,,52.1059,68.0988,33.8949,50.974,1552.0,Lower combined pressure
04003,,,,,,,0.1866,0.052,Cochise,AZ,10.4,8.3,8.3,15.6,15.2,19.9,14.2,,,0.5033,0.0,0.0,,,50.0154,,,,,2.1964,97.3958,,,42.6928,48.6637,63.1597,63.2273,16.8978,16.9317,82.5101,47.728,50.0154,49.7961,41.9288,82.5101,47.728,50.9597,1553.0,Lower combined pressure
21031,,,,,,,,,Butler,KY,,,,,,,,,,0.5442,0.0,0.0,,,50.0154,,,,,,,,,,,,,,,,53.7558,50.0154,,,,53.7558,50.9505,1554.0,Lower combined pressure
20187,,,,,,,,,Stanton,KS,9.7,8.3,8.1,15.4,16.0,19.1,19.2,,,0.4897,0.0,0.0,,,50.0154,,,,,,,,,13.5487,48.6637,57.747,60.2334,28.8058,10.3687,94.8579,45.7187,50.0154,,36.5612,94.8579,45.7187,50.9368,1555.0,Lower combined pressure
39021,,,,,,,,,Champaign,OH,11.0,8.5,7.5,14.4,17.7,25.5,7.6,,,0.6412,0.0,0.0,,,50.0154,,,,,,,,,68.9953,52.6556,41.0859,42.1685,60.8424,79.1779,17.5237,70.6955,50.0154,,57.4876,17.5237,70.6955,50.9313,1556.0,Lower combined pressure
48299,,,,,,,,,Llano,TX,9.8,9.5,10.0,15.3,14.5,21.5,12.2,,,0.4666,0.0,0.0,,,50.0154,,,,,,,,,16.6272,69.9763,93.2848,58.7449,10.5886,35.318,70.9912,42.3493,50.0154,,47.4233,70.9912,42.3493,50.926,1557.0,Lower combined pressure
48501,,,,,,,,,Yoakum,TX,9.2,5.8,6.0,14.6,17.3,20.9,27.1,,,0.6355,0.0,0.0,,,50.0154,,,,,,,,,5.1421,9.3369,12.6522,45.4838,52.3681,28.5521,98.3085,69.5827,50.0154,,25.5892,98.3085,69.5827,50.9214,1558.0,Lower combined pressure
17045,,,,,,,,,Edgar,IL,10.5,9.8,8.6,15.4,17.2,22.8,8.1,,,0.5774,0.0,0.0,,,50.0154,,,,,,,,,46.9046,74.7124,71.6678,60.2334,50.203,50.406,24.7294,59.289,50.0154,,59.0212,24.7294,59.289,50.8824,1559.0,Lower combined pressure
42125,,,,,,,2.55,0.0465,Washington,PA,,,,,,,,,,0.5678,0.0,0.0,,,50.0154,,,,,22.9974,75.5208,,,,,,,,,,57.4961,50.0154,49.2591,,,57.4961,50.8754,1560.0,Lower combined pressure
56045,,,,,,,3.6697,0.0465,Weston,WY,9.9,8.2,7.9,14.7,15.5,19.5,12.0,,,0.6476,0.0,0.0,,,50.0154,,,,,30.3618,76.5625,,,20.5514,46.8539,52.1313,47.3106,20.6867,13.3965,69.5196,71.6229,50.0154,53.4621,33.4884,69.5196,71.6229,50.8565,1561.0,Lower combined pressure
42063,,,,,,,6.0664,0.043,Indiana,PA,,,,,,,,,,0.6006,0.0,0.0,,,50.0154,,,,,55.5556,38.151,,,,,,,,,,63.3076,50.0154,46.8533,,,63.3076,50.8442,1562.0,Lower combined pressure
17061,,,,,,,,,Greene,IL,10.7,9.7,8.1,15.4,17.8,23.2,8.1,,,0.5497,0.0,0.0,,,50.0154,,,,,,,,,55.8018,73.1055,57.747,60.2334,62.7876,55.1252,24.7294,54.5286,50.0154,,60.8001,24.7294,54.5286,50.8406,1563.0,Lower combined pressure
32007,,,,,,,0.2335,0.0506,Elko,NV,10.7,7.3,6.2,15.1,18.8,21.5,13.9,,,0.4623,0.0,0.0,,,50.0154,,,,,3.4884,94.6615,,,55.8018,29.5162,15.3248,54.956,80.7341,35.318,80.8356,41.6074,50.0154,49.0749,45.2751,80.8356,41.6074,50.8364,1564.0,Lower combined pressure
08083,,,,,,,0.137,0.0485,Montezuma,CO,11.8,8.3,7.8,15.0,16.6,23.6,10.8,,,0.4744,0.0,0.0,,,50.0154,,,,,0.7752,89.8438,,,91.8133,48.6637,49.0866,53.0277,38.7855,59.726,58.8802,43.3694,50.0154,45.3095,56.8505,58.8802,43.3694,50.7696,1565.0,Lower combined pressure
32003,,,,,,,4.3857,0.0513,Clark,NV,10.1,6.9,6.2,14.9,18.7,20.3,15.4,,,-1.3841,0.0,0.0,,,50.0154,,,,,36.5633,96.224,,,29.2794,22.7165,15.3248,51.1671,79.2456,21.2957,86.705,13.694,50.0154,66.3936,36.5048,86.705,13.694,50.7691,1566.0,Lower combined pressure
17201,,,,,,,7.2911,0.0445,Winnebago,IL,10.6,8.3,7.3,14.9,17.6,22.5,10.7,,,-11.9181,0.0,0.0,,,50.0154,,,,,78.4238,54.5573,,,51.2686,48.6637,36.3329,51.1671,59.0325,46.3464,57.8654,11.4374,50.0154,66.4905,48.8019,57.8654,11.4374,50.758,1567.0,Lower combined pressure
22115,,,,,,,,,Vernon,LA,10.0,8.1,6.8,14.9,20.5,27.5,10.0,,,0.4536,0.0,0.0,,,50.0154,,,,,,,,,24.8816,44.7903,25.406,51.1671,95.4499,92.5237,50.8796,40.4637,50.0154,,55.7031,50.8796,40.4637,50.753,1568.0,Lower combined pressure
38095,,,,,,,,,Towner,ND,10.5,9.9,10.1,15.3,14.0,20.0,8.6,,,0.6557,0.0,0.0,,,50.0154,,,,,,,,,46.9046,76.3532,94.0291,58.7449,6.7659,17.8281,32.6286,72.643,50.0154,,50.1043,32.6286,72.643,50.7438,1569.0,Lower combined pressure
26049,,,,,,,6.8454,0.0432,Genesee,MI,12.3,9.5,7.8,16.0,19.3,27.2,7.3,,,-14.3113,0.0,0.0,,,50.0154,,,,,71.0594,41.0156,,,96.2618,69.9763,49.0866,69.3505,86.9587,91.1198,13.4641,10.8192,50.0154,56.0375,77.1256,13.4641,10.8192,50.7237,1570.0,High health vulnerability
42081,,,,,,,6.3428,0.0436,Lycoming,PA,,,,,,,,,,0.5212,0.0,0.0,,,50.0154,,,,,59.4315,44.1406,,,,,,,,,,50.0773,50.0154,51.7861,,,50.0773,50.706,1571.0,Lower combined pressure
35047,,,,,,,,,San Miguel,NM,9.0,6.5,8.5,16.9,14.5,19.5,20.1,,,0.547,0.0,0.0,,,50.0154,,,,,,,,,2.7064,17.1685,68.9276,80.5142,10.5886,13.3965,95.5683,54.0031,50.0154,,32.217,95.5683,54.0031,50.688,1572.0,Lower combined pressure
48245,,,,,,,9.6609,0.0384,Jefferson,TX,10.7,7.8,7.0,15.1,18.6,21.1,18.9,,,-38.686,0.0,0.0,,,50.0154,,,,,97.5452,10.026,,,55.8018,38.887,29.161,54.956,77.9601,31.0724,94.5365,7.6043,50.0154,53.7856,47.973,94.5365,7.6043,50.6584,1573.0,Lower combined pressure
08025,,,,,,,,,Crowley,CO,10.1,7.1,6.4,15.0,17.9,20.5,21.1,,,0.4789,0.0,0.0,,,50.0154,,,,,,,,,29.2794,25.9303,17.8958,53.0277,64.9019,24.1543,96.1265,44.0495,50.0154,,35.8649,96.1265,44.0495,50.6513,1574.0,Lower combined pressure
46093,,,,,,,,0.0539,Meade,SD,10.3,6.0,6.1,11.6,15.8,22.6,8.4,,,0.2794,0.0,0.0,,,50.0154,,,,,,99.0885,,,38.0751,11.6373,13.9378,5.1083,25.3214,47.7165,29.4147,20.1546,50.0154,99.0885,23.6327,29.4147,20.1546,50.6419,1575.0,Lower combined pressure
17069,,,,,,,,,Hardin,IL,10.6,10.5,9.3,16.0,17.1,22.4,8.4,,,0.4574,0.0,0.0,,,50.0154,,,,,,,,,51.2686,83.7111,84.7936,69.3505,48.0717,45.1455,29.4147,40.9274,50.0154,,63.7235,29.4147,40.9274,50.6263,1576.0,Lower combined pressure
29073,,,,,,,,,Gasconade,MO,10.6,10.0,8.6,15.9,17.2,24.6,8.4,,,0.4392,0.0,0.0,,,50.0154,,,,,,,,,51.2686,77.8924,71.6678,67.8112,50.203,69.5873,29.4147,38.2689,50.0154,,64.7384,29.4147,38.2689,50.6101,1577.0,Lower combined pressure
04009,,,,,,,,,Graham,AZ,11.2,7.4,6.4,14.7,17.5,20.3,16.0,,,0.4231,0.0,0.0,,,50.0154,,,,,,,,,77.4357,31.3092,17.8958,47.3106,56.8166,21.2957,88.6333,35.7651,50.0154,,42.0106,88.6333,35.7651,50.5961,1578.0,Lower combined pressure
55105,,,,,,,,0.046,Rock,WI,11.2,6.8,6.7,13.8,16.0,23.3,8.8,,,0.483,0.0,0.0,,,50.0154,,,,,,70.4427,,,77.4357,21.0927,23.3593,31.2415,28.8058,56.2754,35.8085,44.7295,50.0154,70.4427,39.7017,35.8085,44.7295,50.5945,1579.0,Lower combined pressure
05101,,,,,,,0.3872,0.0433,Newton,AR,10.3,11.3,10.4,17.7,17.8,24.7,10.1,,,0.5569,0.0,0.0,,,50.0154,,,,,6.7183,42.0573,,,38.0751,91.069,96.0081,89.0054,62.7876,70.6867,52.3512,56.0124,50.0154,24.3878,74.6053,52.3512,56.0124,50.5893,1580.0,Lower combined pressure
48075,,,,,,,,,Childress,TX,9.5,6.9,6.3,14.0,18.3,21.9,21.6,,,0.5259,0.0,0.0,,,50.0154,,,,,,,,,9.6583,22.7165,16.6272,34.9797,72.615,39.885,96.5663,50.7883,50.0154,,32.747,96.5663,50.7883,50.5691,1581.0,Lower combined pressure
08041,,,,,,,5.6717,0.0507,El Paso,CO,11.6,5.2,4.9,12.7,17.8,25.4,9.5,,,0.3358,0.0,0.0,,,50.0154,,,,,48.708,95.4427,,,88.5149,4.5839,2.4865,14.8681,62.7876,78.1461,45.3484,25.255,50.0154,72.0754,41.8978,45.3484,25.255,50.5583,1582.0,Lower combined pressure
20199,,,,,,,,,Wallace,KS,10.0,9.0,8.9,14.4,15.6,20.4,9.7,,,0.6826,0.0,0.0,,,50.0154,,,,,,,,,24.8816,61.8572,77.7233,42.1685,22.0737,22.6658,47.7165,76.5997,50.0154,,41.895,47.7165,76.5997,50.5467,1583.0,Lower combined pressure
49057,,,,,,,5.8522,0.045,Weber,UT,11.4,4.9,4.9,12.9,18.6,28.2,11.3,,,0.4239,0.0,0.0,,,50.0154,,,,,51.5504,60.026,,,83.7957,3.1123,2.4865,17.3714,77.9601,94.2321,63.7686,35.8887,50.0154,55.7882,46.493,63.7686,35.8887,50.5407,1584.0,Lower combined pressure
55103,,,,,,,,,Richland,WI,10.9,8.9,8.8,15.1,15.6,22.5,8.7,,,0.5798,0.0,0.0,,,50.0154,,,,,,,,,64.4621,60.1488,75.9303,54.956,22.0737,46.3464,34.2524,59.7218,50.0154,,53.9862,34.2524,59.7218,50.5315,1585.0,Lower combined pressure
31133,,,,,,,,,Pawnee,NE,9.5,9.8,9.9,14.9,13.7,16.9,9.6,,,0.7235,0.0,0.0,,,50.0154,,,,,,,,,9.6583,74.7124,92.4899,51.1671,5.0406,3.3153,46.6509,83.7713,50.0154,,39.3973,46.6509,83.7713,50.5282,1586.0,Lower combined pressure
18183,,,,,,,6.7627,,Whitley,IN,11.0,8.5,7.3,14.0,17.1,24.6,7.6,,,0.4035,0.0,0.0,,,50.0154,,,,,69.8966,,,,68.9953,52.6556,36.3329,34.9797,48.0717,69.5873,17.5237,33.3539,50.0154,69.8966,51.7704,17.5237,33.3539,50.5091,1587.0,Lower combined pressure
24029,,,,,,,4.5268,0.0476,Kent,MD,10.6,8.1,8.1,13.3,15.2,22.1,7.9,,,0.709,0.0,0.0,,,50.0154,,,,,37.0801,85.6771,,,51.2686,44.7903,57.747,23.0886,16.8978,42.1516,21.6171,81.4838,50.0154,61.3786,39.324,21.6171,81.4838,50.4903,1588.0,Lower combined pressure
37173,,,,,,,5.4565,0.0395,Swain,NC,12.1,10.3,8.7,16.5,19.2,26.7,11.4,,,-199.2358,0.0,0.0,,,50.0154,,,,,46.2532,15.625,,,94.7226,81.6137,74.002,75.7442,85.9269,88.0582,64.6313,4.5131,50.0154,30.9391,83.3446,64.6313,4.5131,50.49,1589.0,High health vulnerability
51103,,,,,,,,,Lancaster,VA,10.8,10.3,10.8,16.3,14.3,20.7,8.3,,,0.5562,0.0,0.0,,,50.0154,,,,,,,,,60.2842,81.6137,97.5135,73.4269,8.7111,26.4208,27.8417,55.796,50.0154,,57.995,27.8417,55.796,50.4895,1590.0,Lower combined pressure
13045,,,,,,,,,Carroll,GA,10.4,7.3,6.3,14.6,18.7,21.3,13.9,,,0.4833,0.0,0.0,,,50.0154,,,,,,,,,42.6928,29.5162,16.6272,45.4838,79.2456,33.3897,80.8356,44.8223,50.0154,,41.1592,80.8356,44.8223,50.4803,1591.0,Lower combined pressure
17185,,,,,,,,,Wabash,IL,10.6,9.4,8.2,14.9,17.5,22.9,7.9,,,0.6123,0.0,0.0,,,50.0154,,,,,,,,,51.2686,68.3694,60.3857,51.1671,56.8166,51.7253,21.6171,65.1314,50.0154,,56.6221,21.6171,65.1314,50.4467,1592.0,Lower combined pressure
48003,,,,,,,,,Andrews,TX,9.5,6.1,5.6,14.6,18.2,22.1,25.9,,,0.5314,0.0,0.0,,,50.0154,,,,,,,,,9.6583,12.7199,8.0176,45.4838,70.6698,42.1516,98.0548,51.5765,50.0154,,31.4502,98.0548,51.5765,50.4404,1593.0,Lower combined pressure
49045,,,,,,,6.4694,0.0481,Tooele,UT,11.4,4.6,4.3,12.2,17.3,27.8,10.7,,,-58.4923,0.0,0.0,,,50.0154,,,,,63.0491,88.4115,,,83.7957,1.8775,0.4398,9.4384,52.3681,93.4202,57.8654,6.5533,50.0154,75.7303,40.2233,57.8654,6.5533,50.4349,1594.0,Lower combined pressure
08049,,,,,,,,0.0498,Grand,CO,10.8,6.2,6.2,12.4,15.6,22.6,8.6,,,0.1991,0.0,0.0,,,50.0154,,,,,,93.4896,,,60.2842,13.6502,15.3248,11.2821,22.0737,47.7165,32.6286,16.6615,50.0154,93.4896,28.3886,32.6286,16.6615,50.4032,1595.0,Lower combined pressure
40031,,,,,,,1.5534,0.0507,Comanche,OK,11.3,7.5,6.6,14.3,18.9,25.1,12.1,,,-52.0024,0.0,0.0,,,50.0154,,,,,15.2455,95.0521,,,80.8863,33.1698,21.4141,40.3078,82.3748,75.1691,70.2639,6.9552,50.0154,55.1488,55.5537,70.2639,6.9552,50.4021,1596.0,Lower combined pressure
32510,,,,,,,5.2193,0.0474,Carson City,NV,10.5,7.8,7.2,15.1,17.6,21.4,12.9,,,-66.0666,0.0,0.0,,,50.0154,,,,,44.186,84.1146,,,46.9046,38.887,33.8464,54.956,59.0325,34.3369,75.5074,6.2751,50.0154,64.1503,44.6606,75.5074,6.2751,50.3856,1597.0,Lower combined pressure
51067,,,,,,,,,Franklin,VA,11.1,9.2,8.7,15.6,16.6,24.0,8.6,,,0.434,0.0,0.0,,,50.0154,,,,,,,,,73.5284,65.4093,74.002,63.2273,38.7855,63.6164,32.6286,37.4034,50.0154,,63.0948,32.6286,37.4034,50.3754,1598.0,Lower combined pressure
26077,,,,,,,7.5196,0.0442,Kalamazoo,MI,11.5,6.9,5.9,12.7,18.6,28.9,6.4,,,0.549,0.0,0.0,,,50.0154,,,,,81.5245,51.1719,,,86.316,22.7165,11.3498,14.8681,77.9601,95.2131,4.8376,54.4359,50.0154,66.3482,51.4039,4.8376,54.4359,50.37,1599.0,Lower combined pressure
13169,,,,,,,,,Jones,GA,10.6,7.9,7.1,15.2,17.9,20.8,11.8,,,0.4894,0.0,0.0,,,50.0154,,,,,,,,,51.2686,40.8829,31.4276,56.8843,64.9019,27.4696,68.0988,45.6569,50.0154,,45.4725,68.0988,45.6569,50.3311,1600.0,Lower combined pressure
17087,,,,,,,,,Johnson,IL,10.2,8.9,7.7,14.7,17.5,21.5,10.4,,,0.5543,0.0,0.0,,,50.0154,,,,,,,,,33.4405,60.1488,46.431,47.3106,56.8166,35.318,55.5819,55.3941,50.0154,,46.5776,55.5819,55.3941,50.3288,1601.0,Lower combined pressure
56037,,,,,,,3.6231,0.0514,Sweetwater,WY,10.3,7.0,6.2,14.0,17.1,23.6,14.1,,,0.2915,0.0,0.0,,,50.0154,,,,,30.1034,96.6146,,,38.0751,24.3065,15.3248,34.9797,48.0717,59.726,81.9689,20.9583,50.0154,63.359,36.7473,81.9689,20.9583,50.3239,1602.0,Lower combined pressure
18147,,,,,,,6.4686,,Spencer,IN,10.9,8.6,7.6,14.2,16.9,25.8,7.3,,,0.4891,0.0,0.0,,,50.0154,,,,,62.9199,,,,64.4621,54.6854,43.8092,38.498,44.5704,81.8166,13.4641,45.626,50.0154,62.9199,54.6403,13.4641,45.626,50.3037,1603.0,Lower combined pressure
28109,,,,,,,,,Pearl River,MS,9.6,9.3,8.1,15.5,17.2,21.1,11.2,,,0.5046,0.0,0.0,,,50.0154,,,,,,,,,11.4344,66.9486,57.747,61.6204,50.203,31.0724,62.703,48.0989,50.0154,,46.5043,62.703,48.0989,50.2812,1604.0,Lower combined pressure
17163,,,,,,,8.5362,0.0454,St. Clair,IL,11.1,7.2,6.5,13.2,16.9,20.9,7.8,,,0.498,0.0,0.0,,,50.0154,,,,,91.8605,64.8438,,,73.5284,27.6894,19.5873,21.634,44.5704,28.5521,20.2131,46.8315,50.0154,78.3521,35.9269,20.2131,46.8315,50.2788,1605.0,Lower combined pressure
41017,,,,,,,8.011,0.0482,Deschutes,OR,11.6,6.4,6.4,12.7,15.7,24.8,6.8,,,0.3602,0.0,0.0,,,50.0154,,,,,86.9509,89.0625,,,88.5149,15.9168,17.8958,14.8681,23.41,71.8539,7.6286,27.9134,50.0154,88.0067,38.7432,7.6286,27.9134,50.2463,1606.0,Lower combined pressure
48009,,,,,,,,,Archer,TX,10.2,8.1,7.5,14.3,17.2,23.8,12.3,,,0.4642,0.0,0.0,,,50.0154,,,,,,,,,33.4405,44.7903,41.0859,40.3078,50.203,61.8234,71.7355,41.8238,50.0154,,45.2751,71.7355,41.8238,50.2391,1607.0,Lower combined pressure
27029,,,,,,,,,Clearwater,MN,10.5,8.0,8.2,14.6,16.7,24.8,8.9,,,0.5875,0.0,0.0,,,50.0154,,,,,,,,,46.9046,42.7436,60.3857,45.4838,40.8153,71.8539,37.297,60.9737,50.0154,,51.3645,37.297,60.9737,50.2304,1608.0,Lower combined pressure
12005,,,,,,,9.4438,0.0391,Bay,FL,10.0,7.9,7.3,14.8,17.7,20.8,12.5,,,0.4677,0.0,0.0,,,50.0154,,,,,96.6408,12.6302,,,24.8816,40.8829,36.3329,49.2896,60.8424,27.4696,73.1901,42.5039,50.0154,54.6355,39.9498,73.1901,42.5039,50.2204,1609.0,Lower combined pressure
37137,,,,,,,,,Pamlico,NC,10.6,9.6,9.6,14.7,15.0,23.0,9.6,,,0.4748,0.0,0.0,,,50.0154,,,,,,,,,51.2686,71.5663,89.3606,47.3106,14.9865,52.8417,46.6509,43.493,50.0154,,54.5557,46.6509,43.493,50.2106,1610.0,Lower combined pressure
16031,,,,,,,,,Cassia,ID,10.6,6.9,6.5,14.6,16.6,22.1,15.8,,,0.4986,0.0,0.0,,,50.0154,,,,,,,,,51.2686,22.7165,19.5873,45.4838,38.7855,42.1516,87.9398,46.9243,50.0154,,36.6655,87.9398,46.9243,50.2099,1611.0,Lower combined pressure
49047,,,,,,,1.5221,0.0466,Uintah,UT,11.5,6.5,5.8,14.3,18.7,27.2,11.3,,,0.4347,0.0,0.0,,,50.0154,,,,,14.9871,77.474,,,86.316,17.1685,10.2165,40.3078,79.2456,91.1198,63.7686,37.527,50.0154,46.2305,54.0624,63.7686,37.527,50.2074,1612.0,Lower combined pressure
55107,,,,,,,,,Rusk,WI,11.1,9.8,9.6,15.9,15.9,22.7,8.4,,,0.4368,0.0,0.0,,,50.0154,,,,,,,,,73.5284,74.7124,89.3606,67.8112,27.2327,49.0528,29.4147,37.9289,50.0154,,63.6164,29.4147,37.9289,50.1908,1613.0,Lower combined pressure
17169,,,,,,,,,Schuyler,IL,10.3,9.8,8.7,15.5,17.0,21.9,8.7,,,0.5378,0.0,0.0,,,50.0154,,,,,,,,,38.0751,74.7124,74.002,61.6204,46.3972,39.885,34.2524,52.643,50.0154,,55.782,34.2524,52.643,50.1862,1614.0,Lower combined pressure
39093,,,,,,,,0.0435,Lorain,OH,11.0,8.2,7.6,14.5,17.4,25.2,8.6,,,0.6495,0.0,0.0,,,50.0154,,,,,,43.2292,,,68.9953,46.8539,43.8092,43.8769,54.364,76.0487,32.6286,71.9629,50.0154,43.2292,55.658,32.6286,71.9629,50.1856,1615.0,Lower combined pressure
01101,,,,,,,7.8081,0.0422,Montgomery,AL,10.7,7.5,6.9,14.1,17.0,21.0,10.2,,,0.5676,0.0,0.0,,,50.0154,,,,,84.6253,31.5104,,,55.8018,33.1698,27.2666,36.6881,46.3972,29.7361,53.6536,57.4343,50.0154,58.0679,38.1766,53.6536,57.4343,50.1745,1616.0,Lower combined pressure
02198,,,,,,,,,Prince of Wales-Hyder,AK,11.9,9.4,8.9,17.5,16.8,20.3,11.1,,,-999.0,0.0,0.0,,,50.0154,,,,,,,,,92.9465,68.3694,77.7233,87.2294,42.7267,21.2957,61.6204,1.9629,50.0154,,65.0485,61.6204,1.9629,50.1668,1617.0,Lower combined pressure
40109,,,,,,,2.8992,0.0506,Oklahoma,OK,11.5,7.0,6.7,13.3,17.4,25.0,12.5,,,-33.2371,0.0,0.0,,,50.0154,,,,,26.0982,94.7917,,,86.316,24.3065,23.3593,23.0886,54.364,74.205,73.1901,8.1917,50.0154,60.4449,47.6066,73.1901,8.1917,50.1557,1618.0,Lower combined pressure
21187,,,,,,,,,Owen,KY,,,,,,,,,,0.5242,0.0,0.0,,,50.0154,,,,,,,,,,,,,,,,50.4791,50.0154,,,,50.4791,50.1313,1619.0,Lower combined pressure
41071,,,,,,,,,Yamhill,OR,11.8,6.8,6.4,13.9,16.9,24.8,9.4,,,0.6114,0.0,0.0,,,50.0154,,,,,,,,,91.8133,21.0927,17.8958,33.2206,44.5704,71.8539,44.0291,65.0386,50.0154,,46.7411,44.0291,65.0386,50.1289,1620.0,Lower combined pressure
17081,,,,,,,,,Jefferson,IL,10.6,8.8,7.6,14.6,17.6,22.7,8.4,,,0.6302,0.0,0.0,,,50.0154,,,,,,,,,51.2686,58.2206,43.8092,45.4838,59.0325,49.0528,29.4147,68.6244,50.0154,,51.1446,29.4147,68.6244,50.1262,1621.0,Lower combined pressure
22075,,,,,,,,,Plaquemines,LA,9.9,7.6,6.8,14.7,18.8,26.0,9.1,,,0.6034,0.0,0.0,,,50.0154,,,,,,,,,20.5514,35.0812,25.406,47.3106,80.7341,83.3221,40.1218,63.7094,50.0154,,48.7342,40.1218,63.7094,50.0951,1622.0,Lower combined pressure
56033,,,,,,,7.0766,0.0475,Sheridan,WY,10.0,7.1,7.0,13.0,14.8,23.1,9.7,,,0.4044,0.0,0.0,,,50.0154,,,,,75.7106,84.7656,,,24.8816,25.9303,29.161,18.5724,13.3119,53.9073,47.7165,33.4776,50.0154,80.2381,27.6274,47.7165,33.4776,50.0904,1623.0,Lower combined pressure
30087,,,,,,,0.2276,,Rosebud,MT,12.9,9.5,8.2,17.5,20.2,24.6,12.2,,,0.6466,0.0,0.0,,,50.0154,,,,,3.3592,,,,98.7145,69.9763,60.3857,87.2294,93.9953,69.5873,70.9912,71.4683,50.0154,3.3592,79.9814,70.9912,71.4683,50.0857,1624.0,High health vulnerability
13213,,,,,,,0.3443,0.0455,Murray,GA,10.2,8.4,7.1,16.0,18.5,22.4,16.4,,,0.4811,0.0,0.0,,,50.0154,,,,,5.814,65.1042,,,33.4405,50.592,31.4276,69.3505,76.387,45.1455,89.885,44.3895,50.0154,35.4591,51.0572,89.885,44.3895,50.0611,1625.0,Lower combined pressure
12051,,,,,,,,,Hendry,FL,9.4,8.5,8.0,18.6,18.5,16.6,31.5,,,-99.2381,0.0,0.0,,,50.0154,,,,,,,,,8.0176,52.6556,55.0744,94.8748,76.387,2.5203,99.2558,5.5023,50.0154,,48.255,99.2558,5.5023,50.0589,1626.0,Lower combined pressure
17057,,,,,,,,,Fulton,IL,10.5,9.2,7.9,14.9,17.6,23.1,8.8,,,0.5375,0.0,0.0,,,50.0154,,,,,,,,,46.9046,65.4093,52.1313,51.1671,59.0325,53.9073,35.8085,52.6121,50.0154,,54.7587,35.8085,52.6121,50.0485,1627.0,Lower combined pressure
20207,,,,,,,,,Woodson,KS,10.2,9.4,8.9,14.5,15.8,20.7,8.6,,,0.689,0.0,0.0,,,50.0154,,,,,,,,,33.4405,68.3694,77.7233,43.8769,25.3214,26.4208,32.6286,77.898,50.0154,,45.8587,32.6286,77.898,50.0293,1628.0,Lower combined pressure
08059,,,,,,,,0.0538,Jefferson,CO,11.2,5.0,5.1,10.8,14.8,23.1,8.4,,,-27.0649,0.0,0.0,,,50.0154,,,,,,98.9583,,,77.4357,3.6874,3.8735,2.2835,13.3119,53.9073,29.4147,8.8408,50.0154,98.9583,25.7499,29.4147,8.8408,50.0072,1629.0,Lower combined pressure
39083,,,,,,,,0.0451,Knox,OH,11.0,8.5,7.5,13.8,17.7,25.7,7.6,,,0.4462,0.0,0.0,,,50.0154,,,,,,61.3281,,,68.9953,52.6556,41.0859,31.2415,60.8424,80.8525,17.5237,39.2581,50.0154,61.3281,55.9455,17.5237,39.2581,50.0012,1630.0,Lower combined pressure
42025,,,,,,,,,Carbon,PA,,,,,,,,,,0.5195,0.0,0.0,,,50.0154,,,,,,,,,,,,,,,,49.9227,50.0154,,,,49.9227,49.9922,1631.0,Lower combined pressure
26113,,,,,,,3.6847,0.0409,Missaukee,MI,11.6,10.3,8.6,16.0,18.2,27.6,7.4,,,0.6402,0.0,0.0,,,50.0154,,,,,31.0078,22.2656,,,88.5149,81.6137,71.6678,69.3505,70.6698,92.9127,14.9188,70.4482,50.0154,26.6367,79.1216,14.9188,70.4482,49.9809,1632.0,High health vulnerability
13171,,,,,,,,,Lamar,GA,10.7,7.6,6.8,14.6,18.5,20.9,12.4,,,0.4592,0.0,0.0,,,50.0154,,,,,,,,,55.8018,35.0812,25.406,45.4838,76.387,28.5521,72.4797,41.1437,50.0154,,44.452,72.4797,41.1437,49.9733,1633.0,Lower combined pressure
72113,,,,,,,6.7252,,,,,,,,,,,,,-999.0,0.0,0.0,,,50.0154,,,,,69.1214,,,,,,,,,,,1.9629,50.0154,69.1214,,,1.9629,49.9712,1634.0,Lower combined pressure
45051,,,,,,,6.9817,0.043,Horry,SC,9.2,9.0,8.1,15.8,16.6,21.5,11.9,,,0.375,0.0,0.0,,,50.0154,,,,,73.7726,38.5417,,,5.1421,61.8572,57.747,66.3904,38.7855,35.318,68.8092,29.83,50.0154,56.1571,44.2067,68.8092,29.83,49.9595,1635.0,Lower combined pressure
22063,,,,,,,10.0112,0.0418,Livingston,LA,9.9,7.8,6.6,14.8,19.6,29.6,8.3,,,0.3795,0.0,0.0,,,50.0154,,,,,98.1912,29.1667,,,20.5514,38.887,21.4141,49.2896,89.6989,96.5156,27.8417,30.541,50.0154,63.6789,52.7261,27.8417,30.541,49.9441,1636.0,Lower combined pressure
13101,,,,,,,,,Echols,GA,9.8,7.4,6.6,15.5,17.9,20.6,19.4,,,0.433,0.0,0.0,,,50.0154,,,,,,,,,16.6272,31.3092,21.4141,61.6204,64.9019,25.3552,95.0609,37.1561,50.0154,,36.8713,95.0609,37.1561,49.9255,1637.0,Lower combined pressure
40003,,,,,,,,,Alfalfa,OK,10.4,8.5,8.3,14.5,16.2,22.6,11.2,,,0.4785,0.0,0.0,,,50.0154,,,,,,,,,42.6928,52.6556,63.1597,43.8769,32.1719,47.7165,62.703,43.9876,50.0154,,47.0456,62.703,43.9876,49.9134,1638.0,Lower combined pressure
21123,,,,,,,,,Larue,KY,,,,,,,,,,0.5167,0.0,0.0,,,50.0154,,,,,,,,,,,,,,,,49.5827,50.0154,,,,49.5827,49.9072,1639.0,Lower combined pressure
31069,,,,,,,,,Garden,NE,9.4,9.9,10.2,15.1,13.4,16.9,9.2,,,0.7146,0.0,0.0,,,50.0154,,,,,,,,,8.0176,76.3532,94.7564,54.956,3.3322,3.3153,41.475,82.442,50.0154,,40.1218,41.475,82.442,49.9024,1640.0,Lower combined pressure
18171,,,,,,,,,Warren,IN,11.2,9.6,8.2,15.1,17.5,25.6,7.9,,,0.4182,0.0,0.0,,,50.0154,,,,,,,,,77.4357,71.5663,60.3857,54.956,56.8166,79.9222,21.6171,35.3632,50.0154,,66.8471,21.6171,35.3632,49.8859,1641.0,Lower combined pressure
20011,,,,,,,,,Bourbon,KS,10.4,8.9,7.9,14.5,17.1,21.7,9.0,,,0.6199,0.0,0.0,,,50.0154,,,,,,,,,42.6928,60.1488,52.1313,43.8769,48.0717,37.7368,38.7348,66.7079,50.0154,,47.4431,38.7348,66.7079,49.8795,1642.0,Lower combined pressure
12105,,,,,,,7.8174,0.0408,Polk,FL,10.0,8.0,7.7,16.0,17.8,19.2,19.2,,,-5.0778,0.0,0.0,,,50.0154,,,,,84.8837,22.1354,,,24.8816,42.7436,46.431,69.3505,62.7876,10.9777,94.8579,12.9521,50.0154,53.5096,42.862,94.8579,12.9521,49.8785,1643.0,Lower combined pressure
42039,,,,,,,,,Crawford,PA,,,,,,,,,,0.5156,0.0,0.0,,,50.0154,,,,,,,,,,,,,,,,49.3663,50.0154,,,,49.3663,49.8531,1644.0,Lower combined pressure
39049,,,,,,,7.9946,0.0458,Franklin,OH,11.2,6.3,5.6,12.8,18.1,25.8,8.4,,,-2.5963,0.0,0.0,,,50.0154,,,,,86.4341,69.0104,,,77.4357,14.6651,8.0176,16.1536,68.7415,81.8166,29.4147,13.5394,50.0154,77.7223,44.4717,29.4147,13.5394,49.8485,1645.0,Lower combined pressure
30027,,,,,,,1.1598,0.0458,Fergus,MT,11.1,8.5,8.0,15.1,16.4,23.1,9.4,,,0.6176,0.0,0.0,,,50.0154,,,,,12.7907,68.6198,,,73.5284,52.6556,55.0744,54.956,35.4533,53.9073,44.0291,66.306,50.0154,40.7052,54.2625,44.0291,66.306,49.7801,1646.0,Lower combined pressure
30089,,,,,,,0.4661,,Sanders,MT,11.0,10.8,10.2,17.4,16.3,23.0,10.5,,,0.8116,0.0,0.0,,,50.0154,,,,,8.0103,,,,68.9953,86.7896,94.7564,86.0792,33.8802,52.8417,56.2585,94.9923,50.0154,8.0103,70.5571,56.2585,94.9923,49.7715,1647.0,Lower combined pressure
28059,,,,,,,7.9709,0.0442,Jackson,MS,9.4,7.7,7.1,13.9,16.5,19.7,11.1,,,0.4913,0.0,0.0,,,50.0154,,,,,86.1757,51.8229,,,8.0176,36.9249,31.4276,33.2206,37.0095,15.2064,61.6204,46.0587,50.0154,68.9993,26.9677,61.6204,46.0587,49.7643,1648.0,Lower combined pressure
37081,,,,,,,7.5308,0.0456,Guilford,NC,11.2,6.5,6.1,12.4,16.8,24.2,10.3,,,-7.4688,0.0,0.0,,,50.0154,,,,,81.6537,66.5365,,,77.4357,17.1685,13.9378,11.2821,42.7267,65.6461,54.7023,12.4884,50.0154,74.0951,38.0328,54.7023,12.4884,49.7557,1649.0,Lower combined pressure
37071,,,,,,,,,Gaston,NC,11.1,7.7,6.7,13.5,17.4,25.3,10.9,,,0.4631,0.0,0.0,,,50.0154,,,,,,,,,73.5284,36.9249,23.3593,26.6407,54.364,76.979,59.8275,41.7002,50.0154,,48.6327,59.8275,41.7002,49.7541,1650.0,Lower combined pressure
19117,,,,,,,,,Lucas,IA,10.3,9.6,8.7,15.2,16.9,21.1,8.1,,,0.6189,0.0,0.0,,,50.0154,,,,,,,,,38.0751,71.5663,74.002,56.8843,44.5704,31.0724,24.7294,66.6151,50.0154,,52.6951,24.7294,66.6151,49.7505,1651.0,Lower combined pressure
42083,,,,,,,,,McKean,PA,,,,,,,,,,0.512,0.0,0.0,,,50.0154,,,,,,,,,,,,,,,,48.8408,50.0154,,,,48.8408,49.7218,1652.0,Lower combined pressure
42093,,,,,,,,,Montour,PA,,,,,,,,,,0.5119,0.0,0.0,,,50.0154,,,,,,,,,,,,,,,,48.8099,50.0154,,,,48.8099,49.714,1653.0,Lower combined pressure
10001,,,,,,,6.7099,0.0454,Kent,DE,12.5,7.6,6.6,14.4,17.7,22.5,9.5,,,-23.8043,0.0,0.0,,,50.0154,,,,,68.6047,64.1927,,,97.3782,35.0812,21.4141,42.1685,60.8424,46.3464,45.3484,9.2117,50.0154,66.3987,50.5385,45.3484,9.2117,49.6949,1654.0,Lower combined pressure
48477,,,,,,,,,Washington,TX,10.0,7.1,7.2,13.5,16.4,21.7,13.2,,,0.6246,0.0,0.0,,,50.0154,,,,,,,,,24.8816,25.9303,33.8464,26.6407,35.4533,37.7368,77.5203,67.6662,50.0154,,30.7482,77.5203,67.6662,49.6138,1655.0,Lower combined pressure
04017,,,,,,,0.19,,Navajo,AZ,13.6,10.9,8.9,17.5,18.8,22.2,13.0,,,0.6147,0.0,0.0,,,50.0154,,,,,2.3256,,,,99.4926,87.6015,77.7233,87.2294,80.7341,43.1834,76.2686,65.5951,50.0154,2.3256,79.3274,76.2686,65.5951,49.6042,1656.0,High health vulnerability
55059,,,,,,,5.9777,0.0468,Kenosha,WI,11.0,6.5,6.3,13.0,16.0,24.1,9.4,,,0.4835,0.0,0.0,,,50.0154,,,,,54.0052,80.0781,,,68.9953,17.1685,16.6272,18.5724,28.8058,64.5636,44.0291,44.8532,50.0154,67.0416,35.7888,44.0291,44.8532,49.6005,1657.0,Lower combined pressure
51165,,,,,,,6.9554,0.0433,Rockingham,VA,10.6,7.7,7.2,14.5,17.0,23.9,9.7,,,0.4458,0.0,0.0,,,50.0154,,,,,72.8682,42.1875,,,51.2686,36.9249,33.8464,43.8769,46.3972,62.703,47.7165,39.1963,50.0154,57.5279,45.8362,47.7165,39.1963,49.5369,1658.0,Lower combined pressure
47149,,,,,,,,,Rutherford,TN,10.7,6.2,5.0,12.8,19.6,26.8,11.3,,,0.4936,0.0,0.0,,,50.0154,,,,,,,,,55.8018,13.6502,3.1461,16.1536,89.6989,88.6502,63.7686,46.3988,50.0154,,44.5168,63.7686,46.3988,49.5341,1659.0,Lower combined pressure
20007,,,,,,,,,Barber,KS,10.1,9.4,8.9,14.5,15.8,20.6,8.6,,,0.6803,0.0,0.0,,,50.0154,,,,,,,,,29.2794,68.3694,77.7233,43.8769,25.3214,25.3552,32.6286,76.2597,50.0154,,44.9876,32.6286,76.2597,49.5205,1660.0,Lower combined pressure
35015,,,,,,,0.3944,0.0535,Eddy,NM,9.7,5.9,6.3,14.7,16.7,22.8,16.9,,,0.4932,0.0,0.0,,,50.0154,,,,,6.9767,98.5677,,,13.5487,10.4364,16.6272,47.3106,40.8153,50.406,91.2889,46.3369,50.0154,52.7722,29.8574,91.2889,46.3369,49.4246,1661.0,Lower combined pressure
08121,,,,,,,,,Washington,CO,11.1,7.6,7.4,14.1,16.4,22.6,10.8,,,0.5232,0.0,0.0,,,50.0154,,,,,,,,,73.5284,35.0812,38.6671,36.6881,35.4533,47.7165,58.8802,50.4173,50.0154,,44.5224,58.8802,50.4173,49.42,1662.0,Lower combined pressure
48149,,,,,,,,,Fayette,TX,9.6,7.7,8.0,14.2,15.4,21.3,14.2,,,0.5624,0.0,0.0,,,50.0154,,,,,,,,,11.4344,36.9249,55.0744,38.498,19.2828,33.3897,82.5101,56.9706,50.0154,,32.434,82.5101,56.9706,49.4149,1663.0,Lower combined pressure
29095,,,,,,,6.5717,,Jackson,MO,10.5,7.4,6.2,13.9,18.9,25.4,10.0,,,-12.6663,0.0,0.0,,,50.0154,,,,,64.8579,,,,46.9046,31.3092,15.3248,33.2206,82.3748,78.1461,50.8796,11.1901,50.0154,64.8579,47.88,50.8796,11.1901,49.3961,1664.0,Lower combined pressure
18085,,,,,,,,,Kosciusko,IN,11.0,8.5,7.2,14.2,17.4,25.2,9.2,,,0.4762,0.0,0.0,,,50.0154,,,,,,,,,68.9953,52.6556,33.8464,38.498,54.364,76.0487,41.475,43.6785,50.0154,,54.068,41.475,43.6785,49.3826,1665.0,Lower combined pressure
20105,,,,,,,,,Lincoln,KS,10.1,9.6,9.4,14.8,15.8,20.6,8.5,,,0.6348,0.0,0.0,,,50.0154,,,,,,,,,29.2794,71.5663,86.316,49.2896,25.3214,25.3552,31.0047,69.49,50.0154,,47.8546,31.0047,69.49,49.357,1666.0,Lower combined pressure
47157,,,,,,,4.1508,0.045,Shelby,TN,11.7,7.9,6.5,14.2,19.2,24.9,12.2,,,-23.4213,0.0,0.0,,,50.0154,,,,,33.8501,60.5469,,,90.3586,40.8829,19.5873,38.498,85.9269,73.1225,70.9912,9.3354,50.0154,47.1985,58.0627,70.9912,9.3354,49.3526,1667.0,Lower combined pressure
08093,,,,,,,,0.0554,Park,CO,10.9,6.5,6.7,12.7,14.4,21.1,7.3,,,0.0775,0.0,0.0,,,50.0154,,,,,,99.6094,,,64.4621,17.1685,23.3593,14.8681,9.6583,31.0724,13.4641,13.9413,50.0154,99.6094,26.7648,13.4641,13.9413,49.3387,1668.0,Lower combined pressure
39151,,,,,,,3.4152,0.0443,Stark,OH,11.2,8.8,7.9,14.6,17.7,25.1,7.8,,,0.6152,0.0,0.0,,,50.0154,,,,,29.5866,52.9948,,,77.4357,58.2206,52.1313,45.4838,60.8424,75.1691,20.2131,65.8114,50.0154,41.2907,61.5471,20.2131,65.8114,49.3165,1669.0,Lower combined pressure
12003,,,,,,,7.8869,0.0379,Baker,FL,10.3,8.3,6.9,14.9,19.0,19.6,13.4,,,0.4336,0.0,0.0,,,50.0154,,,,,85.5297,8.5938,,,38.0751,48.6637,27.2666,51.1671,83.7788,14.2422,78.366,37.2798,50.0154,47.0617,43.8656,78.366,37.2798,49.301,1670.0,Lower combined pressure
21047,,,,,,,7.0188,0.0448,Christian,KY,,,,,,,,,,-94.4834,0.0,0.0,,,50.0154,,,,,74.677,57.1615,,,,,,,,,,5.5641,50.0154,65.9192,,,5.5641,49.2936,1671.0,Lower combined pressure
18161,,,,,,,,,Union,IN,11.2,8.6,7.5,14.1,17.0,25.4,7.1,,,0.6347,0.0,0.0,,,50.0154,,,,,,,,,77.4357,54.6854,41.0859,36.6881,46.3972,78.1461,10.8424,69.459,50.0154,,55.7397,10.8424,69.459,49.2929,1672.0,Lower combined pressure
08047,,,,,,,,0.0534,Gilpin,CO,11.0,6.1,6.2,12.5,14.7,21.9,7.3,,,0.1784,0.0,0.0,,,50.0154,,,,,,98.3073,,,68.9953,12.7199,15.3248,12.4662,12.3647,39.885,13.4641,15.9196,50.0154,98.3073,26.9593,13.4641,15.9196,49.2596,1673.0,Lower combined pressure
30039,,,,,,,,,Granite,MT,10.9,9.0,9.0,15.6,15.6,22.1,9.7,,,0.3978,0.0,0.0,,,50.0154,,,,,,,,,64.4621,61.8572,79.5839,63.2273,22.0737,42.1516,47.7165,32.7357,50.0154,,55.5593,47.7165,32.7357,49.2529,1674.0,Lower combined pressure
28115,,,,,,,,,Pontotoc,MS,9.8,8.6,7.2,15.0,17.9,20.9,12.4,,,0.4643,0.0,0.0,,,50.0154,,,,,,,,,16.6272,54.6854,33.8464,53.0277,64.9019,28.5521,72.4797,41.8856,50.0154,,41.9401,72.4797,41.8856,49.2349,1675.0,Lower combined pressure
55047,,,,,,,,,Green Lake,WI,11.1,8.8,8.6,15.1,15.8,23.6,8.8,,,0.4523,0.0,0.0,,,50.0154,,,,,,,,,73.5284,58.2206,71.6678,54.956,25.3214,59.726,35.8085,40.2473,50.0154,,57.2367,35.8085,40.2473,49.2258,1676.0,Lower combined pressure
21023,,,,,,,,,Bracken,KY,,,,,,,,,,0.4977,0.0,0.0,,,50.0154,,,,,,,,,,,,,,,,46.8006,50.0154,,,,46.8006,49.2117,1677.0,Lower combined pressure
37095,,,,,,,0.3164,,Hyde,NC,11.0,10.8,9.6,16.2,17.2,23.2,13.7,,,0.656,0.0,0.0,,,50.0154,,,,,5.2972,,,,68.9953,86.7896,89.3606,72.1583,50.203,55.1252,79.956,72.7048,50.0154,5.2972,70.4387,79.956,72.7048,49.2047,1678.0,Lower combined pressure
23017,,,,,,,4.5858,0.0342,Oxford,ME,13.4,10.7,9.0,16.7,17.8,26.3,8.9,,,0.5103,0.0,0.0,,,50.0154,,,,,37.9845,3.125,,,99.3742,85.8762,79.5839,77.9432,62.7876,85.2334,37.297,48.7172,50.0154,20.5547,81.7997,37.297,48.7172,49.1947,1679.0,High health vulnerability
38061,,,,,,,,,Mountrail,ND,11.2,7.3,6.9,14.1,16.3,20.5,10.1,,,0.6427,0.0,0.0,,,50.0154,,,,,,,,,77.4357,29.5162,27.2666,36.6881,33.8802,24.1543,52.3512,70.9892,50.0154,,38.1569,52.3512,70.9892,49.1705,1680.0,Lower combined pressure
13241,,,,,,,,,Rabun,GA,9.7,9.4,9.3,15.9,15.6,20.5,12.2,,,0.3814,0.0,0.0,,,50.0154,,,,,,,,,13.5487,68.3694,84.7936,67.8112,22.0737,24.1543,70.9912,30.7573,50.0154,,46.7918,70.9912,30.7573,49.1699,1681.0,Lower combined pressure
48025,,,,,,,,,Bee,TX,8.7,5.7,5.9,14.6,17.5,19.6,27.7,,,0.5983,0.0,0.0,,,50.0154,,,,,,,,,0.9472,8.4574,11.3498,45.4838,56.8166,14.2422,98.6299,62.813,50.0154,,22.8828,98.6299,62.813,49.1595,1682.0,Lower combined pressure
17011,,,,,,,,,Bureau,IL,10.2,8.9,8.0,14.7,16.6,22.5,9.1,,,0.5897,0.0,0.0,,,50.0154,,,,,,,,,33.4405,60.1488,55.0744,47.3106,38.7855,46.3464,40.1218,61.391,50.0154,,46.851,40.1218,61.391,49.1582,1683.0,Lower combined pressure
30019,,,,,,,,,Daniels,MT,10.8,7.9,8.1,14.6,15.9,22.5,9.1,,,0.596,0.0,0.0,,,50.0154,,,,,,,,,60.2842,40.8829,57.747,45.4838,27.2327,46.3464,40.1218,62.473,50.0154,,46.3295,40.1218,62.473,49.1286,1684.0,Lower combined pressure
72053,,,,,,,6.6535,,,,,,,,,,,,,-999.0,0.0,0.0,,,50.0154,,,,,66.9251,,,,,,,,,,,1.9629,50.0154,66.9251,,,1.9629,49.1264,1685.0,Lower combined pressure
54037,,,,,,,,,Jefferson,WV,11.9,7.6,6.8,14.3,18.6,27.8,7.7,,,0.5018,0.0,0.0,,,50.0154,,,,,,,,,92.9465,35.0812,25.406,40.3078,77.9601,93.4202,18.7754,47.4807,50.0154,,60.8536,18.7754,47.4807,49.1248,1686.0,Lower combined pressure
06033,,,,,,,3.2344,0.036,Lake,CA,10.8,9.1,8.9,17.1,18.1,24.0,10.1,,,0.6629,0.0,0.0,,,50.0154,,,,,28.1654,4.8177,,,60.2842,63.6333,77.7233,83.2206,68.7415,63.6164,52.3512,73.7558,50.0154,16.4915,69.5365,52.3512,73.7558,49.1223,1687.0,Lower combined pressure
21079,,,,,,,,,Garrard,KY,,,,,,,,,,0.4936,0.0,0.0,,,50.0154,,,,,,,,,,,,,,,,46.4297,50.0154,,,,46.4297,49.119,1688.0,Lower combined pressure
42011,,,,,,,7.2707,0.0439,Berks,PA,,,,,,,,,,-8.7283,0.0,0.0,,,50.0154,,,,,78.2946,47.2656,,,,,,,,,,12.2102,50.0154,62.7801,,,12.2102,49.1087,1689.0,Lower combined pressure
26101,,,,,,,4.7626,0.0424,Manistee,MI,11.4,10.2,9.1,15.7,16.9,26.2,7.1,,,0.5552,0.0,0.0,,,50.0154,,,,,39.6641,33.4635,,,83.7957,80.2943,81.4783,64.8512,44.5704,84.6245,10.8424,55.5796,50.0154,36.5638,73.2691,10.8424,55.5796,49.105,1690.0,Lower combined pressure
51191,,,,,,,,,Washington,VA,10.7,8.8,8.3,15.2,16.5,24.3,8.0,,,0.5487,0.0,0.0,,,50.0154,,,,,,,,,55.8018,58.2206,63.1597,56.8843,37.0095,66.6441,23.1225,54.3431,50.0154,,56.2866,23.1225,54.3431,49.0971,1691.0,Lower combined pressure
18065,,,,,,,1.5607,,Henry,IN,11.4,9.6,7.9,15.2,18.4,26.8,8.5,,,0.7886,0.0,0.0,,,50.0154,,,,,15.3747,,,,83.7957,71.5663,52.1313,56.8843,74.5264,88.6502,31.0047,93.0139,50.0154,15.3747,71.259,31.0047,93.0139,49.0649,1692.0,Lower combined pressure
20001,,,,,,,,,Allen,KS,10.3,8.5,7.8,14.0,17.1,22.6,9.1,,,0.6119,0.0,0.0,,,50.0154,,,,,,,,,38.0751,52.6556,49.0866,34.9797,48.0717,47.7165,40.1218,65.0696,50.0154,,45.0975,40.1218,65.0696,49.0642,1693.0,Lower combined pressure
13217,,,,,,,,,Newton,GA,11.0,6.6,5.9,14.1,18.3,18.8,13.0,,,0.5286,0.0,0.0,,,50.0154,,,,,,,,,68.9953,18.4202,11.3498,36.6881,72.615,8.8464,76.2686,51.221,50.0154,,36.1525,76.2686,51.221,49.0556,1694.0,Lower combined pressure
37101,,,,,,,7.1537,0.0445,Johnston,NC,10.8,6.6,5.9,12.7,16.9,24.3,11.4,,,0.2972,0.0,0.0,,,50.0154,,,,,76.615,54.8177,,,60.2842,18.4202,11.3498,14.8681,44.5704,66.6441,64.6313,21.4838,50.0154,65.7163,36.0228,64.6313,21.4838,49.0509,1695.0,Lower combined pressure
21097,,,,,,,,,Harrison,KY,,,,,,,,,,0.4922,0.0,0.0,,,50.0154,,,,,,,,,,,,,,,,46.1515,50.0154,,,,46.1515,49.0494,1696.0,Lower combined pressure
18019,,,,,,,1.9411,0.0477,Clark,IN,11.3,8.1,6.7,13.8,17.3,25.9,8.3,,,0.526,0.0,0.0,,,50.0154,,,,,17.9587,86.1979,,,80.8863,44.7903,23.3593,31.2415,52.3681,82.5947,27.8417,50.8192,50.0154,52.0783,52.54,27.8417,50.8192,49.0253,1697.0,Lower combined pressure
51181,,,,,,,,,Surry,VA,11.3,8.5,8.6,15.4,16.0,21.1,8.5,,,0.5278,0.0,0.0,,,50.0154,,,,,,,,,80.8863,52.6556,71.6678,60.2334,28.8058,31.0724,31.0047,51.0665,50.0154,,54.2202,31.0047,51.0665,49.0224,1698.0,Lower combined pressure
53063,,,,,,,5.752,0.046,Spokane,WA,11.5,6.0,6.0,13.1,17.5,26.5,7.3,,,0.5882,0.0,0.0,,,50.0154,,,,,50.2584,70.7031,,,86.316,11.6373,12.6522,20.1116,56.8166,86.6543,13.4641,61.1437,50.0154,60.4808,45.698,13.4641,61.1437,49.0101,1699.0,Lower combined pressure
48421,,,,,,,,,Sherman,TX,9.3,6.2,6.5,13.9,16.2,21.0,20.9,,,0.6105,0.0,0.0,,,50.0154,,,,,,,,,6.6475,13.6502,19.5873,33.2206,32.1719,29.7361,96.0419,64.9768,50.0154,,22.5023,96.0419,64.9768,48.9761,1700.0,Lower combined pressure
18159,,,,,,,,,Tipton,IN,11.0,8.9,7.8,14.4,16.6,25.0,7.4,,,0.6008,0.0,0.0,,,50.0154,,,,,,,,,68.9953,60.1488,49.0866,42.1685,38.7855,74.205,14.9188,63.3694,50.0154,,55.565,14.9188,63.3694,48.9662,1701.0,Lower combined pressure
13227,,,,,,,,,Pickens,GA,10.0,8.5,7.9,15.2,17.1,21.8,11.3,,,0.4478,0.0,0.0,,,50.0154,,,,,,,,,24.8816,52.6556,52.1313,56.8843,48.0717,38.8363,63.7686,39.4745,50.0154,,45.5768,63.7686,39.4745,48.9642,1702.0,Lower combined pressure
42091,,,,,,,6.9289,0.0444,Montgomery,PA,,,,,,,,,,-17.8326,0.0,0.0,,,50.0154,,,,,72.6098,53.776,,,,,,,,,,10.2009,50.0154,63.1929,,,10.2009,48.9584,1703.0,Lower combined pressure
08051,,,,,,,,0.0535,Gunnison,CO,10.8,4.6,4.6,10.4,16.1,23.3,7.4,,,0.124,0.0,0.0,,,50.0154,,,,,,98.6979,,,60.2842,1.8775,1.0995,1.2348,30.4635,56.2754,14.9188,14.7759,50.0154,98.6979,25.2058,14.9188,14.7759,48.95,1704.0,Lower combined pressure
40119,,,,,,,,,Payne,OK,11.5,6.7,5.7,12.3,19.1,26.0,9.4,,,0.5242,0.0,0.0,,,50.0154,,,,,,,,,86.316,19.6719,9.1171,10.2842,84.8951,83.3221,44.0291,50.51,50.0154,,48.9344,44.0291,50.51,48.9228,1705.0,Lower combined pressure
17021,,,,,,,,,Christian,IL,10.3,8.6,7.4,14.5,17.4,22.4,8.7,,,0.625,0.0,0.0,,,50.0154,,,,,,,,,38.0751,54.6854,38.6671,43.8769,54.364,45.1455,34.2524,67.7589,50.0154,,45.8023,34.2524,67.7589,48.8751,1706.0,Lower combined pressure
21049,,,,,,,,,Clark,KY,,,,,,,,,,0.4875,0.0,0.0,,,50.0154,,,,,,,,,,,,,,,,45.3787,50.0154,,,,45.3787,48.8562,1707.0,Lower combined pressure
30109,,,,,,,,,Wibaux,MT,11.0,8.4,8.2,15.2,16.7,23.6,9.3,,,0.3997,0.0,0.0,,,50.0154,,,,,,,,,68.9953,50.592,60.3857,56.8843,40.8153,59.726,42.7943,32.8594,50.0154,,56.2331,42.7943,32.8594,48.8377,1708.0,Lower combined pressure
20185,,,,,,,,,Stafford,KS,10.1,8.4,8.1,14.1,15.7,20.4,10.3,,,0.6358,0.0,0.0,,,50.0154,,,,,,,,,29.2794,50.592,57.747,36.6881,23.41,22.6658,54.7023,69.6445,50.0154,,36.7304,54.7023,69.6445,48.8292,1709.0,Lower combined pressure
55023,,,,,,,,,Crawford,WI,10.9,8.8,8.8,15.0,15.8,23.2,8.2,,,0.5299,0.0,0.0,,,50.0154,,,,,,,,,64.4621,58.2206,75.9303,53.0277,25.3214,55.1252,26.3024,51.4374,50.0154,,55.3479,26.3024,51.4374,48.8208,1710.0,Lower combined pressure
13291,,,,,,,,,Union,GA,9.6,9.9,9.9,16.3,15.1,20.5,10.7,,,0.4232,0.0,0.0,,,50.0154,,,,,,,,,11.4344,76.3532,92.4899,73.4269,15.8999,24.1543,57.8654,35.8269,50.0154,,48.9597,57.8654,35.8269,48.8184,1711.0,Lower combined pressure
31079,,,,,,,6.6752,,Hall,NE,8.8,6.9,6.7,13.1,14.0,16.4,16.1,,,0.5133,0.0,0.0,,,50.0154,,,,,67.3127,,,,1.3363,22.7165,23.3593,20.1116,6.7659,1.979,88.9885,49.0572,50.0154,67.3127,12.7114,88.9885,49.0572,48.8152,1712.0,Lower combined pressure
17143,,,,,,,7.2529,0.0449,Peoria,IL,10.6,7.5,6.7,13.2,16.9,22.1,8.0,,,0.5391,0.0,0.0,,,50.0154,,,,,77.907,59.6354,,,51.2686,33.1698,23.3593,21.634,44.5704,42.1516,23.1225,52.9521,50.0154,68.7712,36.0256,23.1225,52.9521,48.8113,1713.0,Lower combined pressure
35033,,,,,,,,,Mora,NM,8.4,6.6,9.6,16.6,12.6,17.7,19.4,,,0.4604,0.0,0.0,,,50.0154,,,,,,,,,0.3214,18.4202,89.3606,76.8606,0.7104,5.548,95.0609,41.2674,50.0154,,31.8702,95.0609,41.2674,48.8067,1714.0,Lower combined pressure
21157,,,,,,,,,Marshall,KY,,,,,,,,,,0.485,0.0,0.0,,,50.0154,,,,,,,,,,,,,,,,45.1623,50.0154,,,,45.1623,48.8021,1715.0,Lower combined pressure
08033,,,,,,,,,Dolores,CO,11.2,8.3,7.9,14.8,16.6,22.7,10.2,,,0.3831,0.0,0.0,,,50.0154,,,,,,,,,77.4357,48.6637,52.1313,49.2896,38.7855,49.0528,53.6536,30.9119,50.0154,,52.5598,53.6536,30.9119,48.8015,1716.0,Lower combined pressure
20117,,,,,,,,,Marshall,KS,10.2,9.1,8.6,14.4,16.5,21.2,9.0,,,0.5838,0.0,0.0,,,50.0154,,,,,,,,,33.4405,63.6333,71.6678,42.1685,37.0095,32.3072,38.7348,60.4019,50.0154,,46.7044,38.7348,60.4019,48.7925,1717.0,Lower combined pressure
21227,,,,,,,6.3841,0.0428,Warren,KY,,,,,,,,,,0.5003,0.0,0.0,,,50.0154,,,,,59.9483,35.9375,,,,,,,,,,47.1406,50.0154,47.9429,,,47.1406,48.776,1718.0,Lower combined pressure
17187,,,,,,,,,Warren,IL,10.4,8.2,7.3,14.1,17.3,22.4,9.5,,,0.5933,0.0,0.0,,,50.0154,,,,,,,,,42.6928,46.8539,36.3329,36.6881,52.3681,45.1455,45.3484,62.0402,50.0154,,43.3469,45.3484,62.0402,48.7736,1719.0,Lower combined pressure
51650,,,,,,,6.6181,0.0436,Hampton,VA,11.8,6.9,6.4,13.9,18.0,21.0,9.7,,,0.4657,0.0,0.0,,,50.0154,,,,,66.1499,44.5312,,,91.8133,22.7165,17.8958,33.2206,66.8978,29.7361,47.7165,42.102,50.0154,55.3406,43.7134,47.7165,42.102,48.75,1720.0,Lower combined pressure
20037,,,,,,,,,Crawford,KS,10.5,7.9,6.9,14.0,18.3,22.6,9.7,,,0.5524,0.0,0.0,,,50.0154,,,,,,,,,46.9046,40.8829,27.2666,34.9797,72.615,47.7165,47.7165,54.9923,50.0154,,45.0609,47.7165,54.9923,48.721,1721.0,Lower combined pressure
08043,,,,,,,,,Fremont,CO,11.0,8.2,7.6,15.3,16.9,23.2,13.4,,,-199.3516,0.0,0.0,,,50.0154,,,,,,,,,68.9953,46.8539,43.8092,58.7449,44.5704,55.1252,78.366,4.4204,50.0154,,53.0165,78.366,4.4204,48.7165,1722.0,Lower combined pressure
26153,,,,,,,0.8598,0.0402,Schoolcraft,MI,11.9,11.9,10.3,17.5,17.4,26.6,7.0,,,0.6964,0.0,0.0,,,50.0154,,,,,9.8191,18.099,,,92.9465,94.7395,95.3654,87.2294,54.364,87.4493,9.5399,79.0726,50.0154,13.959,85.349,9.5399,79.0726,48.6929,1723.0,High health vulnerability
26105,,,,,,,,0.0417,Mason,MI,11.4,10.1,8.9,15.7,17.0,26.5,7.0,,,0.6639,0.0,0.0,,,50.0154,,,,,,28.2552,,,83.7957,79.1272,77.7233,64.8512,46.3972,86.6543,9.5399,73.8485,50.0154,28.2552,73.0915,9.5399,73.8485,48.6801,1724.0,Lower combined pressure
51680,,,,,,,5.5949,,Lynchburg,VA,11.7,6.2,5.4,12.8,19.6,24.9,8.9,,,0.5759,0.0,0.0,,,50.0154,,,,,47.9328,,,,90.3586,13.6502,6.0386,16.1536,89.6989,73.1225,37.297,58.9181,50.0154,47.9328,48.1704,37.297,58.9181,48.6519,1725.0,Lower combined pressure
48413,,,,,,,,,Schleicher,TX,9.1,6.7,7.4,14.7,15.5,20.2,22.5,,,0.5536,0.0,0.0,,,50.0154,,,,,,,,,3.6874,19.6719,38.6671,47.3106,20.6867,20.1116,97.0399,55.1777,50.0154,,25.0226,97.0399,55.1777,48.6427,1726.0,Lower combined pressure
20147,,,,,,,,,Phillips,KS,10.1,9.3,8.9,14.6,15.8,20.6,8.9,,,0.6101,0.0,0.0,,,50.0154,,,,,,,,,29.2794,66.9486,77.7233,45.4838,25.3214,25.3552,37.297,64.8841,50.0154,,45.0186,37.297,64.8841,48.6365,1727.0,Lower combined pressure
48053,,,,,,,,,Burnet,TX,9.8,7.8,7.7,14.3,16.1,22.2,14.7,,,0.4513,0.0,0.0,,,50.0154,,,,,,,,,16.6272,38.887,46.431,40.3078,30.4635,43.1834,84.5907,40.0618,50.0154,,35.9833,84.5907,40.0618,48.6209,1728.0,Lower combined pressure
17091,,,,,,,,,Kankakee,IL,10.7,7.9,7.0,14.1,17.8,21.4,9.9,,,0.5603,0.0,0.0,,,50.0154,,,,,,,,,55.8018,40.8829,29.161,36.6881,62.7876,34.3369,49.7124,56.6306,50.0154,,43.2764,49.7124,56.6306,48.6107,1729.0,Lower combined pressure
20027,,,,,,,,,Clay,KS,10.1,8.8,8.4,14.0,15.9,21.5,8.7,,,0.6776,0.0,0.0,,,50.0154,,,,,,,,,29.2794,58.2206,66.0521,34.9797,27.2327,35.318,34.2524,75.5178,50.0154,,41.8471,34.2524,75.5178,48.5912,1730.0,Lower combined pressure
26115,,,,,,,,,Monroe,MI,11.7,8.6,7.4,14.6,17.8,26.7,6.7,,,0.513,0.0,0.0,,,50.0154,,,,,,,,,90.3586,54.6854,38.6671,45.4838,62.7876,88.0582,6.8843,48.9645,50.0154,,63.3401,6.8843,48.9645,48.566,1731.0,Lower combined pressure
51081,,,,,,,,,Greensville,VA,11.2,8.4,7.5,15.7,18.4,19.4,13.0,,,-332.4613,0.0,0.0,,,50.0154,,,,,,,,,77.4357,50.592,41.0859,64.8512,74.5264,12.5677,76.2686,4.1113,50.0154,,53.5098,76.2686,4.1113,48.5601,1732.0,Lower combined pressure
55099,,,,,,,,,Price,WI,10.9,9.5,9.7,15.8,14.9,22.0,7.8,,,0.5158,0.0,0.0,,,50.0154,,,,,,,,,64.4621,69.9763,90.6461,66.3904,14.1238,41.0183,20.2131,49.3972,50.0154,,57.7695,20.2131,49.3972,48.544,1733.0,Lower combined pressure
53077,,,,,,,1.76,,Yakima,WA,10.7,6.5,6.5,15.5,17.8,22.6,18.8,,,0.7468,0.0,0.0,,,50.0154,,,,,17.3127,,,,55.8018,17.1685,19.5873,61.6204,62.7876,47.7165,94.4181,87.3261,50.0154,17.3127,44.1137,94.4181,87.3261,48.5356,1734.0,Lower combined pressure
05053,,,,,,,,,Grant,AR,9.9,8.2,7.5,15.0,17.9,24.9,9.3,,,0.4929,0.0,0.0,,,50.0154,,,,,,,,,20.5514,46.8539,41.0859,53.0277,64.9019,73.1225,42.7943,46.2751,50.0154,,49.9239,42.7943,46.2751,48.5234,1735.0,Lower combined pressure
08019,,,,,,,,0.0566,Clear Creek,CO,10.6,5.7,6.1,11.7,13.9,21.3,7.3,,,0.304,0.0,0.0,,,50.0154,,,,,,99.8698,,,51.2686,8.4574,13.9378,5.7679,6.2585,33.3897,13.4641,22.2257,50.0154,99.8698,19.8466,13.4641,22.2257,48.5027,1736.0,Lower combined pressure
06043,,,,,,,0.3699,0.0494,Mariposa,CA,10.3,8.4,9.1,15.6,16.2,22.6,7.3,,,0.6248,0.0,0.0,,,50.0154,,,,,6.4599,91.9271,,,38.0751,50.592,81.4783,63.2273,32.1719,47.7165,13.4641,67.728,50.0154,49.1935,52.2102,13.4641,67.728,48.4748,1737.0,Lower combined pressure
16007,,,,,,,,,Bear Lake,ID,10.9,8.1,7.6,14.9,15.9,22.2,9.4,,,0.552,0.0,0.0,,,50.0154,,,,,,,,,64.4621,44.7903,43.8092,51.1671,27.2327,43.1834,44.0291,54.9304,50.0154,,45.7741,44.0291,54.9304,48.4588,1738.0,Lower combined pressure
27153,,,,,,,,,Todd,MN,10.0,8.3,8.7,14.5,15.7,24.1,10.4,,,0.4612,0.0,0.0,,,50.0154,,,,,,,,,24.8816,48.6637,74.002,43.8769,23.41,64.5636,55.5819,41.3292,50.0154,,46.5663,55.5819,41.3292,48.4497,1739.0,Lower combined pressure
55081,,,,,,,4.7187,,Monroe,WI,11.2,8.2,7.8,15.1,16.7,25.2,9.0,,,0.547,0.0,0.0,,,50.0154,,,,,39.1473,,,,77.4357,46.8539,49.0866,54.956,40.8153,76.0487,38.7348,53.9722,50.0154,39.1473,57.5327,38.7348,53.9722,48.4453,1740.0,Lower combined pressure
48141,,,,,,,5.9025,0.0467,El Paso,TX,8.6,4.9,5.8,15.0,17.5,19.9,29.0,,,-4.7083,0.0,0.0,,,50.0154,,,,,52.8424,78.125,,,0.6935,3.1123,10.2165,53.0277,56.8166,16.9317,98.9513,13.0757,50.0154,65.4837,23.4664,98.9513,13.0757,48.4448,1741.0,Lower combined pressure
39051,,,,,,,,,Fulton,OH,10.5,8.1,7.4,13.9,17.1,24.7,8.5,,,0.6085,0.0,0.0,,,50.0154,,,,,,,,,46.9046,44.7903,38.6671,33.2206,48.0717,70.6867,31.0047,64.6368,50.0154,,47.0568,31.0047,64.6368,48.444,1742.0,Lower combined pressure
04025,,,,,,,0.2153,0.0529,Yavapai,AZ,10.8,9.2,8.8,15.0,13.8,19.3,10.6,,,0.435,0.0,0.0,,,50.0154,,,,,2.9716,98.1771,,,60.2842,65.4093,75.9303,53.0277,5.7003,11.7388,56.935,37.6198,50.0154,50.5743,45.3484,56.935,37.6198,48.4408,1743.0,Lower combined pressure
37093,,,,,,,,,Hoke,NC,11.7,7.0,6.0,13.9,19.0,24.7,13.0,,,-82.8038,0.0,0.0,,,50.0154,,,,,,,,,90.3586,24.3065,12.6522,33.2206,83.7788,70.6867,76.2686,5.7187,50.0154,,52.5006,76.2686,5.7187,48.438,1744.0,Lower combined pressure
27033,,,,,,,,,Cottonwood,MN,9.8,7.6,8.4,13.9,15.2,23.4,10.2,,,0.6148,0.0,0.0,,,50.0154,,,,,,,,,16.6272,35.0812,66.0521,33.2206,16.8978,57.4256,53.6536,65.6569,50.0154,,37.5507,53.6536,65.6569,48.4311,1745.0,Lower combined pressure
21043,,,,,,,5.3322,0.0424,Carter,KY,,,,,,,,,,0.618,0.0,0.0,,,50.0154,,,,,45.3488,33.3333,,,,,,,,,,66.3988,50.0154,39.3411,,,66.3988,48.4304,1746.0,Lower combined pressure
27159,,,,,,,,,Wadena,MN,10.6,7.8,7.9,14.1,16.8,25.3,8.8,,,0.5391,0.0,0.0,,,50.0154,,,,,,,,,51.2686,38.887,52.1313,36.6881,42.7267,76.979,35.8085,52.9212,50.0154,,49.7801,35.8085,52.9212,48.4302,1747.0,Lower combined pressure
01015,,,,,,,,,Calhoun,AL,10.6,8.9,7.7,15.3,18.4,24.6,10.6,,,-78.2677,0.0,0.0,,,50.0154,,,,,,,,,51.2686,60.1488,46.431,58.7449,74.5264,69.5873,56.935,5.9351,50.0154,,60.1178,56.935,5.9351,48.4281,1748.0,Lower combined pressure
51750,,,,,,,,,Radford,VA,12.0,6.6,4.9,13.4,23.4,30.0,9.2,,,0.3868,0.0,0.0,,,50.0154,,,,,,,,,93.9107,18.4202,2.4865,24.6786,99.8139,97.1076,41.475,31.4374,50.0154,,56.0696,41.475,31.4374,48.4177,1749.0,Lower combined pressure
53043,,,,,,,,,Lincoln,WA,11.2,7.3,8.1,14.7,15.8,23.0,7.2,,,0.7013,0.0,0.0,,,50.0154,,,,,,,,,77.4357,29.5162,57.747,47.3106,25.3214,52.8417,12.111,79.9691,50.0154,,48.3621,12.111,79.9691,48.4042,1750.0,Lower combined pressure
30033,,,,,,,,,Garfield,MT,11.1,8.6,8.3,15.3,16.9,24.2,9.3,,,0.2779,0.0,0.0,,,50.0154,,,,,,,,,73.5284,54.6854,63.1597,58.7449,44.5704,65.6461,42.7943,20.0309,50.0154,,60.0558,42.7943,20.0309,48.4015,1751.0,Lower combined pressure
34031,,,,,,,6.6096,0.0431,Passaic,NJ,8.9,5.8,6.1,14.5,15.8,15.4,18.3,,,0.6276,0.0,0.0,,,50.0154,,,,,65.7623,39.974,,,1.9452,9.3369,13.9378,43.8769,25.3214,0.7781,93.843,68.2844,50.0154,52.8681,15.866,93.843,68.2844,48.4009,1752.0,Lower combined pressure
19069,,,,,,,,,Franklin,IA,10.0,9.0,8.6,15.0,16.4,20.3,10.0,,,0.5226,0.0,0.0,,,50.0154,,,,,,,,,24.8816,61.8572,71.6678,53.0277,35.4533,21.2957,50.8796,50.2937,50.0154,,44.6972,50.8796,50.2937,48.395,1753.0,Lower combined pressure
55113,,,,,,,,,Sawyer,WI,11.0,9.3,9.6,16.3,15.0,22.7,7.6,,,0.4799,0.0,0.0,,,50.0154,,,,,,,,,68.9953,66.9486,89.3606,73.4269,14.9865,49.0528,17.5237,44.204,50.0154,,60.4618,17.5237,44.204,48.3904,1754.0,Lower combined pressure
20055,,,,,,,,,Finney,KS,9.7,6.5,6.2,14.4,17.0,18.2,21.1,,,0.5696,0.0,0.0,,,50.0154,,,,,,,,,13.5487,17.1685,15.3248,42.1685,46.3972,7.0196,96.1265,57.7434,50.0154,,23.6045,96.1265,57.7434,48.3903,1755.0,Lower combined pressure
08105,,,,,,,,,Rio Grande,CO,10.6,7.1,7.4,14.7,15.6,21.0,15.9,,,0.4147,0.0,0.0,,,50.0154,,,,,,,,,51.2686,25.9303,38.6671,47.3106,22.0737,29.7361,88.3288,34.8995,50.0154,,35.8311,88.3288,34.8995,48.3803,1756.0,Lower combined pressure
13135,,,,,,,9.6116,0.0456,Gwinnett,GA,9.2,5.0,5.1,12.0,15.5,15.7,15.6,,,0.3188,0.0,0.0,,,50.0154,,,,,97.416,66.7969,,,5.1421,3.6874,3.8735,7.933,20.6867,0.9811,87.1279,23.5549,50.0154,82.1064,7.0506,87.1279,23.5549,48.3622,1757.0,Lower combined pressure
37117,,,,,,,,0.0366,Martin,NC,12.0,10.6,9.5,16.2,17.5,23.8,11.8,,,0.5902,0.0,0.0,,,50.0154,,,,,,5.3385,,,93.9107,84.8782,87.8383,72.1583,56.8166,61.8234,68.0988,61.4838,50.0154,5.3385,76.2376,68.0988,61.4838,48.3569,1758.0,High health vulnerability
37085,,,,,,,,,Harnett,NC,11.0,7.1,6.2,13.1,18.1,26.0,12.1,,,0.3292,0.0,0.0,,,50.0154,,,,,,,,,68.9953,25.9303,15.3248,20.1116,68.7415,83.3221,70.2639,24.6059,50.0154,,47.0709,70.2639,24.6059,48.3458,1759.0,Lower combined pressure
06005,,,,,,,,0.0452,Amador,CA,10.0,7.1,7.8,14.4,16.0,21.7,7.5,,,0.6589,0.0,0.0,,,50.0154,,,,,,62.7604,,,24.8816,25.9303,49.0866,42.1685,28.8058,37.7368,16.3058,73.1685,50.0154,62.7604,34.7683,16.3058,73.1685,48.3342,1760.0,Lower combined pressure
39061,,,,,,,4.8976,0.0461,Hamilton,OH,11.4,7.1,6.5,12.2,17.3,25.4,7.7,,,0.5921,0.0,0.0,,,50.0154,,,,,40.5685,71.875,,,83.7957,25.9303,19.5873,9.4384,52.3681,78.1461,18.7754,61.7311,50.0154,56.2217,44.8776,18.7754,61.7311,48.3301,1761.0,Lower combined pressure
17139,,,,,,,,,Moultrie,IL,10.7,8.6,7.1,14.4,17.9,23.7,8.4,,,0.5461,0.0,0.0,,,50.0154,,,,,,,,,55.8018,54.6854,31.4276,42.1685,64.9019,60.8762,29.4147,53.8794,50.0154,,51.6435,29.4147,53.8794,48.3266,1762.0,Lower combined pressure
28039,,,,,,,,,George,MS,9.5,8.7,7.2,14.9,18.0,21.6,11.3,,,0.4677,0.0,0.0,,,50.0154,,,,,,,,,9.6583,56.4445,33.8464,51.1671,66.8978,36.502,63.7686,42.473,50.0154,,42.4194,63.7686,42.473,48.3115,1763.0,Lower combined pressure
51149,,,,,,,,,Prince George,VA,10.7,5.9,5.4,12.7,18.4,22.2,10.9,,,0.6219,0.0,0.0,,,50.0154,,,,,,,,,55.8018,10.4364,6.0386,14.8681,74.5264,43.1834,59.8275,67.0788,50.0154,,34.1424,59.8275,67.0788,48.3078,1764.0,Lower combined pressure
38037,,,,,,,,,Grant,ND,10.3,10.3,11.0,15.5,13.4,19.6,8.0,,,0.613,0.0,0.0,,,50.0154,,,,,,,,,38.0751,81.6137,98.1563,61.6204,3.3322,14.2422,23.1225,65.3478,50.0154,,49.5067,23.1225,65.3478,48.3044,1765.0,Lower combined pressure
39173,,,,,,,,0.0455,Wood,OH,10.6,6.6,6.1,12.2,17.4,27.6,7.0,,,0.5745,0.0,0.0,,,50.0154,,,,,,65.8854,,,51.2686,18.4202,13.9378,9.4384,54.364,92.9127,9.5399,58.5781,50.0154,65.8854,40.0569,9.5399,58.5781,48.302,1766.0,Lower combined pressure
37049,,,,,,,,,Craven,NC,10.9,7.9,7.4,13.4,16.7,24.3,10.2,,,0.4747,0.0,0.0,,,50.0154,,,,,,,,,64.4621,40.8829,38.6671,24.6786,40.8153,66.6441,53.6536,43.4621,50.0154,,46.025,53.6536,43.4621,48.2966,1767.0,Lower combined pressure
39085,,,,,,,5.7545,0.0466,Lake,OH,10.7,7.7,7.3,13.9,16.2,24.6,7.1,,,0.5316,0.0,0.0,,,50.0154,,,,,50.3876,77.8646,,,55.8018,36.9249,36.3329,33.2206,32.1719,69.5873,10.8424,51.6847,50.0154,64.1261,44.0065,10.8424,51.6847,48.2905,1768.0,Lower combined pressure
56015,,,,,,,,,Goshen,WY,9.9,8.1,8.0,14.2,15.0,20.9,12.1,,,0.5677,0.0,0.0,,,50.0154,,,,,,,,,20.5514,44.7903,55.0744,38.498,14.9865,28.5521,70.2639,57.4652,50.0154,,33.7421,70.2639,57.4652,48.2841,1769.0,Lower combined pressure
28033,,,,,,,8.8348,0.0468,DeSoto,MS,9.7,6.2,5.6,12.4,16.4,19.7,9.7,,,0.3442,0.0,0.0,,,50.0154,,,,,94.186,80.3385,,,13.5487,13.6502,8.0176,11.2821,35.4533,15.2064,47.7165,26.4297,50.0154,87.2623,16.1931,47.7165,26.4297,48.2831,1770.0,Lower combined pressure
12031,,,,,,,7.1797,0.0405,Duval,FL,10.3,7.0,6.3,14.0,18.2,19.6,13.6,,,0.5192,0.0,0.0,,,50.0154,,,,,77.1318,19.1406,,,38.0751,24.3065,16.6272,34.9797,70.6698,14.2422,79.4317,49.8609,50.0154,48.1362,33.1501,79.4317,49.8609,48.2555,1771.0,Lower combined pressure
24045,,,,,,,,,Wicomico,MD,11.1,7.4,6.5,13.1,17.6,21.7,9.1,,,0.6428,0.0,0.0,,,50.0154,,,,,,,,,73.5284,31.3092,19.5873,20.1116,59.0325,37.7368,40.1218,71.0974,50.0154,,40.2176,40.1218,71.0974,48.2413,1772.0,Lower combined pressure
42123,,,,,,,,,Warren,PA,,,,,,,,,,0.4709,0.0,0.0,,,50.0154,,,,,,,,,,,,,,,,42.9057,50.0154,,,,42.9057,48.238,1773.0,Lower combined pressure
30099,,,,,,,3.8183,,Teton,MT,11.1,8.1,7.8,14.8,17.0,23.5,9.5,,,0.6626,0.0,0.0,,,50.0154,,,,,31.6537,,,,73.5284,44.7903,49.0866,49.2896,46.3972,58.6265,45.3484,73.7249,50.0154,31.6537,53.6198,45.3484,73.7249,48.2303,1774.0,Lower combined pressure
28085,,,,,,,,,Lincoln,MS,9.9,9.2,7.8,15.4,17.4,19.8,11.1,,,0.4464,0.0,0.0,,,50.0154,,,,,,,,,20.5514,65.4093,49.0866,60.2334,54.364,16.1536,61.6204,39.289,50.0154,,44.2997,61.6204,39.289,48.2273,1775.0,Lower combined pressure
18031,,,,,,,,,Decatur,IN,11.1,8.5,7.1,14.1,17.9,26.0,7.9,,,0.5001,0.0,0.0,,,50.0154,,,,,,,,,73.5284,52.6556,31.4276,36.6881,64.9019,83.3221,21.6171,47.1097,50.0154,,57.0873,21.6171,47.1097,48.1988,1776.0,Lower combined pressure
20057,,,,,,,6.0422,,Ford,KS,9.3,6.6,6.4,14.3,16.6,17.9,21.9,,,0.4812,0.0,0.0,,,50.0154,,,,,54.9096,,,,6.6475,18.4202,17.8958,40.3078,38.7855,6.1908,96.7524,44.4513,50.0154,54.9096,21.3746,96.7524,44.4513,48.196,1777.0,Lower combined pressure
19171,,,,,,,,,Tama,IA,10.2,8.8,8.2,14.9,16.6,20.2,9.3,,,0.5781,0.0,0.0,,,50.0154,,,,,,,,,33.4405,58.2206,60.3857,51.1671,38.7855,20.1116,42.7943,59.4127,50.0154,,43.6852,42.7943,59.4127,48.1955,1778.0,Lower combined pressure
23001,,,,,,,4.7304,0.0363,Androscoggin,ME,13.2,8.9,7.5,15.2,19.7,29.7,9.1,,,0.5284,0.0,0.0,,,50.0154,,,,,39.2765,5.0781,,,98.9682,60.1488,41.0859,56.8843,90.5616,96.6678,40.1218,51.1901,50.0154,22.1773,74.0528,40.1218,51.1901,48.1933,1779.0,Lower combined pressure
48021,,,,,,,,,Bastrop,TX,9.5,6.8,6.5,14.4,17.0,21.9,21.6,,,0.4523,0.0,0.0,,,50.0154,,,,,,,,,9.6583,21.0927,19.5873,42.1685,46.3972,39.885,96.5663,40.3091,50.0154,,29.7982,96.5663,40.3091,48.1889,1780.0,Lower combined pressure
20061,,,,,,,,,Geary,KS,10.3,5.9,4.9,12.4,19.6,21.8,13.1,,,0.552,0.0,0.0,,,50.0154,,,,,,,,,38.0751,10.4364,2.4865,11.2821,89.6989,38.8363,76.9621,54.8995,50.0154,,31.8025,76.9621,54.8995,48.1886,1781.0,Lower combined pressure
72025,,,,,,,6.5579,,,,,,,,,,,,,-999.0,0.0,0.0,,,50.0154,,,,,64.4703,,,,,,,,,,,1.9629,50.0154,64.4703,,,1.9629,48.1823,1782.0,Lower combined pressure
48121,,,,,,,7.6748,0.0507,Denton,TX,9.3,4.3,4.3,10.6,15.8,20.8,11.2,,,0.27,0.0,0.0,,,50.0154,,,,,83.7209,95.1823,,,6.6475,0.9811,0.4398,1.7591,25.3214,27.4696,62.703,19.3509,50.0154,89.4516,10.4364,62.703,19.3509,48.182,1783.0,Lower combined pressure
09003,,,,,,,4.8166,0.0442,,,,,,,,,,,,,0.0,0.0,,,50.0154,,,,,40.3101,51.5625,,,,,,,,,,,50.0154,45.9363,,,,48.1613,1784.0,Lower combined pressure
39009,,,,,,,5.2474,,Athens,OH,11.6,7.7,6.2,13.3,20.9,30.5,7.8,,,0.5171,0.0,0.0,,,50.0154,,,,,44.7028,,,,88.5149,36.9249,15.3248,23.0886,97.0568,98.3931,20.2131,49.6445,50.0154,44.7028,59.8839,20.2131,49.6445,48.1371,1785.0,Lower combined pressure
51125,,,,,,,,,Nelson,VA,10.6,9.1,9.1,15.2,15.2,22.5,8.3,,,0.529,0.0,0.0,,,50.0154,,,,,,,,,51.2686,63.6333,81.4783,56.8843,16.8978,46.3464,27.8417,51.2519,50.0154,,52.7515,27.8417,51.2519,48.1358,1786.0,Lower combined pressure
29003,,,,,,,,0.0465,Andrew,MO,10.3,8.1,7.1,14.2,16.5,23.6,7.7,,,0.2625,0.0,0.0,,,50.0154,,,,,,75.7812,,,38.0751,44.7903,31.4276,38.498,37.0095,59.726,18.7754,19.0726,50.0154,75.7812,41.5877,18.7754,19.0726,48.1317,1787.0,Lower combined pressure
17053,,,,,,,,,Ford,IL,10.6,8.7,7.5,14.5,17.5,22.9,8.5,,,0.549,0.0,0.0,,,50.0154,,,,,,,,,51.2686,56.4445,41.0859,43.8769,56.8166,51.7253,31.0047,54.4049,50.0154,,50.203,31.0047,54.4049,48.1284,1788.0,Lower combined pressure
22095,,,,,,,,0.0412,St. John the Baptist,LA,10.7,7.8,7.2,15.1,19.0,24.0,9.5,,,0.7527,0.0,0.0,,,50.0154,,,,,,23.9583,,,55.8018,38.887,33.8464,54.956,83.7788,63.6164,45.3484,88.0062,50.0154,23.9583,55.1477,45.3484,88.0062,48.1166,1789.0,Lower combined pressure
18151,,,,,,,,,Steuben,IN,11.1,8.8,7.8,14.4,17.0,25.4,7.8,,,0.4898,0.0,0.0,,,50.0154,,,,,,,,,73.5284,58.2206,49.0866,42.1685,46.3972,78.1461,20.2131,45.7805,50.0154,,57.9246,20.2131,45.7805,48.1135,1790.0,Lower combined pressure
27105,,,,,,,,,Nobles,MN,9.5,7.3,7.7,14.4,15.7,21.4,16.5,,,0.4742,0.0,0.0,,,50.0154,,,,,,,,,9.6583,29.5162,46.431,42.1685,23.41,34.3369,90.1218,43.3385,50.0154,,30.9202,90.1218,43.3385,48.1076,1791.0,Lower combined pressure
48319,,,,,,,,,Mason,TX,9.4,8.1,8.8,14.4,14.2,20.9,14.4,,,0.4564,0.0,0.0,,,50.0154,,,,,,,,,8.0176,44.7903,75.9303,42.1685,8.0176,28.5521,83.3051,40.7728,50.0154,,34.5794,83.3051,40.7728,48.0764,1792.0,Lower combined pressure
42069,,,,,,,6.7087,0.0406,Lackawanna,PA,,,,,,,,,,0.5324,0.0,0.0,,,50.0154,,,,,68.4755,20.0521,,,,,,,,,,51.7465,50.0154,44.2638,,,51.7465,48.0696,1793.0,Lower combined pressure
19047,,,,,,,,,Crawford,IA,9.6,8.4,8.0,14.9,16.5,18.9,13.5,,,0.4652,0.0,0.0,,,50.0154,,,,,,,,,11.4344,50.592,55.0744,51.1671,37.0095,9.2862,78.9073,42.0711,50.0154,,35.7606,78.9073,42.0711,48.0568,1794.0,Lower combined pressure
48479,,,,,,,9.8259,0.0421,Webb,TX,8.7,5.0,5.8,16.1,17.2,19.1,36.2,,,-28.2884,0.0,0.0,,,50.0154,,,,,98.062,30.9896,,,0.9472,3.6874,10.2165,70.8728,50.203,10.3687,99.5602,8.6553,50.0154,64.5258,24.3826,99.5602,8.6553,48.0533,1795.0,Lower combined pressure
17135,,,,,,,,,Montgomery,IL,10.3,8.9,7.6,14.7,17.4,22.3,8.6,,,0.5698,0.0,0.0,,,50.0154,,,,,,,,,38.0751,60.1488,43.8092,47.3106,54.364,44.1137,32.6286,57.7743,50.0154,,47.9702,32.6286,57.7743,48.05,1796.0,Lower combined pressure
51700,,,,,,,,,Newport News,VA,11.6,6.5,5.9,13.6,18.1,22.2,10.3,,,0.5059,0.0,0.0,,,50.0154,,,,,,,,,88.5149,17.1685,11.3498,28.366,68.7415,43.1834,54.7023,48.3771,50.0154,,42.8873,54.7023,48.3771,48.0459,1797.0,Lower combined pressure
47125,,,,,,,6.0396,,Montgomery,TN,10.8,6.1,4.8,12.9,20.0,28.6,11.7,,,-21.2572,0.0,0.0,,,50.0154,,,,,54.7804,,,,60.2842,12.7199,1.8775,17.3714,92.8112,94.7564,67.1516,9.6445,50.0154,54.7804,46.6368,67.1516,9.6445,48.0385,1798.0,Lower combined pressure
13097,,,,,,,,0.0454,Douglas,GA,10.8,5.8,5.4,12.9,17.2,18.2,13.0,,,0.386,0.0,0.0,,,50.0154,,,,,,64.0625,,,60.2842,9.3369,6.0386,17.3714,50.203,7.0196,76.2686,31.2519,50.0154,64.0625,25.0423,76.2686,31.2519,48.0329,1799.0,Lower combined pressure
48317,,,,,,,,,Martin,TX,9.6,6.0,5.5,14.0,17.8,22.2,21.8,,,0.466,0.0,0.0,,,50.0154,,,,,,,,,11.4344,11.6373,6.9858,34.9797,62.7876,43.1834,96.6678,42.1947,50.0154,,28.5014,96.6678,42.1947,48.0216,1800.0,Lower combined pressure
17017,,,,,,,,,Cass,IL,10.2,8.6,7.4,15.0,17.2,21.6,12.6,,,0.3355,0.0,0.0,,,50.0154,,,,,,,,,33.4405,54.6854,38.6671,53.0277,50.203,36.502,73.7991,25.1623,50.0154,,44.421,73.7991,25.1623,48.008,1801.0,Lower combined pressure
42009,,,,,,,,,Bedford,PA,,,,,,,,,,0.465,0.0,0.0,,,50.0154,,,,,,,,,,,,,,,,41.9784,50.0154,,,,41.9784,48.0062,1802.0,Lower combined pressure
26095,,,,,,,,,Luce,MI,11.2,10.1,8.9,15.8,17.7,24.6,8.2,,,-332.5095,0.0,0.0,,,50.0154,,,,,,,,,77.4357,79.1272,77.7233,66.3904,60.8424,69.5873,26.3024,4.0185,50.0154,,71.851,26.3024,4.0185,47.9993,1803.0,Lower combined pressure
18129,,,,,,,,0.0455,Posey,IN,10.9,8.5,7.4,13.8,16.5,24.8,6.8,,,0.4174,0.0,0.0,,,50.0154,,,,,,65.3646,,,64.4621,52.6556,38.6671,31.2415,37.0095,71.8539,7.6286,35.2087,50.0154,65.3646,49.315,7.6286,35.2087,47.9582,1804.0,Lower combined pressure
51045,,,,,,,,,Craig,VA,10.7,9.4,8.7,16.0,16.7,24.2,8.4,,,0.3266,0.0,0.0,,,50.0154,,,,,,,,,55.8018,68.3694,74.002,69.3505,40.8153,65.6461,29.4147,24.3431,50.0154,,62.3309,29.4147,24.3431,47.9508,1805.0,Lower combined pressure
20175,,,,,,,,,Seward,KS,9.2,6.0,6.0,14.4,16.9,17.8,24.8,,,0.5878,0.0,0.0,,,50.0154,,,,,,,,,5.1421,11.6373,12.6522,42.1685,44.5704,5.8525,97.6488,61.0665,50.0154,,20.3372,97.6488,61.0665,47.9473,1806.0,Lower combined pressure
06009,,,,,,,5.4838,0.045,Calaveras,CA,10.3,8.4,8.7,15.7,16.7,23.2,7.1,,,0.5232,0.0,0.0,,,50.0154,,,,,46.5116,60.1562,,,38.0751,50.592,74.002,64.8512,40.8153,55.1252,10.8424,50.3864,50.0154,53.3339,53.9101,10.8424,50.3864,47.9385,1807.0,Lower combined pressure
25013,,,,,,,1.799,0.0429,Hampden,MA,12.7,7.7,7.0,16.0,18.9,26.8,8.1,,,0.6255,0.0,0.0,,,50.0154,,,,,17.4419,37.1094,,,98.2409,36.9249,29.161,69.3505,82.3748,88.6502,24.7294,67.7898,50.0154,27.2756,67.4504,24.7294,67.7898,47.938,1808.0,Lower combined pressure
51740,,,,,,,,,Portsmouth,VA,12.3,7.6,6.7,14.7,19.4,22.7,10.9,,,-31.5786,0.0,0.0,,,50.0154,,,,,,,,,96.2618,35.0812,23.3593,47.3106,87.8214,49.0528,59.8275,8.3153,50.0154,,56.4812,59.8275,8.3153,47.9189,1809.0,Lower combined pressure
17137,,,,,,,,,Morgan,IL,10.5,8.8,7.6,14.4,17.4,22.5,8.6,,,0.553,0.0,0.0,,,50.0154,,,,,,,,,46.9046,58.2206,43.8092,42.1685,54.364,46.3464,32.6286,55.1159,50.0154,,48.6355,32.6286,55.1159,47.9173,1810.0,Lower combined pressure
49009,,,,,,,,,Daggett,UT,10.6,8.2,8.9,15.7,15.7,24.2,9.7,,,0.3243,0.0,0.0,,,50.0154,,,,,,,,,51.2686,46.8539,77.7233,64.8512,23.41,65.6461,47.7165,24.1731,50.0154,,54.9588,47.7165,24.1731,47.9111,1811.0,Lower combined pressure
20081,,,,,,,,,Haskell,KS,9.9,7.9,7.4,14.5,16.8,20.0,16.4,,,0.41,0.0,0.0,,,50.0154,,,,,,,,,20.5514,40.8829,38.6671,43.8769,42.7267,17.8281,89.885,34.1267,50.0154,,34.0889,89.885,34.1267,47.904,1812.0,Lower combined pressure
55013,,,,,,,,,Burnett,WI,10.9,9.7,10.0,15.8,14.5,22.1,7.6,,,0.4902,0.0,0.0,,,50.0154,,,,,,,,,64.4621,73.1055,93.2848,66.3904,10.5886,42.1516,17.5237,45.8733,50.0154,,58.3305,17.5237,45.8733,47.9026,1813.0,Lower combined pressure
45077,,,,,,,,,Pickens,SC,9.7,7.8,6.7,14.1,18.0,25.4,11.6,,,0.4206,0.0,0.0,,,50.0154,,,,,,,,,13.5487,38.887,23.3593,36.6881,66.8978,78.1461,66.1874,35.5487,50.0154,,42.9212,66.1874,35.5487,47.878,1814.0,Lower combined pressure
42057,,,,,,,,,Fulton,PA,,,,,,,,,,0.4619,0.0,0.0,,,50.0154,,,,,,,,,,,,,,,,41.4529,50.0154,,,,41.4529,47.8748,1815.0,Lower combined pressure
37043,,,,,,,,,Clay,NC,10.5,10.0,9.9,14.7,14.7,24.7,8.5,,,0.4016,0.0,0.0,,,50.0154,,,,,,,,,46.9046,77.8924,92.4899,47.3106,12.3647,70.6867,31.0047,33.1066,50.0154,,57.9415,31.0047,33.1066,47.8682,1816.0,Lower combined pressure
29197,,,,,,,,,Schuyler,MO,10.4,8.9,7.6,15.3,17.8,24.3,8.5,,,0.4396,0.0,0.0,,,50.0154,,,,,,,,,42.6928,60.1488,43.8092,58.7449,62.7876,66.6441,31.0047,38.3153,50.0154,,55.8046,31.0047,38.3153,47.8504,1817.0,Lower combined pressure
22051,,,,,,,8.1787,0.0429,Jefferson,LA,9.8,7.7,7.5,14.3,17.7,24.3,10.0,,,-15.1674,0.0,0.0,,,50.0154,,,,,88.5013,37.3698,,,16.6272,36.9249,41.0859,40.3078,60.8424,66.6441,50.8796,10.6337,50.0154,62.9355,43.7387,50.8796,10.6337,47.8245,1818.0,Lower combined pressure
42105,,,,,,,,,Potter,PA,,,,,,,,,,0.4603,0.0,0.0,,,50.0154,,,,,,,,,,,,,,,,41.2365,50.0154,,,,41.2365,47.8207,1819.0,Lower combined pressure
48159,,,,,,,,,Franklin,TX,10.0,7.6,7.5,13.9,16.3,22.9,12.5,,,0.4763,0.0,0.0,,,50.0154,,,,,,,,,24.8816,35.0812,41.0859,33.2206,33.8802,51.7253,73.1901,43.7403,50.0154,,36.6458,73.1901,43.7403,47.8122,1820.0,Lower combined pressure
18179,,,,,,,,,Wells,IN,11.0,8.5,7.2,14.1,17.4,25.7,8.0,,,0.5129,0.0,0.0,,,50.0154,,,,,,,,,68.9953,52.6556,33.8464,36.6881,54.364,80.8525,23.1225,48.9335,50.0154,,54.567,23.1225,48.9335,47.8026,1821.0,Lower combined pressure
12015,,,,,,,,,Charlotte,FL,9.5,9.7,10.7,15.8,14.3,16.2,11.4,,,0.4299,0.0,0.0,,,50.0154,,,,,,,,,9.6583,73.1055,97.2091,66.3904,8.7111,1.6746,64.6313,36.7543,50.0154,,42.7915,64.6313,36.7543,47.7881,1822.0,Lower combined pressure
19045,,,,,,,7.0846,0.045,Clinton,IA,10.2,8.5,7.8,14.2,16.6,20.4,7.4,,,0.4786,0.0,0.0,,,50.0154,,,,,75.8398,60.8073,,,33.4405,52.6556,49.0866,38.498,38.7855,22.6658,14.9188,44.0185,50.0154,68.3235,39.1887,14.9188,44.0185,47.7764,1823.0,Lower combined pressure
13083,,,,,,,,,Dade,GA,10.1,8.2,7.4,14.9,17.6,22.6,11.5,,,0.3698,0.0,0.0,,,50.0154,,,,,,,,,29.2794,46.8539,38.6671,51.1671,59.0325,47.7165,65.4093,29.1499,50.0154,,45.4528,65.4093,29.1499,47.765,1824.0,Lower combined pressure
48235,,,,,,,,,Irion,TX,9.7,7.2,7.3,14.1,16.1,22.5,14.5,,,0.4836,0.0,0.0,,,50.0154,,,,,,,,,13.5487,27.6894,36.3329,36.6881,30.4635,46.3464,83.6604,44.915,50.0154,,31.8448,83.6604,44.915,47.7645,1825.0,Lower combined pressure
19139,,,,,,,6.708,,Muscatine,IA,9.8,7.4,7.0,13.6,16.8,19.4,10.0,,,0.4416,0.0,0.0,,,50.0154,,,,,68.3463,,,,16.6272,31.3092,29.161,28.366,42.7267,12.5677,50.8796,38.6708,50.0154,68.3463,26.793,50.8796,38.6708,47.7445,1826.0,Lower combined pressure
49021,,,,,,,4.7721,0.0455,Iron,UT,11.0,5.8,5.6,13.4,18.4,27.5,10.0,,,0.3652,0.0,0.0,,,50.0154,,,,,39.9225,65.7552,,,68.9953,9.3369,8.0176,24.6786,74.5264,92.5237,50.8796,28.5317,50.0154,52.8388,46.3464,50.8796,28.5317,47.7421,1827.0,Lower combined pressure
18047,,,,,,,,,Franklin,IN,11.2,9.1,7.6,14.6,17.3,25.3,7.5,,,0.4638,0.0,0.0,,,50.0154,,,,,,,,,77.4357,63.6333,43.8092,45.4838,52.3681,76.979,16.3058,41.7929,50.0154,,59.9515,16.3058,41.7929,47.7365,1828.0,Lower combined pressure
06071,,,,,,,4.2512,0.0572,San Bernardino,CA,9.9,5.2,5.6,14.4,17.7,19.6,14.3,,,-7.9499,0.0,0.0,,,50.0154,,,,,35.4005,100.0,,,20.5514,4.5839,8.0176,42.1685,60.8424,14.2422,82.9668,12.3957,50.0154,67.7003,25.0677,82.9668,12.3957,47.7329,1829.0,Lower combined pressure
16065,,,,,,,,,Madison,ID,12.1,4.4,3.0,11.2,22.7,27.9,10.9,,,0.3418,0.0,0.0,,,50.0154,,,,,,,,,94.7226,1.2348,0.0338,3.4844,99.5264,93.7246,59.8275,26.0896,50.0154,,48.7878,59.8275,26.0896,47.7244,1830.0,Lower combined pressure
17177,,,,,,,,,Stephenson,IL,10.6,9.1,8.3,14.8,16.9,22.4,8.2,,,0.5163,0.0,0.0,,,50.0154,,,,,,,,,51.2686,63.6333,63.1597,49.2896,44.5704,45.1455,26.3024,49.4281,50.0154,,52.8445,26.3024,49.4281,47.7184,1831.0,Lower combined pressure
37149,,,,,,,,,Polk,NC,10.5,9.4,9.5,14.3,14.5,23.8,8.8,,,0.4528,0.0,0.0,,,50.0154,,,,,,,,,46.9046,68.3694,87.8383,40.3078,10.5886,61.8234,35.8085,40.4019,50.0154,,52.6387,35.8085,40.4019,47.7138,1832.0,Lower combined pressure
36057,,,,,,,,,Montgomery,NY,11.0,8.2,7.4,14.9,16.8,21.2,8.3,,,0.5991,0.0,0.0,,,50.0154,,,,,,,,,68.9953,46.8539,38.6671,51.1671,42.7267,32.3072,27.8417,62.9366,50.0154,,46.7862,27.8417,62.9366,47.7053,1833.0,Lower combined pressure
51187,,,,,,,,,Warren,VA,10.8,7.6,7.0,14.7,17.6,24.4,9.5,,,0.4353,0.0,0.0,,,50.0154,,,,,,,,,60.2842,35.0812,29.161,47.3106,59.0325,67.5406,45.3484,37.7434,50.0154,,49.735,45.3484,37.7434,47.6634,1834.0,Lower combined pressure
42031,,,,,,,,,Clarion,PA,,,,,,,,,,0.4543,0.0,0.0,,,50.0154,,,,,,,,,,,,,,,,40.5873,50.0154,,,,40.5873,47.6584,1835.0,Lower combined pressure
13221,,,,,,,,,Oglethorpe,GA,10.1,8.0,7.4,15.2,17.2,20.8,12.8,,,0.3777,0.0,0.0,,,50.0154,,,,,,,,,29.2794,42.7436,38.6671,56.8843,50.203,27.4696,74.8647,30.3246,50.0154,,40.8745,74.8647,30.3246,47.6562,1836.0,Lower combined pressure
51021,,,,,,,,,Bland,VA,10.4,8.8,8.3,15.4,16.8,23.6,9.0,,,0.3959,0.0,0.0,,,50.0154,,,,,,,,,42.6928,58.2206,63.1597,60.2334,42.7267,59.726,38.7348,32.3957,50.0154,,54.4599,38.7348,32.3957,47.6435,1837.0,Lower combined pressure
08045,,,,,,,4.117,0.0503,Garfield,CO,10.7,5.8,5.5,12.9,16.2,21.1,13.8,,,0.302,0.0,0.0,,,50.0154,,,,,33.7209,94.401,,,55.8018,9.3369,6.9858,17.3714,32.1719,31.0724,80.362,22.0402,50.0154,64.061,25.4567,80.362,22.0402,47.6243,1838.0,Lower combined pressure
36013,,,,,,,5.5431,0.0447,Chautauqua,NY,11.2,8.8,7.9,15.3,16.7,20.6,7.3,,,0.543,0.0,0.0,,,50.0154,,,,,46.8992,56.1198,,,77.4357,58.2206,52.1313,58.7449,40.8153,25.3552,13.4641,53.5394,50.0154,51.5095,52.1172,13.4641,53.5394,47.6116,1839.0,Lower combined pressure
27023,,,,,,,,,Chippewa,MN,10.0,7.6,8.2,13.9,15.8,24.0,9.9,,,0.5581,0.0,0.0,,,50.0154,,,,,,,,,24.8816,35.0812,60.3857,33.2206,25.3214,63.6164,49.7124,56.2597,50.0154,,40.4178,49.7124,56.2597,47.6084,1840.0,Lower combined pressure
12127,,,,,,,6.6984,0.038,Volusia,FL,10.0,8.4,8.3,15.0,16.7,19.1,13.9,,,0.5025,0.0,0.0,,,50.0154,,,,,68.0879,8.8542,,,24.8816,50.592,63.1597,53.0277,40.8153,10.3687,80.8356,47.6352,50.0154,38.471,40.4742,80.8356,47.6352,47.588,1841.0,Lower combined pressure
13127,,,,,,,7.2588,0.0393,Glynn,GA,10.1,8.2,7.9,15.0,16.4,19.3,12.5,,,0.4714,0.0,0.0,,,50.0154,,,,,78.0362,13.5417,,,29.2794,46.8539,52.1313,53.0277,35.4533,11.7388,73.1901,42.9366,50.0154,45.7889,38.0807,73.1901,42.9366,47.5847,1842.0,Lower combined pressure
53007,,,,,,,5.1947,,Chelan,WA,10.6,6.3,6.7,13.9,16.1,24.5,11.8,,,0.558,0.0,0.0,,,50.0154,,,,,43.6693,,,,51.2686,14.6651,23.3593,33.2206,30.4635,68.4709,68.0988,56.2287,50.0154,43.6693,36.908,68.0988,56.2287,47.5817,1843.0,Lower combined pressure
17123,,,,,,,,,Marshall,IL,10.4,8.9,8.1,14.6,16.7,22.5,8.1,,,0.5808,0.0,0.0,,,50.0154,,,,,,,,,42.6928,60.1488,57.747,45.4838,40.8153,46.3464,24.7294,59.8764,50.0154,,48.8724,24.7294,59.8764,47.5777,1844.0,Lower combined pressure
55041,,,,,,,1.1001,0.0379,Forest,WI,12.1,10.2,9.9,17.6,17.5,25.4,9.1,,,0.557,0.0,0.0,,,50.0154,,,,,11.6279,8.3333,,,94.7226,80.2943,92.4899,88.2442,56.8166,78.1461,40.1218,56.0742,50.0154,9.9806,81.7856,40.1218,56.0742,47.5658,1845.0,High health vulnerability
18133,,,,,,,,,Putnam,IN,11.3,8.3,6.9,13.8,18.1,25.9,8.0,,,0.4658,0.0,0.0,,,50.0154,,,,,,,,,80.8863,48.6637,27.2666,31.2415,68.7415,82.5947,23.1225,42.1329,50.0154,,56.5657,23.1225,42.1329,47.5621,1846.0,Lower combined pressure
19029,,,,,,,,,Cass,IA,10.2,9.2,8.7,14.9,16.4,21.1,7.6,,,0.6263,0.0,0.0,,,50.0154,,,,,,,,,33.4405,65.4093,74.002,51.1671,35.4533,31.0724,17.5237,67.9753,50.0154,,48.4241,17.5237,67.9753,47.5474,1847.0,Lower combined pressure
17159,,,,,,,,,Richland,IL,10.5,8.9,7.7,14.5,17.4,23.0,7.7,,,0.5871,0.0,0.0,,,50.0154,,,,,,,,,46.9046,60.1488,46.431,43.8769,54.364,52.8417,18.7754,60.8037,50.0154,,50.7612,18.7754,60.8037,47.5371,1848.0,Lower combined pressure
28045,,,,,,,7.7887,0.0436,Hancock,MS,9.2,8.8,8.2,14.8,16.0,19.7,9.7,,,0.3385,0.0,0.0,,,50.0154,,,,,84.4961,44.6615,,,5.1421,58.2206,60.3857,49.2896,28.8058,15.2064,47.7165,25.7187,50.0154,64.5788,36.175,47.7165,25.7187,47.5366,1849.0,Lower combined pressure
56005,,,,,,,5.2259,0.0473,Campbell,WY,10.3,6.6,5.6,13.2,16.6,22.8,12.5,,,0.2587,0.0,0.0,,,50.0154,,,,,44.3152,83.8542,,,38.0751,18.4202,8.0176,21.634,38.7855,50.406,73.1901,18.8253,50.0154,64.0847,29.223,73.1901,18.8253,47.5331,1850.0,Lower combined pressure
48417,,,,,,,,,Shackelford,TX,9.9,7.1,7.0,13.4,16.2,23.2,11.4,,,0.6028,0.0,0.0,,,50.0154,,,,,,,,,20.5514,25.9303,29.161,24.6786,32.1719,55.1252,64.6313,63.5858,50.0154,,31.2697,64.6313,63.5858,47.525,1851.0,Lower combined pressure
48001,,,,,,,,,Anderson,TX,9.9,7.8,6.9,14.9,18.4,22.0,19.1,,,-82.6509,0.0,0.0,,,50.0154,,,,,,,,,20.5514,38.887,27.2666,51.1671,74.5264,41.0183,94.7395,5.8733,50.0154,,42.2361,94.7395,5.8733,47.4999,1852.0,Lower combined pressure
08001,,,,,,,2.8125,0.0525,Adams,CO,11.0,5.1,4.7,12.5,17.1,20.7,17.2,,,-8.806,0.0,0.0,,,50.0154,,,,,25.323,97.7865,,,68.9953,4.0934,1.387,12.4662,48.0717,26.4208,91.6779,12.1175,50.0154,61.5547,26.9057,91.6779,12.1175,47.4993,1853.0,Lower combined pressure
34011,,,,,,,5.6808,0.0452,Cumberland,NJ,9.7,7.4,7.0,16.0,17.7,16.1,18.4,,,-72.4863,0.0,0.0,,,50.0154,,,,,48.8372,62.3698,,,13.5487,31.3092,29.161,69.3505,60.8424,1.5392,93.9445,6.0278,50.0154,55.6035,34.2918,93.9445,6.0278,47.4757,1854.0,Lower combined pressure
37139,,,,,,,,,Pasquotank,NC,11.3,7.2,6.7,13.0,17.1,23.7,10.0,,,0.4988,0.0,0.0,,,50.0154,,,,,,,,,80.8863,27.6894,23.3593,18.5724,48.0717,60.8762,50.8796,46.9552,50.0154,,43.2426,50.8796,46.9552,47.465,1855.0,Lower combined pressure
20155,,,,,,,,,Reno,KS,10.2,8.3,7.9,13.5,16.3,22.1,10.2,,,0.5421,0.0,0.0,,,50.0154,,,,,,,,,33.4405,48.6637,52.1313,26.6407,33.8802,42.1516,53.6536,53.4467,50.0154,,39.4847,53.6536,53.4467,47.4478,1856.0,Lower combined pressure
16045,,,,,,,,,Gem,ID,10.7,7.8,7.5,14.9,15.3,21.8,10.6,,,0.5013,0.0,0.0,,,50.0154,,,,,,,,,55.8018,38.887,41.0859,51.1671,18.0819,38.8363,56.935,47.2643,50.0154,,40.6433,56.935,47.2643,47.4472,1857.0,Lower combined pressure
37001,,,,,,,,,Alamance,NC,10.9,7.4,6.7,13.2,17.2,24.0,11.7,,,0.3968,0.0,0.0,,,50.0154,,,,,,,,,64.4621,31.3092,23.3593,21.634,50.203,63.6164,67.1516,32.5193,50.0154,,42.4306,67.1516,32.5193,47.4392,1858.0,Lower combined pressure
18109,,,,,,,,,Morgan,IN,11.1,8.7,7.2,14.4,17.4,25.4,7.6,,,0.5009,0.0,0.0,,,50.0154,,,,,,,,,73.5284,56.4445,33.8464,42.1685,54.364,78.1461,17.5237,47.1716,50.0154,,56.4163,17.5237,47.1716,47.4376,1859.0,Lower combined pressure
42061,,,,,,,,,Huntingdon,PA,,,,,,,,,,0.4482,0.0,0.0,,,50.0154,,,,,,,,,,,,,,,,39.6291,50.0154,,,,39.6291,47.4188,1860.0,Lower combined pressure
17151,,,,,,,,,Pope,IL,10.3,9.9,9.4,15.5,15.7,21.3,7.1,,,0.5919,0.0,0.0,,,50.0154,,,,,,,,,38.0751,76.3532,86.316,61.6204,23.41,33.3897,10.8424,61.7002,50.0154,,53.1941,10.8424,61.7002,47.4099,1861.0,Lower combined pressure
28131,,,,,,,,,Stone,MS,9.7,8.6,7.4,14.8,17.5,20.9,10.8,,,0.4908,0.0,0.0,,,50.0154,,,,,,,,,13.5487,54.6854,38.6671,49.2896,56.8166,28.5521,58.8802,45.9351,50.0154,,40.2599,58.8802,45.9351,47.4015,1862.0,Lower combined pressure
20031,,,,,,,,,Coffey,KS,10.2,8.5,8.1,13.9,16.1,20.8,8.7,,,0.6597,0.0,0.0,,,50.0154,,,,,,,,,33.4405,52.6556,57.747,33.2206,30.4635,27.4696,34.2524,73.2921,50.0154,,39.1661,34.2524,73.2921,47.4008,1863.0,Lower combined pressure
18157,,,,,,,7.0662,,Tippecanoe,IN,10.7,6.4,5.3,11.8,18.4,24.3,8.6,,,-22.7728,0.0,0.0,,,50.0154,,,,,75.323,,,,55.8018,15.9168,5.1759,6.5122,74.5264,66.6441,32.6286,9.3972,50.0154,75.323,37.4295,32.6286,9.3972,47.3953,1864.0,Lower combined pressure
48171,,,,,,,,,Gillespie,TX,9.4,7.7,8.3,13.8,14.4,21.0,13.7,,,0.5261,0.0,0.0,,,50.0154,,,,,,,,,8.0176,36.9249,63.1597,31.2415,9.6583,29.7361,79.956,50.8501,50.0154,,29.7897,79.956,50.8501,47.3769,1865.0,Lower combined pressure
26033,,,,,,,,,Chippewa,MI,12.1,9.1,7.8,15.6,19.3,26.8,7.4,,,-199.3885,0.0,0.0,,,50.0154,,,,,,,,,94.7226,63.6333,49.0866,63.2273,86.9587,88.6502,14.9188,4.3277,50.0154,,74.3798,14.9188,4.3277,47.3656,1866.0,Lower combined pressure
53049,,,,,,,3.0022,,Pacific,WA,11.1,8.5,9.2,16.0,16.0,25.2,8.5,,,0.6126,0.0,0.0,,,50.0154,,,,,27.0026,,,,73.5284,52.6556,83.2544,69.3505,28.8058,76.0487,31.0047,65.1932,50.0154,27.0026,63.9406,31.0047,65.1932,47.3602,1867.0,Lower combined pressure
21073,,,,,,,,,Franklin,KY,,,,,,,,,,0.4467,0.0,0.0,,,50.0154,,,,,,,,,,,,,,,,39.3199,50.0154,,,,39.3199,47.3415,1868.0,Lower combined pressure
28041,,,,,,,,,Greene,MS,9.3,8.8,7.4,15.0,17.8,19.8,13.4,,,0.3637,0.0,0.0,,,50.0154,,,,,,,,,6.6475,58.2206,38.6671,53.0277,62.7876,16.1536,78.366,28.2535,50.0154,,39.2507,78.366,28.2535,47.3057,1869.0,Lower combined pressure
16029,,,,,,,,,Caribou,ID,10.7,7.3,6.8,14.2,16.4,22.0,9.9,,,0.5871,0.0,0.0,,,50.0154,,,,,,,,,55.8018,29.5162,25.406,38.498,35.4533,41.0183,49.7124,60.8346,50.0154,,37.6156,49.7124,60.8346,47.2843,1870.0,Lower combined pressure
29161,,,,,,,,,Phelps,MO,10.4,8.4,7.1,14.5,18.2,25.9,8.7,,,0.4265,0.0,0.0,,,50.0154,,,,,,,,,42.6928,50.592,31.4276,43.8769,70.6698,82.5947,34.2524,36.1978,50.0154,,53.6423,34.2524,36.1978,47.2803,1871.0,Lower combined pressure
29510,,,,,,,4.7894,0.0398,St. Louis,MO,11.7,7.4,6.1,13.7,18.2,23.9,9.2,,,0.7384,0.0,0.0,,,50.0154,,,,,40.0517,16.6667,,,90.3586,31.3092,13.9378,29.6177,70.6698,62.703,41.475,85.8733,50.0154,28.3592,49.766,41.475,85.8733,47.2707,1872.0,Lower combined pressure
48109,,,,,,,0.3447,,Culberson,TX,9.2,8.0,8.7,18.1,17.2,19.9,31.3,,,0.7721,0.0,0.0,,,50.0154,,,,,5.9432,,,,5.1421,42.7436,74.002,92.1008,50.203,16.9317,99.2219,90.9892,50.0154,5.9432,46.8539,99.2219,90.9892,47.225,1873.0,Lower combined pressure
22023,,,,,,,,,Cameron,LA,9.8,8.8,8.0,15.5,18.7,28.1,7.6,,,0.4121,0.0,0.0,,,50.0154,,,,,,,,,16.6272,58.2206,55.0744,61.6204,79.2456,94.0798,17.5237,34.4513,50.0154,,60.8113,17.5237,34.4513,47.2066,1874.0,Lower combined pressure
51710,,,,,,,6.4633,,Norfolk,VA,11.1,6.3,5.5,13.2,18.8,21.8,10.8,,,-36.9518,0.0,0.0,,,50.0154,,,,,62.7907,,,,73.5284,14.6651,6.9858,21.634,80.7341,38.8363,58.8802,7.6662,50.0154,62.7907,39.3973,58.8802,7.6662,47.2063,1875.0,Lower combined pressure
17099,,,,,,,,,LaSalle,IL,10.3,8.2,7.3,14.2,17.0,22.3,9.3,,,0.5618,0.0,0.0,,,50.0154,,,,,,,,,38.0751,46.8539,36.3329,38.498,46.3972,44.1137,42.7943,56.9088,50.0154,,41.7118,42.7943,56.9088,47.2038,1876.0,Lower combined pressure
48169,,,,,,,,,Garza,TX,9.3,7.5,6.9,16.3,18.3,20.9,30.9,,,-332.4683,0.0,0.0,,,50.0154,,,,,,,,,6.6475,33.1698,27.2666,73.4269,72.615,28.5521,99.1543,4.0804,50.0154,,40.2797,99.1543,4.0804,47.1973,1877.0,Lower combined pressure
38051,,,,,,,,,McIntosh,ND,10.2,9.7,10.1,15.2,13.4,19.1,8.6,,,0.5725,0.0,0.0,,,50.0154,,,,,,,,,33.4405,73.1055,94.0291,56.8843,3.3322,10.3687,32.6286,58.2535,50.0154,,45.1934,32.6286,58.2535,47.1882,1878.0,Lower combined pressure
37067,,,,,,,2.7039,0.047,Forsyth,NC,11.1,7.0,6.5,12.6,16.4,23.4,10.9,,,0.4279,0.0,0.0,,,50.0154,,,,,24.1602,81.6406,,,73.5284,24.3065,19.5873,13.7009,35.4533,57.4256,59.8275,36.4142,50.0154,52.9004,37.3337,59.8275,36.4142,47.1873,1879.0,Lower combined pressure
08113,,,,,,,,0.0534,San Miguel,CO,10.5,5.3,5.7,11.2,14.3,21.9,7.3,,,0.1352,0.0,0.0,,,50.0154,,,,,,98.4375,,,46.9046,5.1421,9.1171,3.4844,8.7111,39.885,13.4641,15.0232,50.0154,98.4375,18.874,13.4641,15.0232,47.1812,1880.0,Lower combined pressure
56025,,,,,,,3.8964,0.0478,Natrona,WY,10.3,7.1,6.2,12.7,16.3,23.2,11.6,,,0.3757,0.0,0.0,,,50.0154,,,,,32.8165,86.5885,,,38.0751,25.9303,15.3248,14.8681,33.8802,55.1252,66.1874,29.9845,50.0154,59.7025,30.5339,66.1874,29.9845,47.1809,1881.0,Lower combined pressure
55067,,,,,,,,,Langlade,WI,11.0,9.2,9.0,15.7,15.8,21.8,8.5,,,0.3751,0.0,0.0,,,50.0154,,,,,,,,,68.9953,65.4093,79.5839,64.8512,25.3214,38.8363,31.0047,29.8609,50.0154,,57.1662,31.0047,29.8609,47.177,1882.0,Lower combined pressure
06105,,,,,,,0.449,,Trinity,CA,11.0,11.3,11.0,18.3,18.1,24.8,7.0,,,0.7502,0.0,0.0,,,50.0154,,,,,7.7519,,,,68.9953,91.069,98.1563,93.3356,68.7415,71.8539,9.5399,87.6971,50.0154,7.7519,82.0253,9.5399,87.6971,47.1726,1883.0,High health vulnerability
29077,,,,,,,5.9843,0.043,Greene,MO,10.7,7.8,6.5,14.2,18.1,24.5,8.4,,,0.5502,0.0,0.0,,,50.0154,,,,,54.2636,39.0625,,,55.8018,38.887,19.5873,38.498,68.7415,68.4709,29.4147,54.6213,50.0154,46.663,48.3311,29.4147,54.6213,47.1568,1884.0,Lower combined pressure
18137,,,,,,,,,Ripley,IN,11.2,8.7,7.3,14.2,17.6,24.9,7.7,,,0.4689,0.0,0.0,,,50.0154,,,,,,,,,77.4357,56.4445,36.3329,38.498,59.0325,73.1225,18.7754,42.7512,50.0154,,56.811,18.7754,42.7512,47.1467,1885.0,Lower combined pressure
13281,,,,,,,,,Towns,GA,9.6,9.7,10.1,15.9,14.7,20.3,9.8,,,0.4369,0.0,0.0,,,50.0154,,,,,,,,,11.4344,73.1055,94.0291,67.8112,12.3647,21.2957,48.7483,37.9598,50.0154,,46.6734,48.7483,37.9598,47.1251,1886.0,Lower combined pressure
40145,,,,,,,,,Wagoner,OK,11.2,7.4,6.8,13.5,16.7,24.5,9.4,,,0.4974,0.0,0.0,,,50.0154,,,,,,,,,77.4357,31.3092,25.406,26.6407,40.8153,68.4709,44.0291,46.7697,50.0154,,45.013,44.0291,46.7697,47.117,1887.0,Lower combined pressure
13179,,,,,,,,,Liberty,GA,10.3,5.5,4.8,12.8,19.4,19.7,15.4,,,0.5021,0.0,0.0,,,50.0154,,,,,,,,,38.0751,6.6137,1.8775,16.1536,87.8214,15.2064,86.705,47.5425,50.0154,,27.6246,86.705,47.5425,47.114,1888.0,Lower combined pressure
36035,,,,,,,,,Fulton,NY,11.9,9.1,7.8,15.5,17.4,21.7,6.7,,,0.4953,0.0,0.0,,,50.0154,,,,,,,,,92.9465,63.6333,49.0866,61.6204,54.364,37.7368,6.8843,46.6151,50.0154,,59.8979,6.8843,46.6151,47.1054,1889.0,Lower combined pressure
48139,,,,,,,,0.0439,Ellis,TX,10.1,5.6,5.3,12.9,17.3,22.6,15.6,,,0.5014,0.0,0.0,,,50.0154,,,,,,48.0469,,,29.2794,7.5947,5.1759,17.3714,52.3681,47.7165,87.1279,47.2952,50.0154,48.0469,26.5843,87.1279,47.2952,47.1047,1890.0,Lower combined pressure
18127,,,,,,,7.1275,0.0461,Porter,IN,10.9,7.4,6.6,13.4,16.6,23.6,8.3,,,-47.2161,0.0,0.0,,,50.0154,,,,,76.3566,72.2656,,,64.4621,31.3092,21.4141,24.6786,38.7855,59.726,27.8417,7.1406,50.0154,74.3111,40.0626,27.8417,7.1406,47.0963,1891.0,Lower combined pressure
13031,,,,,,,,,Bulloch,GA,10.6,6.6,5.6,13.5,20.1,21.4,12.5,,,0.403,0.0,0.0,,,50.0154,,,,,,,,,51.2686,18.4202,8.0176,26.6407,93.3863,34.3369,73.1901,33.2303,50.0154,,38.6784,73.1901,33.2303,47.0884,1892.0,Lower combined pressure
48215,,,,,,,11.8438,0.0309,Hidalgo,TX,8.7,5.9,6.5,16.6,18.2,20.2,37.4,,,-4.0809,0.0,0.0,,,50.0154,,,,,99.0956,0.9115,,,0.9472,10.4364,19.5873,76.8606,70.6698,20.1116,99.6617,13.2612,50.0154,50.0035,33.1022,99.6617,13.2612,47.0733,1893.0,Lower combined pressure
26137,,,,,,,,,Otsego,MI,11.4,9.1,7.9,14.8,17.5,27.3,6.2,,,0.4073,0.0,0.0,,,50.0154,,,,,,,,,83.7957,63.6333,52.1313,49.2896,56.8166,91.6272,3.5859,33.8176,50.0154,,66.2156,3.5859,33.8176,47.0652,1894.0,Lower combined pressure
13015,,,,,,,,,Bartow,GA,10.1,7.1,6.2,14.4,17.9,21.2,13.3,,,0.4344,0.0,0.0,,,50.0154,,,,,,,,,29.2794,25.9303,15.3248,42.1685,64.9019,32.3072,77.9263,37.4961,50.0154,,34.9853,77.9263,37.4961,47.0576,1895.0,Lower combined pressure
48263,,,,,,,,,Kent,TX,9.6,7.2,7.7,13.9,14.9,21.6,12.0,,,0.598,0.0,0.0,,,50.0154,,,,,,,,,11.4344,27.6894,46.431,33.2206,14.1238,36.502,69.5196,62.7512,50.0154,,28.2335,69.5196,62.7512,47.0534,1896.0,Lower combined pressure
49035,,,,,,,4.9563,0.0464,Salt Lake,UT,11.0,4.4,4.4,12.5,17.5,27.8,11.6,,,-11.5178,0.0,0.0,,,50.0154,,,,,40.9561,75.3906,,,68.9953,1.2348,0.6597,12.4662,56.8166,93.4202,66.1874,11.5301,50.0154,58.1733,38.9321,66.1874,11.5301,47.0527,1897.0,Lower combined pressure
48495,,,,,,,,,Winkler,TX,9.2,6.0,6.1,15.0,17.4,20.5,27.6,,,0.429,0.0,0.0,,,50.0154,,,,,,,,,5.1421,11.6373,13.9378,53.0277,54.364,24.1543,98.5622,36.5997,50.0154,,27.0439,98.5622,36.5997,47.0424,1898.0,Lower combined pressure
45055,,,,,,,,,Kershaw,SC,9.8,7.9,7.0,14.7,16.7,21.9,11.9,,,0.4816,0.0,0.0,,,50.0154,,,,,,,,,16.6272,40.8829,29.161,47.3106,40.8153,39.885,68.8092,44.4822,50.0154,,35.7803,68.8092,44.4822,47.0385,1899.0,Lower combined pressure
30075,,,,,,,,,Powder River,MT,10.7,8.3,8.4,14.9,15.3,21.7,9.2,,,0.4886,0.0,0.0,,,50.0154,,,,,,,,,55.8018,48.6637,66.0521,51.1671,18.0819,37.7368,41.475,45.5641,50.0154,,46.2506,41.475,45.5641,47.0282,1900.0,Lower combined pressure
06093,,,,,,,1.1438,0.0404,Siskiyou,CA,11.0,9.1,9.2,16.6,17.6,24.0,7.6,,,0.7686,0.0,0.0,,,50.0154,,,,,12.4031,18.8802,,,68.9953,63.6333,83.2544,76.8606,59.0325,63.6164,17.5237,90.51,50.0154,15.6417,69.2321,17.5237,90.51,47.0264,1901.0,Lower combined pressure
21117,,,,,,,,,Kenton,KY,,,,,,,,,,0.4375,0.0,0.0,,,50.0154,,,,,,,,,,,,,,,,38.0526,50.0154,,,,38.0526,47.0247,1902.0,Lower combined pressure
48485,,,,,,,,,Wichita,TX,10.3,7.1,6.2,13.8,18.6,23.9,15.9,,,-22.156,0.0,0.0,,,50.0154,,,,,,,,,38.0751,25.9303,15.3248,31.2415,77.9601,62.703,88.3288,9.5518,50.0154,,41.8725,88.3288,9.5518,47.0144,1903.0,Lower combined pressure
06065,,,,,,,4.0769,0.0538,Riverside,CA,9.5,5.4,6.0,14.7,17.1,21.7,12.7,,,-3.3263,0.0,0.0,,,50.0154,,,,,33.3333,98.8281,,,9.6583,5.7341,12.6522,47.3106,48.0717,37.7368,74.3234,13.4158,50.0154,66.0807,26.8606,74.3234,13.4158,47.0139,1904.0,Lower combined pressure
17125,,,,,,,,,Mason,IL,10.5,9.4,8.3,15.0,17.2,22.6,7.7,,,0.4943,0.0,0.0,,,50.0154,,,,,,,,,46.9046,68.3694,63.1597,53.0277,50.203,47.7165,18.7754,46.5224,50.0154,,54.8968,18.7754,46.5224,47.0115,1905.0,Lower combined pressure
17175,,,,,,,,,Stark,IL,10.3,8.8,7.9,14.4,16.8,22.3,7.8,,,0.6197,0.0,0.0,,,50.0154,,,,,,,,,38.0751,58.2206,52.1313,42.1685,42.7267,44.1137,20.2131,66.677,50.0154,,46.2393,20.2131,66.677,47.0046,1906.0,Lower combined pressure
39113,,,,,,,2.251,0.0493,Montgomery,OH,11.5,8.1,7.2,14.0,18.0,25.9,7.9,,,-5.7835,0.0,0.0,,,50.0154,,,,,20.4134,91.5365,,,86.316,44.7903,33.8464,34.9797,66.8978,82.5947,21.6171,12.8284,50.0154,55.9749,58.2375,21.6171,12.8284,47.0023,1907.0,Lower combined pressure
51775,,,,,,,6.2529,,Salem,VA,10.8,7.1,6.7,13.6,17.2,24.9,7.7,,,0.5016,0.0,0.0,,,50.0154,,,,,57.8811,,,,60.2842,25.9303,23.3593,28.366,50.203,73.1225,18.7754,47.357,50.0154,57.8811,43.5442,18.7754,47.357,46.9742,1908.0,Lower combined pressure
28137,,,,,,,,,Tate,MS,9.8,8.1,7.1,14.6,17.3,20.0,11.1,,,0.544,0.0,0.0,,,50.0154,,,,,,,,,16.6272,44.7903,31.4276,45.4838,52.3681,17.8281,61.6204,53.694,50.0154,,34.7542,61.6204,53.694,46.9661,1909.0,Lower combined pressure
29053,,,,,,,,,Cooper,MO,10.4,8.6,7.3,14.7,17.3,24.0,8.7,,,0.4796,0.0,0.0,,,50.0154,,,,,,,,,42.6928,54.6854,36.3329,47.3106,52.3681,63.6164,34.2524,44.1113,50.0154,,49.501,34.2524,44.1113,46.955,1910.0,Lower combined pressure
20181,,,,,,,6.0055,,Sherman,KS,9.9,7.8,7.7,13.4,16.2,20.2,10.3,,,0.535,0.0,0.0,,,50.0154,,,,,54.522,,,,20.5514,38.887,46.431,24.6786,32.1719,20.1116,54.7023,52.1175,50.0154,54.522,30.4719,54.7023,52.1175,46.9351,1911.0,Lower combined pressure
42119,,,,,,,,,Union,PA,,,,,,,,,,0.4353,0.0,0.0,,,50.0154,,,,,,,,,,,,,,,,37.6816,50.0154,,,,37.6816,46.932,1912.0,Lower combined pressure
17029,,,,,,,,,Coles,IL,10.8,8.2,6.9,13.8,18.7,24.1,8.2,,,0.4959,0.0,0.0,,,50.0154,,,,,,,,,60.2842,46.8539,27.2666,31.2415,79.2456,64.5636,26.3024,46.6461,50.0154,,51.5759,26.3024,46.6461,46.9246,1913.0,Lower combined pressure
39057,,,,,,,,0.0464,Greene,OH,10.8,6.6,6.4,12.1,16.3,24.2,6.5,,,0.4537,0.0,0.0,,,50.0154,,,,,,75.1302,,,60.2842,18.4202,17.8958,8.6096,33.8802,65.6461,5.4635,40.5255,50.0154,75.1302,34.1227,5.4635,40.5255,46.9167,1914.0,Lower combined pressure
35035,,,,,,,,,Otero,NM,10.0,7.2,7.2,15.3,17.1,24.0,15.7,,,-47.0476,0.0,0.0,,,50.0154,,,,,,,,,24.8816,27.6894,33.8464,58.7449,48.0717,63.6164,87.5,7.2025,50.0154,,42.8084,87.5,7.2025,46.9026,1915.0,Lower combined pressure
29063,,,,,,,,,DeKalb,MO,10.4,9.0,7.8,15.3,17.2,23.3,9.3,,,0.3412,0.0,0.0,,,50.0154,,,,,,,,,42.6928,61.8572,49.0866,58.7449,50.203,56.2754,42.7943,25.9969,50.0154,,53.1433,42.7943,25.9969,46.8928,1916.0,Lower combined pressure
06089,,,,,,,2.9743,0.0439,Shasta,CA,10.8,7.6,7.3,15.0,18.6,24.3,7.1,,,0.6869,0.0,0.0,,,50.0154,,,,,26.4858,48.1771,,,60.2842,35.0812,36.3329,53.0277,77.9601,66.6441,10.8424,77.3416,50.0154,37.3314,54.8884,10.8424,77.3416,46.878,1917.0,Lower combined pressure
17005,,,,,,,,,Bond,IL,10.5,8.0,6.9,13.8,17.9,22.8,8.8,,,0.5563,0.0,0.0,,,50.0154,,,,,,,,,46.9046,42.7436,27.2666,31.2415,64.9019,50.406,35.8085,55.8423,50.0154,,43.9107,35.8085,55.8423,46.8632,1918.0,Lower combined pressure
27043,,,,,,,,,Faribault,MN,10.2,7.8,8.4,14.0,15.6,23.7,9.3,,,0.5331,0.0,0.0,,,50.0154,,,,,,,,,33.4405,38.887,66.0521,34.9797,22.0737,60.8762,42.7943,51.8083,50.0154,,42.7182,42.7943,51.8083,46.8593,1919.0,Lower combined pressure
28149,,,,,,,,,Warren,MS,10.1,8.2,7.5,14.4,16.2,18.3,10.5,,,0.5939,0.0,0.0,,,50.0154,,,,,,,,,29.2794,46.8539,41.0859,42.1685,32.1719,7.2903,56.2585,62.2257,50.0154,,33.1416,56.2585,62.2257,46.8513,1920.0,Lower combined pressure
19143,,,,,,,,,Osceola,IA,10.0,9.3,8.8,15.2,16.2,20.1,9.6,,,0.4489,0.0,0.0,,,50.0154,,,,,,,,,24.8816,66.9486,75.9303,56.8843,32.1719,18.9107,46.6509,39.6909,50.0154,,45.9546,46.6509,39.6909,46.8366,1921.0,Lower combined pressure
53045,,,,,,,4.2891,,Mason,WA,11.1,7.5,7.7,15.6,16.9,25.4,9.2,,,0.4916,0.0,0.0,,,50.0154,,,,,35.7881,,,,73.5284,33.1698,46.431,63.2273,44.5704,78.1461,41.475,46.0896,50.0154,35.7881,56.5122,41.475,46.0896,46.8362,1922.0,Lower combined pressure
25005,,,,,,,5.0958,0.0434,Bristol,MA,12.6,7.6,6.8,14.6,18.6,23.8,5.9,,,0.6138,0.0,0.0,,,50.0154,,,,,42.8941,42.8385,,,97.8349,35.0812,25.406,45.4838,77.9601,61.8234,2.5203,65.4405,50.0154,42.8663,57.2649,2.5203,65.4405,46.8335,1923.0,Lower combined pressure
21167,,,,,,,,,Mercer,KY,,,,,,,,,,0.4335,0.0,0.0,,,50.0154,,,,,,,,,,,,,,,,37.2488,50.0154,,,,37.2488,46.8238,1924.0,Lower combined pressure
31067,,,,,,,6.5852,,Gage,NE,9.4,8.1,7.9,13.8,14.3,17.6,8.9,,,0.5545,0.0,0.0,,,50.0154,,,,,65.1163,,,,8.0176,44.7903,52.1313,31.2415,8.7111,5.2097,37.297,55.456,50.0154,65.1163,25.0169,37.297,55.456,46.8132,1925.0,Lower combined pressure
49041,,,,,,,,,Sevier,UT,11.1,6.6,6.4,14.4,17.6,27.5,9.6,,,0.3597,0.0,0.0,,,50.0154,,,,,,,,,73.5284,18.4202,17.8958,42.1685,59.0325,92.5237,46.6509,27.8516,50.0154,,50.5948,46.6509,27.8516,46.8048,1926.0,Lower combined pressure
46089,,,,,,,,,McPherson,SD,10.0,9.7,10.3,15.0,14.0,19.3,10.2,,,0.4283,0.0,0.0,,,50.0154,,,,,,,,,24.8816,73.1055,95.3654,53.0277,6.7659,11.7388,53.6536,36.507,50.0154,,44.1475,53.6536,36.507,46.7434,1927.0,Lower combined pressure
56007,,,,,,,,,Carbon,WY,9.9,8.0,7.4,14.6,15.8,19.8,14.7,,,0.4335,0.0,0.0,,,50.0154,,,,,,,,,20.5514,42.7436,38.6671,45.4838,25.3214,16.1536,84.5907,37.2179,50.0154,,31.4868,84.5907,37.2179,46.7429,1928.0,Lower combined pressure
26003,,,,,,,,,Alger,MI,11.1,9.6,8.7,15.2,16.8,24.7,7.0,,,0.3661,0.0,0.0,,,50.0154,,,,,,,,,73.5284,71.5663,74.002,56.8843,42.7267,70.6867,9.5399,28.6244,50.0154,,64.8991,9.5399,28.6244,46.7278,1929.0,Lower combined pressure
35001,,,,,,,3.4083,0.0496,Bernalillo,NM,9.7,5.6,6.5,14.3,15.7,24.6,14.0,,,-16.6184,0.0,0.0,,,50.0154,,,,,29.4574,92.8385,,,13.5487,7.5947,19.5873,40.3078,23.41,69.5873,81.4107,10.4173,50.0154,61.148,29.006,81.4107,10.4173,46.7259,1930.0,Lower combined pressure
40083,,,,,,,,,Logan,OK,11.2,7.4,6.9,13.3,16.9,24.5,9.4,,,0.4715,0.0,0.0,,,50.0154,,,,,,,,,77.4357,31.3092,27.2666,23.0886,44.5704,68.4709,44.0291,42.9675,50.0154,,45.3569,44.0291,42.9675,46.7247,1931.0,Lower combined pressure
01077,,,,,,,,,Lauderdale,AL,9.9,8.2,7.4,14.1,17.5,24.2,9.0,,,0.5275,0.0,0.0,,,50.0154,,,,,,,,,20.5514,46.8539,38.6671,36.6881,56.8166,65.6461,38.7348,51.0355,50.0154,,44.2039,38.7348,51.0355,46.7102,1932.0,Lower combined pressure
42027,,,,,,,6.0546,0.045,Centre,PA,,,,,,,,,,-24.1264,0.0,0.0,,,50.0154,,,,,55.0388,60.4167,,,,,,,,,,9.0881,50.0154,57.7277,,,9.0881,46.6852,1933.0,Lower combined pressure
20109,,,,,,,,,Logan,KS,10.1,8.4,7.9,13.8,16.2,21.2,9.7,,,0.565,0.0,0.0,,,50.0154,,,,,,,,,29.2794,50.592,52.1313,31.2415,32.1719,32.3072,47.7165,57.2179,50.0154,,37.9539,47.7165,57.2179,46.6487,1934.0,Lower combined pressure
30007,,,,,,,,,Broadwater,MT,10.9,7.5,7.2,14.2,16.3,23.1,9.2,,,0.5262,0.0,0.0,,,50.0154,,,,,,,,,64.4621,33.1698,33.8464,38.498,33.8802,53.9073,41.475,50.8964,50.0154,,42.9606,41.475,50.8964,46.6426,1935.0,Lower combined pressure
13311,,,,,,,,,White,GA,9.9,8.4,7.9,15.0,16.7,21.1,11.5,,,0.3832,0.0,0.0,,,50.0154,,,,,,,,,20.5514,50.592,52.1313,53.0277,40.8153,31.0724,65.4093,30.9428,50.0154,,41.365,65.4093,30.9428,46.6415,1936.0,Lower combined pressure
13295,,,,,,,2.3927,,Walker,GA,10.2,8.8,7.7,15.8,18.0,21.6,12.7,,,0.574,0.0,0.0,,,50.0154,,,,,22.093,,,,33.4405,58.2206,46.431,66.3904,66.8978,36.502,74.3234,58.5162,50.0154,22.093,51.3137,74.3234,58.5162,46.6403,1937.0,Lower combined pressure
47189,,,,,,,,0.0446,Wilson,TN,10.4,6.8,5.9,13.1,17.7,27.0,9.6,,,0.3709,0.0,0.0,,,50.0154,,,,,,55.0781,,,42.6928,21.0927,11.3498,20.1116,60.8424,90.0203,46.6509,29.3663,50.0154,55.0781,41.0183,46.6509,29.3663,46.6304,1938.0,Lower combined pressure
20029,,,,,,,,,Cloud,KS,10.2,8.4,7.7,13.9,16.9,21.9,8.6,,,0.6029,0.0,0.0,,,50.0154,,,,,,,,,33.4405,50.592,46.431,33.2206,44.5704,39.885,32.6286,63.6167,50.0154,,41.3566,32.6286,63.6167,46.6244,1939.0,Lower combined pressure
21217,,,,,,,,,Taylor,KY,,,,,,,,,,0.4282,0.0,0.0,,,50.0154,,,,,,,,,,,,,,,,36.4451,50.0154,,,,36.4451,46.6228,1940.0,Lower combined pressure
17077,,,,,,,,,Jackson,IL,10.8,7.7,6.5,13.3,18.8,23.0,8.4,,,0.558,0.0,0.0,,,50.0154,,,,,,,,,60.2842,36.9249,19.5873,23.0886,80.7341,52.8417,29.4147,56.1978,50.0154,,45.5768,29.4147,56.1978,46.6134,1941.0,Lower combined pressure
08005,,,,,,,5.3992,0.0501,Arapahoe,CO,10.5,4.9,4.9,11.5,15.9,21.7,11.5,,,0.3352,0.0,0.0,,,50.0154,,,,,45.7364,93.8802,,,46.9046,3.1123,2.4865,4.7023,27.2327,37.7368,65.4093,25.1314,50.0154,69.8083,20.3625,65.4093,25.1314,46.6014,1942.0,Lower combined pressure
42071,,,,,,,2.6753,0.0442,Lancaster,PA,,,,,,,,,,0.5618,0.0,0.0,,,50.0154,,,,,23.9018,52.8646,,,,,,,,,,56.8779,50.0154,38.3832,,,56.8779,46.5973,1943.0,Lower combined pressure
20157,,,,,,,,,Republic,KS,10.1,9.9,9.6,14.9,15.7,20.3,8.5,,,0.501,0.0,0.0,,,50.0154,,,,,,,,,29.2794,76.3532,89.3606,51.1671,23.41,21.2957,31.0047,47.2025,50.0154,,48.4777,31.0047,47.2025,46.593,1944.0,Lower combined pressure
19193,,,,,,,7.6025,0.0448,Woodbury,IA,9.8,7.3,6.6,14.1,17.5,20.0,10.6,,,-33.9904,0.0,0.0,,,50.0154,,,,,82.5581,58.3984,,,16.6272,29.5162,21.4141,36.6881,56.8166,17.8281,56.935,8.0371,50.0154,70.4783,29.8151,56.935,8.0371,46.5752,1945.0,Lower combined pressure
20135,,,,,,,,,Ness,KS,9.8,8.7,8.5,14.0,15.2,19.9,10.4,,,0.5563,0.0,0.0,,,50.0154,,,,,,,,,16.6272,56.4445,68.9276,34.9797,16.8978,16.9317,55.5819,55.8423,50.0154,,35.1348,55.5819,55.8423,46.5743,1946.0,Lower combined pressure
29219,,,,,,,,,Warren,MO,10.5,8.7,7.3,15.1,17.8,24.9,8.9,,,0.3258,0.0,0.0,,,50.0154,,,,,,,,,46.9046,56.4445,36.3329,54.956,62.7876,73.1225,37.297,24.2349,50.0154,,55.0913,37.297,24.2349,46.5742,1947.0,Lower combined pressure
18105,,,,,,,6.4597,,Monroe,IN,11.0,6.4,5.4,11.7,18.9,27.1,7.0,,,0.4319,0.0,0.0,,,50.0154,,,,,62.6615,,,,68.9953,15.9168,6.0386,5.7679,82.3748,90.5785,9.5399,37.0634,50.0154,62.6615,44.9453,9.5399,37.0634,46.5667,1948.0,Lower combined pressure
31123,,,,,,,,,Morrill,NE,9.2,8.4,8.3,14.0,14.0,17.1,11.8,,,0.5963,0.0,0.0,,,50.0154,,,,,,,,,5.1421,50.592,63.1597,34.9797,6.7659,3.9073,68.0988,62.5348,50.0154,,27.4244,68.0988,62.5348,46.5655,1949.0,Lower combined pressure
13247,,,,,,,,0.043,Rockdale,GA,11.1,6.8,6.5,14.3,17.1,17.6,13.6,,,0.5545,0.0,0.0,,,50.0154,,,,,,37.6302,,,73.5284,21.0927,19.5873,40.3078,48.0717,5.2097,79.4317,55.425,50.0154,37.6302,34.6329,79.4317,55.425,46.5561,1950.0,Lower combined pressure
51119,,,,,,,,,Middlesex,VA,10.6,9.3,9.8,15.6,14.6,21.8,7.7,,,0.489,0.0,0.0,,,50.0154,,,,,,,,,51.2686,66.9486,91.5934,63.2273,11.4513,38.8363,18.7754,45.5951,50.0154,,53.8876,18.7754,45.5951,46.5514,1951.0,Lower combined pressure
02105,,,,,,,,,Hoonah-Angoon,AK,11.3,9.4,9.6,17.0,15.1,18.5,10.2,,,-999.0,0.0,0.0,,,50.0154,,,,,,,,,80.8863,68.3694,89.3606,81.8166,15.8999,7.7808,53.6536,1.9629,50.0154,,57.3523,53.6536,1.9629,46.5391,1952.0,Lower combined pressure
46049,,,,,,,,,Faulk,SD,10.3,9.4,9.5,14.8,15.4,21.1,9.3,,,0.4063,0.0,0.0,,,50.0154,,,,,,,,,38.0751,68.3694,87.8383,49.2896,19.2828,31.0724,42.7943,33.694,50.0154,,48.9879,42.7943,33.694,46.5339,1953.0,Lower combined pressure
37069,,,,,,,,,Franklin,NC,11.0,7.6,6.8,13.3,16.8,24.5,11.1,,,0.356,0.0,0.0,,,50.0154,,,,,,,,,68.9953,35.0812,25.406,23.0886,42.7267,68.4709,61.6204,27.2952,50.0154,,43.9614,61.6204,27.2952,46.5154,1954.0,Lower combined pressure
02282,,,,,,,,,Yakutat,AK,10.9,8.6,8.9,16.4,15.8,18.0,12.1,,,-999.0,0.0,0.0,,,50.0154,,,,,,,,,64.4621,54.6854,77.7233,74.6448,25.3214,6.4953,70.2639,1.9629,50.0154,,50.5554,70.2639,1.9629,46.4882,1955.0,Lower combined pressure
29107,,,,,,,,,Lafayette,MO,10.5,8.5,7.2,14.6,17.4,24.6,8.6,,,0.4489,0.0,0.0,,,50.0154,,,,,,,,,46.9046,52.6556,33.8464,45.4838,54.364,69.5873,32.6286,39.7218,50.0154,,50.4736,32.6286,39.7218,46.4774,1956.0,Lower combined pressure
55005,,,,,,,,,Barron,WI,10.9,8.2,8.3,14.6,15.6,23.7,8.0,,,0.5147,0.0,0.0,,,50.0154,,,,,,,,,64.4621,46.8539,63.1597,45.4838,22.0737,60.8762,23.1225,49.1808,50.0154,,50.4849,23.1225,49.1808,46.4749,1957.0,Lower combined pressure
32029,,,,,,,,,Storey,NV,10.3,8.1,8.4,14.4,14.7,19.7,8.7,,,0.6586,0.0,0.0,,,50.0154,,,,,,,,,38.0751,44.7903,66.0521,42.1685,12.3647,15.2064,34.2524,73.0448,50.0154,,36.4428,34.2524,73.0448,46.4601,1958.0,Lower combined pressure
48453,,,,,,,9.8258,0.0444,Travis,TX,9.2,4.0,4.1,10.3,15.9,22.1,13.9,,,-6.6059,0.0,0.0,,,50.0154,,,,,97.9328,53.5156,,,5.1421,0.3721,0.2537,1.0656,27.2327,42.1516,80.8356,12.643,50.0154,75.7242,12.703,80.8356,12.643,46.4593,1959.0,Lower combined pressure
55127,,,,,,,,0.0465,Walworth,WI,10.5,6.4,6.8,13.1,15.2,21.9,8.4,,,0.3425,0.0,0.0,,,50.0154,,,,,,76.0417,,,46.9046,15.9168,25.406,20.1116,16.8978,39.885,29.4147,26.1515,50.0154,76.0417,27.5203,29.4147,26.1515,46.4517,1960.0,Lower combined pressure
17195,,,,,,,,,Whiteside,IL,10.2,8.3,7.6,14.4,16.6,21.5,9.6,,,0.5248,0.0,0.0,,,50.0154,,,,,,,,,33.4405,48.6637,43.8092,42.1685,38.7855,35.318,46.6509,50.5719,50.0154,,40.3642,46.6509,50.5719,46.4239,1961.0,Lower combined pressure
13133,,,,,,,,,Greene,GA,9.7,7.9,8.6,14.4,14.1,17.5,11.0,,,0.5934,0.0,0.0,,,50.0154,,,,,,,,,13.5487,40.8829,71.6678,42.1685,7.3917,4.8545,60.724,62.1329,50.0154,,30.0857,60.724,62.1329,46.4156,1962.0,Lower combined pressure
39175,,,,,,,,,Wyandot,OH,10.7,8.4,7.6,14.0,17.0,24.6,7.4,,,0.5661,0.0,0.0,,,50.0154,,,,,,,,,55.8018,50.592,43.8092,34.9797,46.3972,69.5873,14.9188,57.3725,50.0154,,50.1945,14.9188,57.3725,46.3765,1963.0,Lower combined pressure
48085,,,,,,,,0.05,Collin,TX,8.9,4.1,4.3,10.2,14.6,20.0,10.1,,,-4.3225,0.0,0.0,,,50.0154,,,,,,93.75,,,1.9452,0.5582,0.4398,0.9641,11.4513,17.8281,52.3512,13.1376,50.0154,93.75,5.5311,52.3512,13.1376,46.3738,1964.0,Lower combined pressure
17105,,,,,,,,,Livingston,IL,10.5,8.4,7.3,14.2,17.2,22.0,8.8,,,0.5341,0.0,0.0,,,50.0154,,,,,,,,,46.9046,50.592,36.3329,38.498,50.203,41.0183,35.8085,51.9629,50.0154,,43.9248,35.8085,51.9629,46.3506,1965.0,Lower combined pressure
20141,,,,,,,,,Osborne,KS,10.0,9.3,9.4,14.5,15.5,20.1,8.3,,,0.5859,0.0,0.0,,,50.0154,,,,,,,,,24.8816,66.9486,86.316,43.8769,20.6867,18.9107,27.8417,60.6801,50.0154,,43.6034,27.8417,60.6801,46.3435,1966.0,Lower combined pressure
27151,,,,,,,,,Swift,MN,10.0,7.8,8.6,13.8,15.4,24.7,9.1,,,0.5237,0.0,0.0,,,50.0154,,,,,,,,,24.8816,38.887,71.6678,31.2415,19.2828,70.6867,40.1218,50.4482,50.0154,,42.7746,40.1218,50.4482,46.3404,1967.0,Lower combined pressure
39063,,,,,,,,,Hancock,OH,10.6,7.5,6.9,13.3,17.4,25.1,7.5,,,0.6427,0.0,0.0,,,50.0154,,,,,,,,,51.2686,33.1698,27.2666,23.0886,54.364,75.1691,16.3058,70.9892,50.0154,,44.0545,16.3058,70.9892,46.3303,1968.0,Lower combined pressure
26043,,,,,,,,,Dickinson,MI,11.3,9.2,8.3,14.8,17.0,27.5,5.9,,,0.3697,0.0,0.0,,,50.0154,,,,,,,,,80.8863,65.4093,63.1597,49.2896,46.3972,92.5237,2.5203,29.119,50.0154,,66.2776,2.5203,29.119,46.3173,1969.0,Lower combined pressure
20069,,,,,,,,,Gray,KS,10.2,7.6,7.0,13.5,16.9,21.0,12.9,,,0.4433,0.0,0.0,,,50.0154,,,,,,,,,33.4405,35.0812,29.161,26.6407,44.5704,29.7361,75.5074,38.9181,50.0154,,33.105,75.5074,38.9181,46.2979,1970.0,Lower combined pressure
35053,,,,,,,0.1902,,Socorro,NM,10.0,8.1,8.7,17.8,17.2,21.7,18.0,,,0.6981,0.0,0.0,,,50.0154,,,,,2.4548,,,,24.8816,44.7903,74.002,89.9019,50.203,37.7368,93.3187,79.4127,50.0154,2.4548,53.5859,93.3187,79.4127,46.2879,1971.0,Lower combined pressure
18115,,,,,,,,,Ohio,IN,11.1,9.6,8.4,15.0,16.7,25.0,7.3,,,0.338,0.0,0.0,,,50.0154,,,,,,,,,73.5284,71.5663,66.0521,53.0277,40.8153,74.205,13.4641,25.5332,50.0154,,63.1991,13.4641,25.5332,46.2722,1972.0,Lower combined pressure
20171,,,,,,,,,Scott,KS,9.5,6.9,7.1,12.6,15.0,19.1,11.1,,,0.7842,0.0,0.0,,,50.0154,,,,,,,,,9.6583,22.7165,31.4276,13.7009,14.9865,10.3687,61.6204,92.5039,50.0154,,17.1431,61.6204,92.5039,46.2704,1973.0,Lower combined pressure
13183,,,,,,,,,Long,GA,10.6,6.7,5.4,14.5,19.8,21.3,16.5,,,-199.392,0.0,0.0,,,50.0154,,,,,,,,,51.2686,19.6719,6.0386,43.8769,91.475,33.3897,90.1218,4.2968,50.0154,,40.9534,90.1218,4.2968,46.2464,1974.0,Lower combined pressure
18061,,,,,,,,,Harrison,IN,11.2,8.7,7.3,14.0,17.4,24.8,7.4,,,0.4764,0.0,0.0,,,50.0154,,,,,,,,,77.4357,56.4445,36.3329,34.9797,54.364,71.8539,14.9188,43.7713,50.0154,,55.2351,14.9188,43.7713,46.2432,1975.0,Lower combined pressure
51113,,,,,,,1.1408,0.0469,Madison,VA,10.8,8.2,7.8,14.7,16.4,23.4,8.4,,,0.4736,0.0,0.0,,,50.0154,,,,,12.2739,80.599,,,60.2842,46.8539,49.0866,47.3106,35.4533,57.4256,29.4147,43.3076,50.0154,46.4364,49.4023,29.4147,43.3076,46.2366,1976.0,Lower combined pressure
19013,,,,,,,7.073,,Black Hawk,IA,10.4,7.0,6.5,12.2,16.8,21.3,7.2,,,0.4468,0.0,0.0,,,50.0154,,,,,75.5814,,,,42.6928,24.3065,19.5873,9.4384,42.7267,33.3897,12.111,39.3509,50.0154,75.5814,28.6902,12.111,39.3509,46.2187,1977.0,Lower combined pressure
32017,,,,,,,,,Lincoln,NV,10.4,8.3,7.9,15.0,16.9,21.2,9.4,,,0.4408,0.0,0.0,,,50.0154,,,,,,,,,42.6928,48.6637,52.1313,53.0277,44.5704,32.3072,44.0291,38.5781,50.0154,,45.5655,44.0291,38.5781,46.209,1978.0,Lower combined pressure
26057,,,,,,,,,Gratiot,MI,11.3,8.8,7.3,14.8,18.8,26.9,8.2,,,-99.3055,0.0,0.0,,,50.0154,,,,,,,,,80.8863,58.2206,36.3329,49.2896,80.7341,89.3437,26.3024,5.4714,50.0154,,65.8012,26.3024,5.4714,46.1764,1979.0,Lower combined pressure
20101,,,,,,,,,Lane,KS,10.1,8.3,8.3,13.8,15.4,20.4,9.3,,,0.6056,0.0,0.0,,,50.0154,,,,,,,,,29.2794,48.6637,63.1597,31.2415,19.2828,22.6658,42.7943,64.0804,50.0154,,35.7155,42.7943,64.0804,46.1613,1980.0,Lower combined pressure
28087,,,,,,,,,Lowndes,MS,10.1,8.0,7.2,14.2,16.9,19.0,11.0,,,0.5373,0.0,0.0,,,50.0154,,,,,,,,,29.2794,42.7436,33.8464,38.498,44.5704,9.8275,60.724,52.5502,50.0154,,33.1275,60.724,52.5502,46.1519,1981.0,Lower combined pressure
35049,,,,,,,2.9833,0.0497,Santa Fe,NM,9.2,6.3,7.6,14.1,13.1,21.9,13.1,,,0.3357,0.0,0.0,,,50.0154,,,,,26.7442,93.2292,,,5.1421,14.6651,43.8092,36.6881,1.9621,39.885,76.9621,25.2241,50.0154,59.9867,23.6919,76.9621,25.2241,46.1429,1982.0,Lower combined pressure
13049,,,,,,,0.3796,,Charlton,GA,10.0,9.1,7.8,17.0,19.2,20.1,21.2,,,0.6023,0.0,0.0,,,50.0154,,,,,6.5891,,,,24.8816,63.6333,49.0866,81.8166,85.9269,18.9107,96.1942,63.524,50.0154,6.5891,54.0426,96.1942,63.524,46.1344,1983.0,Lower combined pressure
47009,,,,,,,1.6765,0.0448,Blount,TN,10.5,9.0,7.5,15.1,18.5,29.3,10.2,,,-63.9139,0.0,0.0,,,50.0154,,,,,16.4083,58.8542,,,46.9046,61.8572,41.0859,54.956,76.387,95.9235,53.6536,6.3369,50.0154,37.6312,62.8524,53.6536,6.3369,46.1246,1984.0,Lower combined pressure
51183,,,,,,,,,Sussex,VA,11.3,8.0,7.4,15.0,17.8,20.2,11.7,,,-199.2934,0.0,0.0,,,50.0154,,,,,,,,,80.8863,42.7436,38.6671,53.0277,62.7876,20.1116,67.1516,4.4513,50.0154,,49.704,67.1516,4.4513,46.1212,1985.0,Lower combined pressure
06023,,,,,,,6.3984,0.0328,Humboldt,CA,11.0,7.6,7.1,14.9,19.7,26.1,7.5,,,0.6173,0.0,0.0,,,50.0154,,,,,60.3359,2.0833,,,68.9953,35.0812,31.4276,51.1671,90.5616,83.9986,16.3058,66.2442,50.0154,31.2096,60.2052,16.3058,66.2442,46.1133,1986.0,Lower combined pressure
39025,,,,,,,4.543,0.0471,Clermont,OH,10.6,7.6,7.0,13.3,17.2,25.7,7.2,,,0.4319,0.0,0.0,,,50.0154,,,,,37.3385,82.2917,,,51.2686,35.0812,29.161,23.0886,50.203,80.8525,12.111,37.0325,50.0154,59.8151,44.9425,12.111,37.0325,46.1084,1987.0,Lower combined pressure
04019,,,,,,,1.3389,0.0501,Pima,AZ,10.9,6.8,6.7,13.6,16.3,22.8,12.7,,,-21.8019,0.0,0.0,,,50.0154,,,,,13.6951,94.1406,,,64.4621,21.0927,23.3593,28.366,33.8802,50.406,74.3234,9.5827,50.0154,53.9179,36.9277,74.3234,9.5827,46.1066,1988.0,Lower combined pressure
28155,,,,,,,,,Webster,MS,9.7,8.5,7.3,14.7,16.7,20.2,10.7,,,0.521,0.0,0.0,,,50.0154,,,,,,,,,13.5487,52.6556,36.3329,47.3106,40.8153,20.1116,57.8654,50.0464,50.0154,,35.1291,57.8654,50.0464,46.1041,1989.0,Lower combined pressure
06007,,,,,,,1.6741,0.0441,Butte,CA,10.5,6.8,6.5,14.1,19.1,25.6,8.3,,,0.7,0.0,0.0,,,50.0154,,,,,16.1499,50.1302,,,46.9046,21.0927,19.5873,36.6881,84.8951,79.9222,27.8417,79.7527,50.0154,33.14,48.1817,27.8417,79.7527,46.0945,1990.0,Lower combined pressure
18073,,,,,,,,,Jasper,IN,10.9,8.4,7.2,14.4,17.3,24.8,8.4,,,0.4145,0.0,0.0,,,50.0154,,,,,,,,,64.4621,50.592,33.8464,42.1685,52.3681,71.8539,29.4147,34.8377,50.0154,,52.5485,29.4147,34.8377,46.0893,1991.0,Lower combined pressure
20065,,,,,,,,,Graham,KS,10.1,9.4,9.5,14.5,15.1,19.6,8.4,,,0.5709,0.0,0.0,,,50.0154,,,,,,,,,29.2794,68.3694,87.8383,43.8769,15.8999,14.2422,29.4147,58.0216,50.0154,,43.251,29.4147,58.0216,46.0814,1992.0,Lower combined pressure
17117,,,,,,,,0.0439,Macoupin,IL,10.6,9.1,7.7,14.7,17.3,22.9,7.8,,,0.4427,0.0,0.0,,,50.0154,,,,,,48.5677,,,51.2686,63.6333,46.431,47.3106,52.3681,51.7253,20.2131,38.7944,50.0154,48.5677,52.1228,20.2131,38.7944,46.078,1993.0,Lower combined pressure
20119,,,,,,,,,Meade,KS,10.0,8.0,7.6,14.1,16.2,20.3,12.8,,,0.4297,0.0,0.0,,,50.0154,,,,,,,,,24.8816,42.7436,43.8092,36.6881,32.1719,21.2957,74.8647,36.677,50.0154,,33.5983,74.8647,36.677,46.0778,1994.0,Lower combined pressure
49033,,,,,,,,,Rich,UT,11.0,6.9,7.3,14.2,16.5,26.1,8.6,,,0.4707,0.0,0.0,,,50.0154,,,,,,,,,68.9953,22.7165,36.3329,38.498,37.0095,83.9986,32.6286,42.8748,50.0154,,47.9251,32.6286,42.8748,46.0483,1995.0,Lower combined pressure
18013,,,,,,,,0.0446,Brown,IN,10.9,9.5,8.5,14.7,15.8,24.1,6.8,,,0.3065,0.0,0.0,,,50.0154,,,,,,55.3385,,,64.4621,69.9763,68.9276,47.3106,25.3214,64.5636,7.6286,22.5039,50.0154,55.3385,56.7603,7.6286,22.5039,46.0426,1996.0,Lower combined pressure
49003,,,,,,,6.2795,0.0422,Box Elder,UT,11.1,5.6,5.4,13.3,17.9,26.5,10.3,,,0.4085,0.0,0.0,,,50.0154,,,,,58.3979,31.6406,,,73.5284,7.5947,6.0386,23.0886,64.9019,86.6543,54.7023,34.034,50.0154,45.0193,43.6344,54.7023,34.034,46.0417,1997.0,Lower combined pressure
48253,,,,,,,,,Jones,TX,9.5,7.5,6.6,14.9,18.4,21.4,22.3,,,-166.0173,0.0,0.0,,,50.0154,,,,,,,,,9.6583,33.1698,21.4141,51.1671,74.5264,34.3369,96.9723,4.6677,50.0154,,37.3788,96.9723,4.6677,46.0178,1998.0,Lower combined pressure
22019,,,,,,,8.4235,0.0399,Calcasieu,LA,10.2,8.1,7.2,14.7,19.0,27.5,8.3,,,-35.0663,0.0,0.0,,,50.0154,,,,,90.4393,17.0573,,,33.4405,44.7903,33.8464,47.3106,83.7788,92.5237,27.8417,8.0062,50.0154,53.7483,55.9484,27.8417,8.0062,46.0136,1999.0,Lower combined pressure
31161,,,,,,,,,Sheridan,NE,9.5,8.7,8.9,14.1,13.3,16.4,9.8,,,0.6308,0.0,0.0,,,50.0154,,,,,,,,,9.6583,56.4445,77.7233,36.6881,2.7402,1.979,48.7483,68.7481,50.0154,,30.8722,48.7483,68.7481,45.9631,2000.0,Lower combined pressure
17015,,,,,,,,,Carroll,IL,10.1,9.0,8.2,14.6,16.6,21.3,9.1,,,0.4659,0.0,0.0,,,50.0154,,,,,,,,,29.2794,61.8572,60.3857,45.4838,38.7855,33.3897,40.1218,42.1638,50.0154,,44.8636,40.1218,42.1638,45.9321,2001.0,Lower combined pressure
41039,,,,,,,3.7834,0.0393,Lane,OR,12.2,7.5,6.8,14.1,18.8,27.4,8.1,,,0.681,0.0,0.0,,,50.0154,,,,,31.3953,13.6719,,,95.5514,33.1698,25.406,36.6881,80.7341,92.067,24.7294,76.4451,50.0154,22.5336,60.6027,24.7294,76.4451,45.9062,2002.0,Lower combined pressure
22055,,,,,,,8.5493,0.0417,Lafayette,LA,9.7,7.2,6.5,13.5,18.2,25.9,7.9,,,0.4305,0.0,0.0,,,50.0154,,,,,91.9897,27.9948,,,13.5487,27.6894,19.5873,26.6407,70.6698,82.5947,21.6171,36.847,50.0154,59.9922,40.1218,21.6171,36.847,45.8795,2003.0,Lower combined pressure
48061,,,,,,,15.6475,0.0352,Cameron,TX,8.7,6.2,7.1,16.2,16.5,18.9,35.9,,,-15.8353,0.0,0.0,,,50.0154,,,,,99.8708,4.1667,,,0.9472,13.6502,31.4276,72.1583,37.0095,9.2862,99.5264,10.5719,50.0154,52.0187,27.4132,99.5264,10.5719,45.8724,2004.0,Lower combined pressure
20095,,,,,,,,,Kingman,KS,10.2,8.2,7.4,13.6,16.5,21.3,8.8,,,0.6235,0.0,0.0,,,50.0154,,,,,,,,,33.4405,46.8539,38.6671,28.366,37.0095,33.3897,35.8085,67.4498,50.0154,,36.2878,35.8085,67.4498,45.8699,2005.0,Lower combined pressure
17001,,,,,,,,0.0456,Adams,IL,10.3,8.1,7.3,13.5,16.7,22.4,7.3,,,0.4025,0.0,0.0,,,50.0154,,,,,,66.1458,,,38.0751,44.7903,36.3329,26.6407,40.8153,45.1455,13.4641,33.1685,50.0154,66.1458,38.6333,13.4641,33.1685,45.8627,2006.0,Lower combined pressure
31049,,,,,,,,,Deuel,NE,9.3,8.5,9.1,14.1,13.0,16.9,9.1,,,0.6887,0.0,0.0,,,50.0154,,,,,,,,,6.6475,52.6556,81.4783,36.6881,1.59,3.3153,40.1218,77.7434,50.0154,,30.3958,40.1218,77.7434,45.8535,2007.0,Lower combined pressure
29029,,,,,,,,,Camden,MO,10.3,10.2,9.4,16.0,15.5,23.0,7.9,,,0.3569,0.0,0.0,,,50.0154,,,,,,,,,38.0751,80.2943,86.316,69.3505,20.6867,52.8417,21.6171,27.357,50.0154,,57.9274,21.6171,27.357,45.8452,2008.0,Lower combined pressure
29071,,,,,,,,,Franklin,MO,10.4,8.5,7.3,14.8,17.1,25.6,8.1,,,0.4517,0.0,0.0,,,50.0154,,,,,,,,,42.6928,52.6556,36.3329,49.2896,48.0717,79.9222,24.7294,40.1236,50.0154,,51.4941,24.7294,40.1236,45.8179,2009.0,Lower combined pressure
30017,,,,,,,5.3354,0.0442,Custer,MT,11.0,7.4,6.8,14.1,16.9,24.0,9.1,,,0.3984,0.0,0.0,,,50.0154,,,,,45.478,52.474,,,68.9953,31.3092,25.406,36.6881,44.5704,63.6164,40.1218,32.7666,50.0154,48.976,45.0975,40.1218,32.7666,45.8118,2010.0,Lower combined pressure
36017,,,,,,,,,Chenango,NY,11.2,9.0,8.1,15.1,16.9,21.1,6.4,,,0.535,0.0,0.0,,,50.0154,,,,,,,,,77.4357,61.8572,57.747,54.956,44.5704,31.0724,4.8376,52.1484,50.0154,,54.6065,4.8376,52.1484,45.8064,2011.0,Lower combined pressure
48425,,,,,,,,,Somervell,TX,9.9,7.1,6.9,13.8,16.5,23.1,13.4,,,0.4037,0.0,0.0,,,50.0154,,,,,,,,,20.5514,25.9303,27.2666,31.2415,37.0095,53.9073,78.366,33.3849,50.0154,,32.6511,78.366,33.3849,45.79,2012.0,Lower combined pressure
47093,,,,,,,3.365,0.043,Knox,TN,10.6,7.4,6.2,13.3,19.0,30.7,9.9,,,0.5044,0.0,0.0,,,50.0154,,,,,28.9406,37.8906,,,51.2686,31.3092,15.3248,23.0886,83.7788,98.7991,49.7124,48.0371,50.0154,33.4156,50.5948,49.7124,48.0371,45.7822,2013.0,Lower combined pressure
42053,,,,,,,,,Forest,PA,,,,,,,,,,0.4013,0.0,0.0,,,50.0154,,,,,,,,,,,,,,,,33.0448,50.0154,,,,33.0448,45.7728,2014.0,Lower combined pressure
29001,,,,,,,,,Adair,MO,10.9,7.5,6.1,13.5,19.7,27.6,8.2,,,0.3987,0.0,0.0,,,50.0154,,,,,,,,,64.4621,33.1698,13.9378,26.6407,90.5616,92.9127,26.3024,32.7975,50.0154,,53.6141,26.3024,32.7975,45.7575,2015.0,Lower combined pressure
20005,,,,,,,,,Atchison,KS,10.4,7.6,6.9,13.0,17.8,21.7,8.8,,,0.6052,0.0,0.0,,,50.0154,,,,,,,,,42.6928,35.0812,27.2666,18.5724,62.7876,37.7368,35.8085,63.8949,50.0154,,37.3562,35.8085,63.8949,45.752,2016.0,Lower combined pressure
27165,,,,,,,,,Watonwan,MN,9.6,6.9,7.6,13.8,15.0,22.3,13.4,,,0.4823,0.0,0.0,,,50.0154,,,,,,,,,11.4344,22.7165,43.8092,31.2415,14.9865,44.1137,78.366,44.575,50.0154,,28.0503,78.366,44.575,45.7484,2017.0,Lower combined pressure
31107,,,,,,,,0.0447,Knox,NE,9.5,9.0,8.9,14.2,14.1,16.8,8.9,,,0.4854,0.0,0.0,,,50.0154,,,,,,56.901,,,9.6583,61.8572,77.7233,38.498,7.3917,2.9939,37.297,45.255,50.0154,56.901,33.0204,37.297,45.255,45.7402,2018.0,Lower combined pressure
40053,,,,,,,0.4264,,Grant,OK,11.0,9.2,8.8,15.1,16.8,24.2,9.6,,,0.7384,0.0,0.0,,,50.0154,,,,,7.6227,,,,68.9953,65.4093,75.9303,54.956,42.7267,65.6461,46.6509,85.8423,50.0154,7.6227,62.2773,46.6509,85.8423,45.729,2019.0,Lower combined pressure
19137,,,,,,,5.9819,0.0437,Montgomery,IA,10.2,8.6,8.1,14.3,16.5,20.5,7.4,,,0.6067,0.0,0.0,,,50.0154,,,,,54.1344,45.8333,,,33.4405,54.6854,57.747,40.3078,37.0095,24.1543,14.9188,64.2349,50.0154,49.9839,41.2241,14.9188,64.2349,45.722,2020.0,Lower combined pressure
51109,,,,,,,,,Louisa,VA,10.9,8.1,7.5,14.9,16.6,23.0,8.6,,,0.4379,0.0,0.0,,,50.0154,,,,,,,,,64.4621,44.7903,41.0859,51.1671,38.7855,52.8417,32.6286,38.0835,50.0154,,48.8554,32.6286,38.0835,45.7196,2021.0,Lower combined pressure
46025,,,,,,,,,Clark,SD,9.8,8.4,8.6,13.9,14.6,19.9,10.4,,,0.5412,0.0,0.0,,,50.0154,,,,,,,,,16.6272,50.592,71.6678,33.2206,11.4513,16.9317,55.5819,53.2303,50.0154,,33.4151,55.5819,53.2303,45.6528,2022.0,Lower combined pressure
13151,,,,,,,6.9657,0.0447,Henry,GA,10.6,5.5,5.2,12.6,16.9,17.6,11.7,,,0.3271,0.0,0.0,,,50.0154,,,,,73.385,56.5104,,,51.2686,6.6137,4.4993,13.7009,44.5704,5.2097,67.1516,24.3895,50.0154,64.9477,20.9771,67.1516,24.3895,45.6399,2023.0,Lower combined pressure
56001,,,,,,,2.4247,0.0544,Albany,WY,10.4,5.1,4.7,10.9,17.1,23.7,10.3,,,0.3968,0.0,0.0,,,50.0154,,,,,22.6098,99.2188,,,42.6928,4.0934,1.387,2.571,48.0717,60.8762,54.7023,32.4884,50.0154,60.9143,26.6154,54.7023,32.4884,45.6061,2024.0,Lower combined pressure
27047,,,,,,,,,Freeborn,MN,9.9,7.4,8.1,13.8,15.5,22.6,9.8,,,0.5568,0.0,0.0,,,50.0154,,,,,,,,,20.5514,31.3092,57.747,31.2415,20.6867,47.7165,48.7483,55.9815,50.0154,,34.8754,48.7483,55.9815,45.5953,2025.0,Lower combined pressure
19043,,,,,,,,,Clayton,IA,10.0,9.7,9.1,15.2,16.1,19.5,7.7,,,0.5587,0.0,0.0,,,50.0154,,,,,,,,,24.8816,73.1055,81.4783,56.8843,30.4635,13.3965,18.7754,56.3524,50.0154,,46.7016,18.7754,56.3524,45.5904,2026.0,Lower combined pressure
26099,,,,,,,6.9244,0.0442,Macomb,MI,11.3,8.2,6.8,14.1,17.4,26.0,6.5,,,-28.3182,0.0,0.0,,,50.0154,,,,,72.4806,51.6927,,,80.8863,46.8539,25.406,36.6881,54.364,83.3221,5.4635,8.5935,50.0154,62.0867,54.5867,5.4635,8.5935,45.5787,2027.0,Lower combined pressure
23015,,,,,,,,,Lincoln,ME,12.1,8.6,8.4,14.1,16.1,26.5,7.2,,,0.3397,0.0,0.0,,,50.0154,,,,,,,,,94.7226,54.6854,66.0521,36.6881,30.4635,86.6543,12.111,25.8114,50.0154,,61.5443,12.111,25.8114,45.5773,2028.0,Lower combined pressure
48325,,,,,,,,,Medina,TX,9.2,6.1,6.6,14.3,16.0,20.6,21.6,,,0.4461,0.0,0.0,,,50.0154,,,,,,,,,5.1421,12.7199,21.4141,40.3078,28.8058,25.3552,96.5663,39.2272,50.0154,,22.2908,96.5663,39.2272,45.5422,2029.0,Lower combined pressure
29147,,,,,,,,,Nodaway,MO,10.6,7.7,6.7,13.8,19.0,26.2,8.2,,,0.4203,0.0,0.0,,,50.0154,,,,,,,,,51.2686,36.9249,23.3593,31.2415,83.7788,84.6245,26.3024,35.456,50.0154,,51.8663,26.3024,35.456,45.5294,2030.0,Lower combined pressure
16055,,,,,,,5.8657,,Kootenai,ID,10.7,7.2,6.7,14.3,16.1,23.7,8.8,,,0.4511,0.0,0.0,,,50.0154,,,,,51.8088,,,,55.8018,27.6894,23.3593,40.3078,30.4635,60.8762,35.8085,40.0309,50.0154,51.8088,39.7497,35.8085,40.0309,45.4782,2031.0,Lower combined pressure
27021,,,,,,,6.0824,,Cass,MN,10.2,8.2,9.0,14.5,15.2,23.0,7.4,,,0.4271,0.0,0.0,,,50.0154,,,,,55.814,,,,33.4405,46.8539,79.5839,43.8769,16.8978,52.8417,14.9188,36.3215,50.0154,55.814,45.5824,14.9188,36.3215,45.4777,2032.0,Lower combined pressure
48367,,,,,,,,0.0443,Parker,TX,10.1,6.4,5.9,12.7,16.9,24.0,12.1,,,0.3401,0.0,0.0,,,50.0154,,,,,,53.3854,,,29.2794,15.9168,11.3498,14.8681,44.5704,63.6164,70.2639,25.8423,50.0154,53.3854,29.9335,70.2639,25.8423,45.445,2033.0,Lower combined pressure
17109,,,,,,,,,McDonough,IL,10.6,7.9,6.8,13.5,18.6,23.8,8.0,,,0.5131,0.0,0.0,,,50.0154,,,,,,,,,51.2686,40.8829,25.406,26.6407,77.9601,61.8234,23.1225,48.9954,50.0154,,47.3303,23.1225,48.9954,45.3986,2034.0,Lower combined pressure
05045,,,,,,,,,Faulkner,AR,10.2,6.7,6.0,13.5,18.8,26.4,9.1,,,0.4669,0.0,0.0,,,50.0154,,,,,,,,,33.4405,19.6719,12.6522,26.6407,80.7341,85.8593,40.1218,42.3802,50.0154,,43.1664,40.1218,42.3802,45.3952,2035.0,Lower combined pressure
01115,,,,,,,,,St. Clair,AL,10.0,7.9,7.1,14.2,17.4,25.0,9.2,,,0.441,0.0,0.0,,,50.0154,,,,,,,,,24.8816,40.8829,31.4276,38.498,54.364,74.205,41.475,38.609,50.0154,,44.0432,41.475,38.609,45.3651,2036.0,Lower combined pressure
42115,,,,,,,5.1422,,Susquehanna,PA,,,,,,,,,,0.4251,0.0,0.0,,,50.0154,,,,,43.4109,,,,,,,,,,,36.0433,50.0154,43.4109,,,36.0433,45.3256,2037.0,Lower combined pressure
51630,,,,,,,,,Fredericksburg,VA,11.3,5.2,4.8,12.1,18.4,24.8,8.8,,,0.5404,0.0,0.0,,,50.0154,,,,,,,,,80.8863,4.5839,1.8775,8.6096,74.5264,71.8539,35.8085,53.1066,50.0154,,40.3896,35.8085,53.1066,45.3247,2038.0,Lower combined pressure
19051,,,,,,,,,Davis,IA,10.3,8.5,7.6,14.4,17.3,21.5,8.8,,,0.478,0.0,0.0,,,50.0154,,,,,,,,,38.0751,52.6556,43.8092,42.1685,52.3681,35.318,35.8085,43.8949,50.0154,,44.0657,35.8085,43.8949,45.3219,2039.0,Lower combined pressure
51155,,,,,,,,,Pulaski,VA,10.9,9.0,8.3,15.5,17.4,24.1,8.5,,,-166.0316,0.0,0.0,,,50.0154,,,,,,,,,64.4621,61.8572,63.1597,61.6204,54.364,64.5636,31.0047,4.6368,50.0154,,61.6712,31.0047,4.6368,45.3154,2040.0,Lower combined pressure
55129,,,,,,,,,Washburn,WI,11.0,8.9,9.2,15.1,14.7,21.6,7.4,,,0.4727,0.0,0.0,,,50.0154,,,,,,,,,68.9953,60.1488,83.2544,54.956,12.3647,36.502,14.9188,43.0912,50.0154,,52.7035,14.9188,43.0912,45.3087,2041.0,Lower combined pressure
17007,,,,,,,,,Boone,IL,10.0,7.4,6.7,13.9,16.7,21.5,11.8,,,0.4689,0.0,0.0,,,50.0154,,,,,,,,,24.8816,31.3092,23.3593,33.2206,40.8153,35.318,68.0988,42.7202,50.0154,,31.484,68.0988,42.7202,45.2767,2042.0,Lower combined pressure
13297,,,,,,,,,Walton,GA,10.3,7.3,6.6,14.3,17.3,20.4,12.9,,,0.3688,0.0,0.0,,,50.0154,,,,,,,,,38.0751,29.5162,21.4141,40.3078,52.3681,22.6658,75.5074,28.8717,50.0154,,34.0578,75.5074,28.8717,45.276,2043.0,Lower combined pressure
39123,,,,,,,,,Ottawa,OH,10.5,8.5,8.5,14.3,15.5,23.6,7.0,,,0.5779,0.0,0.0,,,50.0154,,,,,,,,,46.9046,52.6556,68.9276,40.3078,20.6867,59.726,9.5399,59.3818,50.0154,,48.2014,9.5399,59.3818,45.2629,2044.0,Lower combined pressure
24043,,,,,,,4.7637,0.0457,Washington,MD,10.7,8.4,7.2,14.3,16.9,22.9,9.4,,,-27.1379,0.0,0.0,,,50.0154,,,,,39.7933,67.7083,,,55.8018,50.592,33.8464,40.3078,44.5704,51.7253,44.0291,8.8099,50.0154,53.7508,46.1406,44.0291,8.8099,45.2614,2045.0,Lower combined pressure
20107,,,,,,,,,Linn,KS,10.2,8.4,8.0,13.9,16.0,20.2,8.2,,,0.6421,0.0,0.0,,,50.0154,,,,,,,,,33.4405,50.592,55.0744,33.2206,28.8058,20.1116,26.3024,70.9119,50.0154,,36.8742,26.3024,70.9119,45.2595,2046.0,Lower combined pressure
04023,,,,,,,3.7342,,Santa Cruz,AZ,9.4,6.8,7.5,16.1,14.7,16.0,25.7,,,0.5929,0.0,0.0,,,50.0154,,,,,31.2661,,,,8.0176,21.0927,41.0859,70.8728,12.3647,1.387,97.9364,61.9165,50.0154,31.2661,25.8035,97.9364,61.9165,45.2573,2047.0,Lower combined pressure
18163,,,,,,,2.3322,0.0457,Vanderburgh,IN,11.5,8.6,7.3,14.3,18.3,27.1,8.2,,,-67.1558,0.0,0.0,,,50.0154,,,,,21.447,67.4479,,,86.316,54.6854,36.3329,40.3078,72.615,90.5785,26.3024,6.2133,50.0154,44.4475,63.4726,26.3024,6.2133,45.2362,2048.0,Lower combined pressure
30059,,,,,,,,,Meagher,MT,10.8,8.9,9.1,15.3,15.0,22.4,8.8,,,0.2764,0.0,0.0,,,50.0154,,,,,,,,,60.2842,60.1488,81.4783,58.7449,14.9865,45.1455,35.8085,19.7527,50.0154,,53.4647,35.8085,19.7527,45.2359,2049.0,Lower combined pressure
55123,,,,,,,,,Vernon,WI,11.0,8.5,8.4,14.8,15.9,22.9,8.0,,,0.4102,0.0,0.0,,,50.0154,,,,,,,,,68.9953,52.6556,66.0521,49.2896,27.2327,51.7253,23.1225,34.1886,50.0154,,52.6584,23.1225,34.1886,45.2004,2050.0,Lower combined pressure
15005,,,,,,,,,Kalawao,HI,10.2,9.8,12.8,18.1,13.6,14.3,10.9,,,-999.0,0.0,0.0,,,50.0154,,,,,,,,,33.4405,74.7124,99.8816,92.1008,4.3978,0.4398,59.8275,1.9629,50.0154,,50.8288,59.8275,1.9629,45.1878,2051.0,Lower combined pressure
31043,,,,,,,,,Dakota,NE,8.9,6.3,6.3,12.7,14.3,15.9,17.5,,,0.6538,0.0,0.0,,,50.0154,,,,,,,,,1.9452,14.6651,16.6272,14.8681,8.7111,1.2517,92.27,72.3957,50.0154,,9.6781,92.27,72.3957,45.1876,2052.0,Lower combined pressure
46103,,,,,,,6.908,,Pennington,SD,10.2,6.8,7.0,12.5,14.8,21.0,8.5,,,0.3946,0.0,0.0,,,50.0154,,,,,72.2222,,,,33.4405,21.0927,29.161,12.4662,13.3119,29.7361,31.0047,32.2411,50.0154,72.2222,23.2014,31.0047,32.2411,45.1851,2053.0,Lower combined pressure
23019,,,,,,,1.8953,0.0383,Penobscot,ME,13.3,8.6,7.7,15.5,19.4,28.8,8.4,,,0.536,0.0,0.0,,,50.0154,,,,,17.8295,9.8958,,,99.2219,54.6854,46.431,61.6204,87.8214,95.0271,29.4147,52.272,50.0154,13.8626,74.1345,29.4147,52.272,45.1726,2054.0,Lower combined pressure
26075,,,,,,,,,Jackson,MI,11.6,8.7,7.5,14.9,18.5,27.0,7.1,,,-21.1512,0.0,0.0,,,50.0154,,,,,,,,,88.5149,56.4445,41.0859,51.1671,76.387,90.0203,10.8424,9.6754,50.0154,,67.27,10.8424,9.6754,45.1652,2055.0,Lower combined pressure
31163,,,,,,,,,Sherman,NE,9.3,8.8,9.0,13.9,13.5,16.7,9.1,,,0.6479,0.0,0.0,,,50.0154,,,,,,,,,6.6475,58.2206,79.5839,33.2206,3.9073,2.8248,40.1218,71.7156,50.0154,,30.7341,40.1218,71.7156,45.1625,2056.0,Lower combined pressure
20127,,,,,,,,,Morris,KS,9.9,8.9,8.8,14.3,15.2,19.7,8.5,,,0.5938,0.0,0.0,,,50.0154,,,,,,,,,20.5514,60.1488,75.9303,40.3078,16.8978,15.2064,31.0047,62.1947,50.0154,,38.1738,31.0047,62.1947,45.1574,2057.0,Lower combined pressure
55003,,,,,,,4.7025,0.0353,Ashland,WI,11.4,8.6,8.4,15.4,16.6,25.2,8.2,,,0.6001,0.0,0.0,,,50.0154,,,,,38.7597,4.2969,,,83.7957,54.6854,66.0521,60.2334,38.7855,76.0487,26.3024,63.1839,50.0154,21.5283,63.2668,26.3024,63.1839,45.152,2058.0,Lower combined pressure
17089,,,,,,,7.1741,0.0456,Kane,IL,9.3,5.7,5.7,12.1,15.0,18.6,11.6,,,0.3915,0.0,0.0,,,50.0154,,,,,77.0026,66.9271,,,6.6475,8.4574,9.1171,8.6096,14.9865,8.1867,66.1874,31.932,50.0154,71.9648,9.3341,66.1874,31.932,45.1413,2059.0,Lower combined pressure
01079,,,,,,,0.4143,,Lawrence,AL,10.5,9.8,8.4,16.2,18.3,24.9,10.5,,,0.5691,0.0,0.0,,,50.0154,,,,,7.3643,,,,46.9046,74.7124,66.0521,72.1583,72.615,73.1225,56.2585,57.6816,50.0154,7.3643,67.5942,56.2585,57.6816,45.1383,2060.0,Lower combined pressure
17041,,,,,,,,,Douglas,IL,10.4,8.0,6.9,14.0,17.4,22.6,9.4,,,0.4527,0.0,0.0,,,50.0154,,,,,,,,,42.6928,42.7436,27.2666,34.9797,54.364,47.7165,44.0291,40.3709,50.0154,,41.6272,44.0291,40.3709,45.1352,2061.0,Lower combined pressure
19197,,,,,,,,,Wright,IA,9.9,8.7,8.6,14.5,15.6,19.5,9.9,,,0.476,0.0,0.0,,,50.0154,,,,,,,,,20.5514,56.4445,71.6678,43.8769,22.0737,13.3965,49.7124,43.6476,50.0154,,38.0018,49.7124,43.6476,45.1214,2062.0,Lower combined pressure
50019,,,,,,,,,Orleans,VT,11.5,8.3,7.6,14.7,17.0,24.8,7.1,,,0.4075,0.0,0.0,,,50.0154,,,,,,,,,86.316,48.6637,43.8092,47.3106,46.3972,71.8539,10.8424,33.9413,50.0154,,57.3917,10.8424,33.9413,45.1079,2063.0,Lower combined pressure
31029,,,,,,,,,Chase,NE,9.1,7.7,8.1,13.1,13.1,16.3,11.2,,,0.6699,0.0,0.0,,,50.0154,,,,,,,,,3.6874,36.9249,57.747,20.1116,1.9621,1.8099,62.703,74.5286,50.0154,,20.3738,62.703,74.5286,45.095,2064.0,Lower combined pressure
17103,,,,,,,,,Lee,IL,10.2,8.4,7.6,14.2,16.6,21.2,9.1,,,0.5141,0.0,0.0,,,50.0154,,,,,,,,,33.4405,50.592,43.8092,38.498,38.7855,32.3072,40.1218,49.0881,50.0154,,39.5721,40.1218,49.0881,45.0915,2065.0,Lower combined pressure
55065,,,,,,,,,Lafayette,WI,10.9,8.0,7.9,14.7,16.4,24.0,8.8,,,0.3311,0.0,0.0,,,50.0154,,,,,,,,,64.4621,42.7436,52.1313,47.3106,35.4533,63.6164,35.8085,24.8532,50.0154,,50.9529,35.8085,24.8532,45.0787,2066.0,Lower combined pressure
31087,,,,,,,,,Hitchcock,NE,9.3,8.5,8.7,13.7,13.7,17.2,8.8,,,0.7029,0.0,0.0,,,50.0154,,,,,,,,,6.6475,52.6556,74.002,29.6177,5.0406,4.1272,35.8085,80.4019,50.0154,,28.6818,35.8085,80.4019,45.0615,2067.0,Lower combined pressure
39129,,,,,,,,,Pickaway,OH,11.0,8.5,7.1,14.4,18.5,26.9,8.5,,,-61.8424,0.0,0.0,,,50.0154,,,,,,,,,68.9953,52.6556,31.4276,42.1685,76.387,89.3437,31.0047,6.4606,50.0154,,60.1629,31.0047,6.4606,45.0559,2068.0,Lower combined pressure
28067,,,,,,,,,Jones,MS,9.9,9.3,8.1,15.4,17.0,19.9,11.9,,,-49.4228,0.0,0.0,,,50.0154,,,,,,,,,20.5514,66.9486,57.747,60.2334,46.3972,16.9317,68.8092,7.0479,50.0154,,44.8015,68.8092,7.0479,45.0543,2069.0,Lower combined pressure
18097,,,,,,,5.126,0.043,Marion,IN,11.8,7.3,5.9,13.5,17.9,25.5,10.7,,,-3.318,0.0,0.0,,,50.0154,,,,,43.2817,38.9323,,,91.8133,29.5162,11.3498,26.6407,64.9019,79.1779,57.8654,13.4467,50.0154,41.107,50.5666,57.8654,13.4467,45.0542,2070.0,Lower combined pressure
13039,,,,,,,,,Camden,GA,10.1,6.9,6.2,13.8,18.2,20.9,12.9,,,0.3752,0.0,0.0,,,50.0154,,,,,,,,,29.2794,22.7165,15.3248,31.2415,70.6698,28.5521,75.5074,29.8918,50.0154,,32.964,75.5074,29.8918,45.0474,2071.0,Lower combined pressure
17071,,,,,,,,,Henderson,IL,10.2,9.6,8.9,15.1,15.9,21.4,7.6,,,0.488,0.0,0.0,,,50.0154,,,,,,,,,33.4405,71.5663,77.7233,54.956,27.2327,34.3369,17.5237,45.5023,50.0154,,49.876,17.5237,45.5023,45.035,2072.0,Lower combined pressure
19145,,,,,,,,,Page,IA,10.0,9.1,8.5,14.7,16.4,20.1,8.3,,,0.5329,0.0,0.0,,,50.0154,,,,,,,,,24.8816,63.6333,68.9276,47.3106,35.4533,18.9107,27.8417,51.7774,50.0154,,43.1862,27.8417,51.7774,45.0174,2073.0,Lower combined pressure
17083,,,,,,,6.2355,0.0472,Jersey,IL,10.3,7.9,7.1,13.5,16.8,22.8,6.9,,,0.2763,0.0,0.0,,,50.0154,,,,,57.4935,83.2031,,,38.0751,40.8829,31.4276,26.6407,42.7267,50.406,8.4743,19.6909,50.0154,70.3483,38.3598,8.4743,19.6909,44.9982,2074.0,Lower combined pressure
21205,,,,,,,,,Rowan,KY,,,,,,,,,,0.3753,0.0,0.0,,,50.0154,,,,,,,,,,,,,,,,29.9227,50.0154,,,,29.9227,44.9922,2075.0,Lower combined pressure
23029,,,,,,,1.0186,0.0351,Washington,ME,13.2,11.3,9.8,18.2,19.1,26.7,9.6,,,-70.7918,0.0,0.0,,,50.0154,,,,,11.1111,4.0365,,,98.9682,91.069,91.5934,92.7605,84.8951,88.0582,46.6509,6.1206,50.0154,7.5738,91.2241,46.6509,6.1206,44.9812,2076.0,High health vulnerability
48065,,,,,,,,,Carson,TX,9.9,6.9,6.8,13.2,16.6,23.2,11.5,,,0.4848,0.0,0.0,,,50.0154,,,,,,,,,20.5514,22.7165,25.406,21.634,38.7855,55.1252,65.4093,45.1005,50.0154,,30.7031,65.4093,45.1005,44.9752,2077.0,Lower combined pressure
29089,,,,,,,,,Howard,MO,10.6,8.5,7.3,14.5,17.6,25.0,8.2,,,0.3664,0.0,0.0,,,50.0154,,,,,,,,,51.2686,52.6556,36.3329,43.8769,59.0325,74.205,26.3024,28.6553,50.0154,,52.8952,26.3024,28.6553,44.9656,2078.0,Lower combined pressure
48099,,,,,,,,,Coryell,TX,10.4,5.7,4.9,12.8,19.6,24.0,16.0,,,-104.7384,0.0,0.0,,,50.0154,,,,,,,,,42.6928,8.4574,2.4865,16.1536,89.6989,63.6164,88.6333,5.3168,50.0154,,37.1843,88.6333,5.3168,44.9276,2079.0,Lower combined pressure
39055,,,,,,,,0.0463,Geauga,OH,10.3,7.6,7.4,12.8,15.2,23.3,6.4,,,0.3409,0.0,0.0,,,50.0154,,,,,,73.8281,,,38.0751,35.0812,38.6671,16.1536,16.8978,56.2754,4.8376,25.8733,50.0154,73.8281,33.525,4.8376,25.8733,44.914,2080.0,Lower combined pressure
30047,,,,,,,0.1916,,Lake,MT,12.0,8.8,8.3,16.0,17.5,24.9,10.2,,,0.6164,0.0,0.0,,,50.0154,,,,,2.584,,,,93.9107,58.2206,63.1597,69.3505,56.8166,73.1225,53.6536,66.1206,50.0154,2.584,69.0968,53.6536,66.1206,44.9022,2081.0,Lower combined pressure
55069,,,,,,,,,Lincoln,WI,11.0,8.5,8.5,14.7,15.7,23.9,7.8,,,0.3864,0.0,0.0,,,50.0154,,,,,,,,,68.9953,52.6556,68.9276,47.3106,23.41,62.703,20.2131,31.4065,50.0154,,54.0003,20.2131,31.4065,44.8889,2082.0,Lower combined pressure
42019,,,,,,,,,Butler,PA,,,,,,,,,,0.3713,0.0,0.0,,,50.0154,,,,,,,,,,,,,,,,29.49,50.0154,,,,29.49,44.884,2083.0,Lower combined pressure
42099,,,,,,,,,Perry,PA,,,,,,,,,,0.3711,0.0,0.0,,,50.0154,,,,,,,,,,,,,,,,29.459,50.0154,,,,29.459,44.8763,2084.0,Lower combined pressure
17023,,,,,,,,0.0448,Clark,IL,10.3,8.3,7.3,13.9,16.8,22.5,7.3,,,0.4267,0.0,0.0,,,50.0154,,,,,,58.5938,,,38.0751,48.6637,36.3329,33.2206,42.7267,46.3464,13.4641,36.2287,50.0154,58.5938,40.8942,13.4641,36.2287,44.8459,2085.0,Lower combined pressure
12021,,,,,,,7.8867,0.0377,Collier,FL,8.6,8.0,9.4,14.4,13.3,15.1,15.2,,,0.3122,0.0,0.0,,,50.0154,,,,,85.4005,7.6823,,,0.6935,42.7436,86.316,42.1685,2.7402,0.6258,86.0622,22.8748,50.0154,46.5414,29.2146,86.0622,22.8748,44.8373,2086.0,Lower combined pressure
30083,,,,,,,5.8898,0.0455,Richland,MT,10.7,6.4,6.2,13.4,16.7,22.9,9.3,,,0.309,0.0,0.0,,,50.0154,,,,,52.4548,65.625,,,55.8018,15.9168,15.3248,24.6786,40.8153,51.7253,42.7943,22.6584,50.0154,59.0399,34.0438,42.7943,22.6584,44.8208,2087.0,Lower combined pressure
29027,,,,,,,,0.0439,Callaway,MO,10.6,8.4,7.1,14.4,17.7,24.7,8.6,,,0.2509,0.0,0.0,,,50.0154,,,,,,47.6562,,,51.2686,50.592,31.4276,42.1685,60.8424,70.6867,32.6286,18.4235,50.0154,47.6562,51.1643,32.6286,18.4235,44.815,2088.0,Lower combined pressure
37113,,,,,,,,0.0393,Macon,NC,10.6,10.1,9.6,15.1,15.8,25.4,10.4,,,0.5164,0.0,0.0,,,50.0154,,,,,,14.1927,,,51.2686,79.1272,89.3606,54.956,25.3214,78.1461,55.5819,49.459,50.0154,14.1927,63.03,55.5819,49.459,44.8144,2089.0,Lower combined pressure
48383,,,,,,,,,Reagan,TX,8.7,5.5,5.9,14.3,16.4,19.6,27.0,,,0.4665,0.0,0.0,,,50.0154,,,,,,,,,0.9472,6.6137,11.3498,40.3078,35.4533,14.2422,98.2747,42.3184,50.0154,,18.1523,98.2747,42.3184,44.8027,2090.0,Lower combined pressure
42075,,,,,,,1.9656,0.0434,Lebanon,PA,,,,,,,,,,0.6103,0.0,0.0,,,50.0154,,,,,18.2171,42.7083,,,,,,,,,,64.915,50.0154,30.4627,,,64.915,44.7874,2091.0,Lower combined pressure
42113,,,,,,,,,Sullivan,PA,,,,,,,,,,0.3694,0.0,0.0,,,50.0154,,,,,,,,,,,,,,,,29.0881,50.0154,,,,29.0881,44.7836,2092.0,Lower combined pressure
23011,,,,,,,5.1505,0.0374,Kennebec,ME,12.5,8.9,7.6,14.8,18.3,28.2,8.2,,,0.4128,0.0,0.0,,,50.0154,,,,,43.5401,6.7708,,,97.3782,60.1488,43.8092,49.2896,72.615,94.2321,26.3024,34.5595,50.0154,25.1554,69.5788,26.3024,34.5595,44.7744,2093.0,Lower combined pressure
10005,,,,,,,6.1942,0.0439,Sussex,DE,10.5,9.1,9.1,14.8,13.8,20.4,9.4,,,-13.1301,0.0,0.0,,,50.0154,,,,,56.7183,47.3958,,,46.9046,63.6333,81.4783,49.2896,5.7003,22.6658,44.0291,11.1283,50.0154,52.0571,44.9453,44.0291,11.1283,44.771,2094.0,Lower combined pressure
30009,,,,,,,,,Carbon,MT,10.9,8.0,8.0,14.6,15.3,22.8,8.5,,,0.4481,0.0,0.0,,,50.0154,,,,,,,,,64.4621,42.7436,55.0744,45.4838,18.0819,50.406,31.0047,39.5981,50.0154,,46.0419,31.0047,39.5981,44.7672,2095.0,Lower combined pressure
48443,,,,,,,,,Terrell,TX,8.4,5.6,7.8,13.0,12.8,17.9,16.8,,,0.5828,0.0,0.0,,,50.0154,,,,,,,,,0.3214,7.5947,49.0866,18.5724,1.0487,6.1908,91.0014,60.1855,50.0154,,13.8024,91.0014,60.1855,44.7652,2096.0,Lower combined pressure
42049,,,,,,,6.0618,0.0439,Erie,PA,,,,,,,,,,-13.141,0.0,0.0,,,50.0154,,,,,55.4264,48.4375,,,,,,,,,,11.0974,50.0154,51.9319,,,11.0974,44.7651,2097.0,Lower combined pressure
06057,,,,,,,3.8705,0.0489,Nevada,CA,10.2,7.2,7.9,14.0,15.6,23.0,5.6,,,0.5148,0.0,0.0,,,50.0154,,,,,32.2997,90.8854,,,33.4405,27.6894,52.1313,34.9797,22.0737,52.8417,1.387,49.2117,50.0154,61.5926,37.1927,1.387,49.2117,44.7608,2098.0,Lower combined pressure
21005,,,,,,,,,Anderson,KY,,,,,,,,,,0.3688,0.0,0.0,,,50.0154,,,,,,,,,,,,,,,,28.9026,50.0154,,,,28.9026,44.7372,2099.0,Lower combined pressure
48375,,,,,,,2.4688,,Potter,TX,10.1,8.2,7.2,16.3,19.2,23.0,23.8,,,-27.8484,0.0,0.0,,,50.0154,,,,,22.739,,,,29.2794,46.8539,33.8464,73.4269,85.9269,52.8417,97.3782,8.7481,50.0154,22.739,53.6959,97.3782,8.7481,44.726,2100.0,Lower combined pressure
09013,,,,,,,,0.043,,,,,,,,,,,,,0.0,0.0,,,50.0154,,,,,,38.2812,,,,,,,,,,,50.0154,38.2812,,,,44.6817,2101.0,Lower combined pressure
09120,,,,,,,,,Greater Bridgeport,CT,10.5,5.4,5.5,12.6,15.7,17.8,14.1,,,0.5832,0.0,0.0,,,50.0154,,,,,,,,,46.9046,5.7341,6.9858,13.7009,23.41,5.8525,81.9689,60.3091,50.0154,,17.098,81.9689,60.3091,44.6759,2102.0,Lower combined pressure
37147,,,,,,,5.7513,0.0412,Pitt,NC,11.5,6.7,6.0,12.4,18.2,25.2,10.2,,,0.41,0.0,0.0,,,50.0154,,,,,50.1292,24.6094,,,86.316,19.6719,12.6522,11.2821,70.6698,76.0487,53.6536,34.1577,50.0154,37.3693,46.1068,53.6536,34.1577,44.6548,2103.0,Lower combined pressure
53075,,,,,,,4.2054,,Whitman,WA,12.0,4.9,4.5,12.1,20.9,28.5,8.0,,,0.5957,0.0,0.0,,,50.0154,,,,,34.6253,,,,93.9107,3.1123,0.8796,8.6096,97.0568,94.6549,23.1225,62.4111,50.0154,34.6253,49.704,23.1225,62.4111,44.6403,2104.0,Lower combined pressure
53023,,,,,,,4.3328,,Garfield,WA,11.0,7.0,7.7,14.1,15.4,23.4,7.1,,,0.7636,0.0,0.0,,,50.0154,,,,,36.0465,,,,68.9953,24.3065,46.431,36.6881,19.2828,57.4256,10.8424,89.8918,50.0154,36.0465,42.1882,10.8424,89.8918,44.6367,2105.0,Lower combined pressure
55075,,,,,,,,,Marinette,WI,10.9,8.5,8.7,14.9,15.3,23.2,7.7,,,0.4121,0.0,0.0,,,50.0154,,,,,,,,,64.4621,52.6556,74.002,51.1671,18.0819,55.1252,18.7754,34.4513,50.0154,,52.5823,18.7754,34.4513,44.6305,2106.0,Lower combined pressure
21151,,,,,,,,,Madison,KY,,,,,,,,,,0.3645,0.0,0.0,,,50.0154,,,,,,,,,,,,,,,,28.4699,50.0154,,,,28.4699,44.629,2107.0,Lower combined pressure
42001,,,,,,,1.2601,0.0466,Adams,PA,,,,,,,,,,0.3592,0.0,0.0,,,50.0154,,,,,13.1783,76.6927,,,,,,,,,,27.6662,50.0154,44.9355,,,27.6662,44.6233,2108.0,Lower combined pressure
28049,,,,,,,2.8032,0.043,Hinds,MS,10.6,7.7,7.0,14.2,17.2,17.3,11.1,,,0.6174,0.0,0.0,,,50.0154,,,,,25.1938,39.2578,,,51.2686,36.9249,29.161,38.498,50.203,4.3302,61.6204,66.2751,50.0154,32.2258,35.0643,61.6204,66.2751,44.6167,2109.0,Lower combined pressure
42117,,,,,,,4.9402,0.0423,Tioga,PA,,,,,,,,,,0.5048,0.0,0.0,,,50.0154,,,,,40.8269,32.4219,,,,,,,,,,48.1917,50.0154,36.6244,,,48.1917,44.5844,2110.0,Lower combined pressure
21081,,,,,,,,,Grant,KY,,,,,,,,,,0.3638,0.0,0.0,,,50.0154,,,,,,,,,,,,,,,,28.2844,50.0154,,,,28.2844,44.5827,2111.0,Lower combined pressure
09140,,,,,,,,,Naugatuck Valley,CT,11.1,6.2,6.3,13.3,16.2,21.1,10.3,,,0.52,0.0,0.0,,,50.0154,,,,,,,,,73.5284,13.6502,16.6272,23.0886,32.1719,31.0724,54.7023,49.9845,50.0154,,31.6898,54.7023,49.9845,44.5277,2112.0,Lower combined pressure
13115,,,,,,,0.6617,,Floyd,GA,10.3,8.1,7.1,15.3,18.6,22.3,14.8,,,0.6128,0.0,0.0,,,50.0154,,,,,8.7855,,,,38.0751,44.7903,31.4276,58.7449,77.9601,44.1137,84.9459,65.255,50.0154,8.7855,49.1853,84.9459,65.255,44.5174,2113.0,Lower combined pressure
08123,,,,,,,2.331,0.0473,Weld,CO,10.7,5.5,5.1,12.8,17.2,22.1,13.7,,,-11.5265,0.0,0.0,,,50.0154,,,,,21.3178,83.3333,,,55.8018,6.6137,3.8735,16.1536,50.203,42.1516,79.956,11.4992,50.0154,52.3256,29.1328,79.956,11.4992,44.5148,2114.0,Lower combined pressure
26163,,,,,,,3.8932,0.043,Wayne,MI,12.3,9.2,7.4,15.5,19.7,24.3,8.1,,,-68.0688,0.0,0.0,,,50.0154,,,,,32.6873,38.8021,,,96.2618,65.4093,38.6671,61.6204,90.5616,66.6441,24.7294,6.1824,50.0154,35.7447,69.8607,24.7294,6.1824,44.4972,2115.0,Lower combined pressure
55137,,,,,,,,,Waushara,WI,10.5,8.7,8.9,15.0,15.3,22.1,8.9,,,0.3218,0.0,0.0,,,50.0154,,,,,,,,,46.9046,56.4445,77.7233,53.0277,18.0819,42.1516,37.297,23.7403,50.0154,,49.0556,37.297,23.7403,44.4963,2116.0,Lower combined pressure
51015,,,,,,,,,Augusta,VA,10.4,8.1,7.6,14.7,16.9,24.7,8.6,,,0.3645,0.0,0.0,,,50.0154,,,,,,,,,42.6928,44.7903,43.8092,47.3106,44.5704,70.6867,32.6286,28.4389,50.0154,,48.9767,32.6286,28.4389,44.4741,2117.0,Lower combined pressure
36123,,,,,,,,,Yates,NY,11.3,8.9,7.9,14.8,16.7,20.8,6.8,,,0.493,0.0,0.0,,,50.0154,,,,,,,,,80.8863,60.1488,52.1313,49.2896,40.8153,27.4696,7.6286,46.306,50.0154,,51.7901,7.6286,46.306,44.4608,2118.0,Lower combined pressure
41009,,,,,,,4.4706,0.0339,Columbia,OR,12.2,7.9,7.2,14.9,18.0,27.3,8.1,,,0.5947,0.0,0.0,,,50.0154,,,,,36.8217,2.474,,,95.5514,40.8829,33.8464,51.1671,66.8978,91.6272,24.7294,62.3184,50.0154,19.6478,63.3288,24.7294,62.3184,44.4536,2119.0,Lower combined pressure
16043,,,,,,,,,Fremont,ID,10.5,7.1,6.6,14.0,16.2,22.1,11.3,,,0.4137,0.0,0.0,,,50.0154,,,,,,,,,46.9046,25.9303,21.4141,34.9797,32.1719,42.1516,63.7686,34.6522,50.0154,,33.9253,63.7686,34.6522,44.4374,2120.0,Lower combined pressure
46037,,,,,,,,,Day,SD,10.4,9.0,9.5,14.6,14.6,19.7,8.8,,,0.432,0.0,0.0,,,50.0154,,,,,,,,,42.6928,61.8572,87.8383,45.4838,11.4513,15.2064,35.8085,37.1252,50.0154,,44.0883,35.8085,37.1252,44.4268,2121.0,Lower combined pressure
56043,,,,,,,2.6388,,Washakie,WY,10.1,8.9,8.5,15.4,15.2,20.3,13.6,,,0.5057,0.0,0.0,,,50.0154,,,,,23.7726,,,,29.2794,60.1488,68.9276,60.2334,16.8978,21.2957,79.4317,48.3462,50.0154,23.7726,42.7971,79.4317,48.3462,44.4248,2122.0,Lower combined pressure
51115,,,,,,,,,Mathews,VA,10.6,8.8,9.2,15.2,15.0,23.1,7.4,,,0.4192,0.0,0.0,,,50.0154,,,,,,,,,51.2686,58.2206,83.2544,56.8843,14.9865,53.9073,14.9188,35.425,50.0154,,53.0869,14.9188,35.425,44.4143,2123.0,Lower combined pressure
13013,,,,,,,,,Barrow,GA,9.9,6.5,5.7,13.9,17.7,19.7,14.7,,,0.4042,0.0,0.0,,,50.0154,,,,,,,,,20.5514,17.1685,9.1171,33.2206,60.8424,15.2064,84.5907,33.4158,50.0154,,26.0177,84.5907,33.4158,44.4129,2124.0,Lower combined pressure
36033,,,,,,,,,Franklin,NY,11.4,8.6,7.6,15.2,17.3,21.9,6.9,,,0.4282,0.0,0.0,,,50.0154,,,,,,,,,83.7957,54.6854,43.8092,56.8843,52.3681,39.885,8.4743,36.476,50.0154,,55.2379,8.4743,36.476,44.4122,2125.0,Lower combined pressure
27129,,,,,,,,,Renville,MN,10.0,7.5,8.0,14.0,15.4,23.2,9.8,,,0.4622,0.0,0.0,,,50.0154,,,,,,,,,24.8816,33.1698,55.0744,34.9797,19.2828,55.1252,48.7483,41.5456,50.0154,,37.0856,48.7483,41.5456,44.4072,2126.0,Lower combined pressure
27051,,,,,,,,,Grant,MN,10.3,7.7,8.4,13.7,15.8,24.7,8.0,,,0.5102,0.0,0.0,,,50.0154,,,,,,,,,38.0751,36.9249,66.0521,29.6177,25.3214,70.6867,23.1225,48.6708,50.0154,,44.4463,23.1225,48.6708,44.394,2127.0,Lower combined pressure
06037,,,,,,,5.4375,0.0508,Los Angeles,CA,9.1,4.9,5.3,14.1,16.2,19.0,11.7,,,-10.5649,0.0,0.0,,,50.0154,,,,,45.9948,95.7031,,,3.6874,3.1123,5.1759,36.6881,32.1719,9.8275,67.1516,11.7774,50.0154,70.849,15.1105,67.1516,11.7774,44.3874,2128.0,Lower combined pressure
01073,,,,,,,4.2575,0.0446,Jefferson,AL,9.9,6.9,6.6,12.6,16.8,22.7,9.1,,,0.6306,0.0,0.0,,,50.0154,,,,,35.5297,55.7292,,,20.5514,22.7165,21.4141,13.7009,42.7267,49.0528,40.1218,68.6862,50.0154,45.6294,28.3604,40.1218,68.6862,44.3829,2129.0,Lower combined pressure
39011,,,,,,,,,Auglaize,OH,10.7,8.1,7.5,13.7,17.2,24.8,7.2,,,0.508,0.0,0.0,,,50.0154,,,,,,,,,55.8018,44.7903,41.0859,29.6177,50.203,71.8539,12.111,48.4699,50.0154,,48.8921,12.111,48.4699,44.381,2130.0,Lower combined pressure
30103,,,,,,,,,Treasure,MT,10.6,8.7,9.2,15.1,14.8,21.6,9.0,,,0.2892,0.0,0.0,,,50.0154,,,,,,,,,51.2686,56.4445,83.2544,54.956,13.3119,36.502,38.7348,20.7419,50.0154,,49.2896,38.7348,20.7419,44.3662,2131.0,Lower combined pressure
39089,,,,,,,,0.0444,Licking,OH,10.9,7.6,6.8,13.3,17.1,25.8,7.2,,,0.3889,0.0,0.0,,,50.0154,,,,,,53.6458,,,64.4621,35.0812,25.406,23.0886,48.0717,81.8166,12.111,31.4992,50.0154,53.6458,46.321,12.111,31.4992,44.3574,2132.0,Lower combined pressure
17119,,,,,,,4.1099,0.0478,Madison,IL,10.5,7.2,6.4,13.4,17.1,22.2,7.3,,,0.4693,0.0,0.0,,,50.0154,,,,,33.5917,86.7188,,,46.9046,27.6894,17.8958,24.6786,48.0717,43.1834,13.4641,42.7821,50.0154,60.1552,34.7373,13.4641,42.7821,44.3524,2133.0,Lower combined pressure
48167,,,,,,,7.0404,0.0429,Galveston,TX,9.8,6.0,5.9,12.9,16.6,21.7,15.0,,,-9.2774,0.0,0.0,,,50.0154,,,,,75.0646,37.2396,,,16.6272,11.6373,11.3498,17.3714,38.7855,37.7368,85.4364,12.0247,50.0154,56.1521,22.2514,85.4364,12.0247,44.3516,2134.0,Lower combined pressure
20139,,,,,,,,,Osage,KS,10.1,8.4,7.8,13.7,16.3,21.1,8.6,,,0.5617,0.0,0.0,,,50.0154,,,,,,,,,29.2794,50.592,49.0866,29.6177,33.8802,31.0724,32.6286,56.7852,50.0154,,37.2547,32.6286,56.7852,44.3462,2135.0,Lower combined pressure
20115,,,,,,,,,Marion,KS,10.0,8.2,8.0,13.4,15.8,20.8,8.4,,,0.6265,0.0,0.0,,,50.0154,,,,,,,,,24.8816,46.8539,55.0744,24.6786,25.3214,27.4696,29.4147,68.0062,50.0154,,34.0466,29.4147,68.0062,44.3445,2136.0,Lower combined pressure
01097,,,,,,,8.0762,0.041,Mobile,AL,9.7,7.9,7.3,14.0,17.2,22.1,10.2,,,-14.1962,0.0,0.0,,,50.0154,,,,,87.5969,22.7865,,,13.5487,40.8829,36.3329,34.9797,50.203,42.1516,53.6536,10.8501,50.0154,55.1917,36.3498,53.6536,10.8501,44.3404,2137.0,Lower combined pressure
20137,,,,,,,,,Norton,KS,9.8,8.6,8.0,14.2,16.5,20.5,10.7,,,0.3779,0.0,0.0,,,50.0154,,,,,,,,,16.6272,54.6854,55.0744,38.498,37.0095,24.1543,57.8654,30.4173,50.0154,,37.6748,57.8654,30.4173,44.3354,2138.0,Lower combined pressure
42127,,,,,,,,,Wayne,PA,,,,,,,,,,0.3559,0.0,0.0,,,50.0154,,,,,,,,,,,,,,,,27.2643,50.0154,,,,27.2643,44.3276,2139.0,Lower combined pressure
27001,,,,,,,,,Aitkin,MN,10.1,9.2,10.2,14.9,14.0,23.2,7.4,,,0.4607,0.0,0.0,,,50.0154,,,,,,,,,29.2794,65.4093,94.7564,51.1671,6.7659,55.1252,14.9188,41.2983,50.0154,,50.4172,14.9188,41.2983,44.3075,2140.0,Lower combined pressure
16025,,,,,,,,,Camas,ID,10.5,7.8,7.9,14.4,14.4,21.0,10.0,,,0.4495,0.0,0.0,,,50.0154,,,,,,,,,46.9046,38.887,52.1313,42.1685,9.6583,29.7361,50.8796,39.8454,50.0154,,36.581,50.8796,39.8454,44.2965,2141.0,Lower combined pressure
35005,,,,,,,0.3451,,Chaves,NM,9.9,7.4,7.5,17.1,17.3,23.7,20.2,,,0.5899,0.0,0.0,,,50.0154,,,,,6.0724,,,,20.5514,31.3092,41.0859,83.2206,52.3681,60.8762,95.6867,61.4529,50.0154,6.0724,48.2352,95.6867,61.4529,44.2955,2142.0,Lower combined pressure
45091,,,,,,,7.6031,0.0461,York,SC,9.3,6.0,5.3,12.1,15.9,21.9,9.7,,,-17.8478,0.0,0.0,,,50.0154,,,,,82.6873,72.1354,,,6.6475,11.6373,5.1759,8.6096,27.2327,39.885,47.7165,10.17,50.0154,77.4114,16.5313,47.7165,10.17,44.279,2143.0,Lower combined pressure
39103,,,,,,,6.796,0.0467,Medina,OH,10.5,7.0,6.8,12.7,15.8,23.9,6.2,,,0.267,0.0,0.0,,,50.0154,,,,,70.4134,78.776,,,46.9046,24.3065,25.406,14.8681,25.3214,62.703,3.5859,19.2272,50.0154,74.5947,33.2516,3.5859,19.2272,44.2475,2144.0,Lower combined pressure
48371,,,,,,,,,Pecos,TX,8.8,6.5,6.9,16.3,17.4,19.6,31.1,,,-199.3765,0.0,0.0,,,50.0154,,,,,,,,,1.3363,17.1685,27.2666,73.4269,54.364,14.2422,99.1881,4.3586,50.0154,,31.3007,99.1881,4.3586,44.246,2145.0,Lower combined pressure
27013,,,,,,,8.4259,0.0425,Blue Earth,MN,10.5,5.4,5.5,11.2,17.6,26.6,7.9,,,0.3571,0.0,0.0,,,50.0154,,,,,90.5685,34.2448,,,46.9046,5.7341,6.9858,3.4844,59.0325,87.4493,21.6171,27.3879,50.0154,62.4066,34.9318,21.6171,27.3879,44.2397,2146.0,Lower combined pressure
55115,,,,,,,,,Shawano,WI,11.2,8.2,8.1,14.7,16.0,22.0,8.1,,,0.3954,0.0,0.0,,,50.0154,,,,,,,,,77.4357,46.8539,57.747,47.3106,28.8058,41.0183,24.7294,32.272,50.0154,,49.8619,24.7294,32.272,44.227,2147.0,Lower combined pressure
13187,,,,,,,,,Lumpkin,GA,10.0,7.2,6.5,13.8,18.3,22.5,11.4,,,0.3264,0.0,0.0,,,50.0154,,,,,,,,,24.8816,27.6894,19.5873,31.2415,72.615,46.3464,64.6313,24.2968,50.0154,,37.0602,64.6313,24.2968,44.2166,2148.0,Lower combined pressure
31047,,,,,,,,,Dawson,NE,8.7,6.9,7.0,13.3,13.7,15.4,18.0,,,0.5481,0.0,0.0,,,50.0154,,,,,,,,,0.9472,22.7165,29.161,23.0886,5.0406,0.7781,93.3187,54.1577,50.0154,,13.622,93.3187,54.1577,44.2103,2149.0,Lower combined pressure
30093,,,,,,,2.3934,,Silver Bow,MT,11.1,7.6,6.8,14.9,18.5,25.1,10.0,,,0.4856,0.0,0.0,,,50.0154,,,,,22.2222,,,,73.5284,35.0812,25.406,51.1671,76.387,75.1691,50.8796,45.2859,50.0154,22.2222,56.1231,50.8796,45.2859,44.2075,2150.0,Lower combined pressure
46005,,,,,,,,,Beadle,SD,10.0,8.1,7.8,14.1,15.4,20.4,12.3,,,0.3573,0.0,0.0,,,50.0154,,,,,,,,,24.8816,44.7903,49.0866,36.6881,19.2828,22.6658,71.7355,27.4498,50.0154,,32.8992,71.7355,27.4498,44.1973,2151.0,Lower combined pressure
53005,,,,,,,5.0231,0.0461,Benton,WA,10.8,5.6,5.8,13.5,16.2,24.0,10.6,,,-21.6994,0.0,0.0,,,50.0154,,,,,41.7313,71.6146,,,60.2842,7.5947,10.2165,26.6407,32.1719,63.6164,56.935,9.6136,50.0154,56.6729,33.4207,56.935,9.6136,44.1829,2152.0,Lower combined pressure
51570,,,,,,,,,Colonial Heights,VA,10.8,6.7,6.4,13.4,16.6,22.9,8.7,,,0.5725,0.0,0.0,,,50.0154,,,,,,,,,60.2842,19.6719,17.8958,24.6786,38.7855,51.7253,34.2524,58.2998,50.0154,,35.5069,34.2524,58.2998,44.1821,2153.0,Lower combined pressure
17009,,,,,,,,,Brown,IL,10.0,8.0,6.5,14.0,18.1,20.5,12.1,,,0.2957,0.0,0.0,,,50.0154,,,,,,,,,24.8816,42.7436,19.5873,34.9797,68.7415,24.1543,70.2639,21.3292,50.0154,,35.848,70.2639,21.3292,44.1679,2154.0,Lower combined pressure
30025,,,,,,,,,Fallon,MT,11.1,7.4,6.8,14.2,17.6,23.8,9.1,,,0.283,0.0,0.0,,,50.0154,,,,,,,,,73.5284,31.3092,25.406,38.498,59.0325,61.8234,40.1218,20.34,50.0154,,48.2662,40.1218,20.34,44.1565,2155.0,Lower combined pressure
04013,,,,,,,5.1966,0.0518,Maricopa,AZ,10.0,5.7,5.7,11.8,14.9,18.6,12.9,,,-17.4093,0.0,0.0,,,50.0154,,,,,43.7984,97.0052,,,24.8816,8.4574,9.1171,6.5122,14.1238,8.1867,75.5074,10.2937,50.0154,70.4018,11.8798,75.5074,10.2937,44.1551,2156.0,Lower combined pressure
37087,,,,,,,0.2348,0.0478,Haywood,NC,10.6,8.7,8.3,14.0,15.9,26.4,9.0,,,-47.159,0.0,0.0,,,50.0154,,,,,3.6176,86.4583,,,51.2686,56.4445,63.1597,34.9797,27.2327,85.8593,38.7348,7.1716,50.0154,45.038,53.1574,38.7348,7.1716,44.1441,2157.0,Lower combined pressure
37115,,,,,,,,,Madison,NC,10.7,8.1,7.6,13.3,16.3,25.8,8.8,,,0.3535,0.0,0.0,,,50.0154,,,,,,,,,55.8018,44.7903,43.8092,23.0886,33.8802,81.8166,35.8085,27.1406,50.0154,,47.1978,35.8085,27.1406,44.132,2158.0,Lower combined pressure
46043,,,,,,,,,Douglas,SD,10.1,8.5,8.9,13.9,14.7,20.5,9.3,,,0.4682,0.0,0.0,,,50.0154,,,,,,,,,29.2794,52.6556,77.7233,33.2206,12.3647,24.1543,42.7943,42.5657,50.0154,,38.233,42.7943,42.5657,44.1318,2159.0,Lower combined pressure
51133,,,,,,,,,Northumberland,VA,10.6,9.0,9.9,15.1,13.8,20.1,7.6,,,0.4806,0.0,0.0,,,50.0154,,,,,,,,,51.2686,61.8572,92.4899,54.956,5.7003,18.9107,17.5237,44.3277,50.0154,,47.5304,17.5237,44.3277,44.0965,2160.0,Lower combined pressure
51157,,,,,,,,,Rappahannock,VA,10.4,8.8,8.9,15.1,15.1,22.9,7.8,,,0.4147,0.0,0.0,,,50.0154,,,,,,,,,42.6928,58.2206,77.7233,54.956,15.8999,51.7253,20.2131,34.9304,50.0154,,50.203,20.2131,34.9304,44.093,2161.0,Lower combined pressure
48451,,,,,,,,,Tom Green,TX,9.6,6.5,6.4,13.9,17.4,23.0,19.3,,,-36.604,0.0,0.0,,,50.0154,,,,,,,,,11.4344,17.1685,17.8958,33.2206,54.364,52.8417,94.9594,7.7589,50.0154,,31.1541,94.9594,7.7589,44.0867,2162.0,Lower combined pressure
32031,,,,,,,2.2517,0.0476,Washoe,NV,10.3,6.7,6.1,14.0,17.5,21.1,12.0,,,-35.4707,0.0,0.0,,,50.0154,,,,,20.5426,85.2865,,,38.0751,19.6719,13.9378,34.9797,56.8166,31.0724,69.5196,7.9134,50.0154,52.9145,32.4256,69.5196,7.9134,44.083,2163.0,Lower combined pressure
20123,,,,,,,,,Mitchell,KS,10.1,8.4,8.2,13.9,16.2,20.8,8.4,,,0.547,0.0,0.0,,,50.0154,,,,,,,,,29.2794,50.592,60.3857,33.2206,32.1719,27.4696,29.4147,53.9413,50.0154,,38.8532,29.4147,53.9413,44.0714,2164.0,Lower combined pressure
22089,,,,,,,,,St. Charles,LA,9.9,7.1,6.5,14.0,18.1,25.5,7.8,,,0.5599,0.0,0.0,,,50.0154,,,,,,,,,20.5514,25.9303,19.5873,34.9797,68.7415,79.1779,20.2131,56.507,50.0154,,41.4947,20.2131,56.507,44.0671,2165.0,Lower combined pressure
21093,,,,,,,5.9653,0.0441,Hardin,KY,,,,,,,,,,-35.2035,0.0,0.0,,,50.0154,,,,,53.23,49.4792,,,,,,,,,,7.9753,50.0154,51.3546,,,7.9753,44.0628,2166.0,Lower combined pressure
28075,,,,,,,,0.0392,Lauderdale,MS,10.3,9.7,8.4,15.8,17.5,18.8,12.0,,,0.5771,0.0,0.0,,,50.0154,,,,,,13.151,,,38.0751,73.1055,66.0521,66.3904,56.8166,8.8464,69.5196,59.2272,50.0154,13.151,51.5477,69.5196,59.2272,44.054,2167.0,Lower combined pressure
51810,,,,,,,6.8712,,Virginia Beach,VA,10.6,5.6,5.7,12.2,16.3,23.3,8.1,,,0.2092,0.0,0.0,,,50.0154,,,,,71.5762,,,,51.2686,7.5947,9.1171,9.4384,33.8802,56.2754,24.7294,16.9397,50.0154,71.5762,27.9291,24.7294,16.9397,44.0479,2168.0,Lower combined pressure
17107,,,,,,,,,Logan,IL,10.4,7.9,6.9,13.6,17.5,22.2,8.5,,,0.517,0.0,0.0,,,50.0154,,,,,,,,,42.6928,40.8829,27.2666,28.366,56.8166,43.1834,31.0047,49.6136,50.0154,,39.8681,31.0047,49.6136,44.0446,2169.0,Lower combined pressure
21111,,,,,,,3.8369,0.0456,Jefferson,KY,,,,,,,,,,-4.0777,0.0,0.0,,,50.0154,,,,,31.9121,66.4062,,,,,,,,,,13.323,50.0154,49.1592,,,13.323,44.0411,2170.0,Lower combined pressure
33007,,,,,,,0.1795,0.0425,Coos,NH,11.5,9.5,8.4,14.8,16.0,22.6,8.6,,,0.624,0.0,0.0,,,50.0154,,,,,1.6796,34.375,,,86.316,69.9763,66.0521,49.2896,28.8058,47.7165,32.6286,67.5116,50.0154,18.0273,58.026,32.6286,67.5116,44.032,2171.0,Lower combined pressure
48441,,,,,,,,,Taylor,TX,10.0,6.3,5.8,13.0,18.4,23.4,15.7,,,-23.8568,0.0,0.0,,,50.0154,,,,,,,,,24.8816,14.6651,10.2165,18.5724,74.5264,57.4256,87.5,9.1808,50.0154,,33.3813,87.5,9.1808,44.024,2172.0,Lower combined pressure
36097,,,,,,,,,Schuyler,NY,11.2,9.0,8.2,15.1,16.2,20.8,6.0,,,0.4928,0.0,0.0,,,50.0154,,,,,,,,,77.4357,61.8572,60.3857,54.956,32.1719,27.4696,2.9263,46.2442,50.0154,,52.3793,2.9263,46.2442,44.022,2173.0,Lower combined pressure
49023,,,,,,,,,Juab,UT,11.0,5.7,5.3,13.1,18.3,26.4,9.7,,,0.3184,0.0,0.0,,,50.0154,,,,,,,,,68.9953,8.4574,5.1759,20.1116,72.615,85.8593,47.7165,23.524,50.0154,,43.5357,47.7165,23.524,44.0168,2174.0,Lower combined pressure
51137,,,,,,,,,Orange,VA,10.7,7.4,7.1,14.1,16.6,23.4,8.7,,,0.4574,0.0,0.0,,,50.0154,,,,,,,,,55.8018,31.3092,31.4276,36.6881,38.7855,57.4256,34.2524,40.9583,50.0154,,41.9063,34.2524,40.9583,44.003,2175.0,Lower combined pressure
29183,,,,,,,,0.0485,St. Charles,MO,10.0,5.8,5.6,11.9,15.1,22.8,6.4,,,-11.5166,0.0,0.0,,,50.0154,,,,,,89.974,,,24.8816,9.3369,8.0176,7.2395,15.8999,50.406,4.8376,11.5611,50.0154,89.974,19.2969,4.8376,11.5611,43.9622,2176.0,Lower combined pressure
51063,,,,,,,,,Floyd,VA,10.6,8.6,8.3,15.1,16.3,23.7,8.0,,,0.3199,0.0,0.0,,,50.0154,,,,,,,,,51.2686,54.6854,63.1597,54.956,33.8802,60.8762,23.1225,23.6476,50.0154,,53.1377,23.1225,23.6476,43.9547,2177.0,Lower combined pressure
12097,,,,,,,6.4315,0.0412,Osceola,FL,9.0,5.5,5.9,14.1,16.7,17.2,21.8,,,0.4722,0.0,0.0,,,50.0154,,,,,61.6279,24.0885,,,2.7064,6.6137,11.3498,36.6881,40.8153,4.1272,96.6678,42.9985,50.0154,42.8582,17.0501,96.6678,42.9985,43.9483,2178.0,Lower combined pressure
27117,,,,,,,,,Pipestone,MN,10.2,7.5,7.9,13.8,15.7,24.2,9.1,,,0.4491,0.0,0.0,,,50.0154,,,,,,,,,33.4405,33.1698,52.1313,31.2415,23.41,65.6461,40.1218,39.7527,50.0154,,39.8399,40.1218,39.7527,43.9361,2179.0,Lower combined pressure
12113,,,,,,,8.5098,0.0419,Santa Rosa,FL,9.6,6.8,6.4,13.5,17.2,19.3,10.8,,,0.2945,0.0,0.0,,,50.0154,,,,,91.3437,29.6875,,,11.4344,21.0927,17.8958,26.6407,50.203,11.7388,58.8802,21.1437,50.0154,60.5156,23.1676,58.8802,21.1437,43.9278,2180.0,Lower combined pressure
20039,,,,,,,,,Decatur,KS,9.8,8.5,8.9,13.6,14.4,19.4,8.1,,,0.652,0.0,0.0,,,50.0154,,,,,,,,,16.6272,52.6556,77.7233,28.366,9.6583,12.5677,24.7294,72.1793,50.0154,,32.933,24.7294,72.1793,43.905,2181.0,Lower combined pressure
46015,,,,,,,,,Brule,SD,10.5,8.1,8.2,14.0,15.2,20.3,8.9,,,0.5046,0.0,0.0,,,50.0154,,,,,,,,,46.9046,44.7903,60.3857,34.9797,16.8978,21.2957,37.297,48.068,50.0154,,37.5423,37.297,48.068,43.9023,2182.0,Lower combined pressure
19185,,,,,,,,,Wayne,IA,10.2,9.1,8.6,14.8,16.7,20.7,7.8,,,0.4496,0.0,0.0,,,50.0154,,,,,,,,,33.4405,63.6333,71.6678,49.2896,40.8153,26.4208,20.2131,39.8764,50.0154,,47.5445,20.2131,39.8764,43.8663,2183.0,Lower combined pressure
53059,,,,,,,,,Skamania,WA,11.5,7.0,7.4,14.3,16.1,25.2,7.3,,,0.4652,0.0,0.0,,,50.0154,,,,,,,,,86.316,24.3065,38.6671,40.3078,30.4635,76.0487,13.4641,42.0402,50.0154,,49.3516,13.4641,42.0402,43.8573,2184.0,Lower combined pressure
34033,,,,,,,,,Salem,NJ,10.1,7.2,6.9,14.2,17.0,18.6,11.0,,,0.4803,0.0,0.0,,,50.0154,,,,,,,,,29.2794,27.6894,27.2666,38.498,46.3972,8.1867,60.724,44.2658,50.0154,,29.5529,60.724,44.2658,43.8558,2185.0,Lower combined pressure
41061,,,,,,,0.5191,,Union,OR,12.2,8.4,7.8,15.0,18.6,27.3,8.1,,,0.631,0.0,0.0,,,50.0154,,,,,8.2687,,,,95.5514,50.592,49.0866,53.0277,77.9601,91.6272,24.7294,68.8408,50.0154,8.2687,69.6408,24.7294,68.8408,43.839,2186.0,Lower combined pressure
29031,,,,,,,,,Cape Girardeau,MO,10.5,7.7,6.6,13.9,17.9,24.5,8.2,,,0.4457,0.0,0.0,,,50.0154,,,,,,,,,46.9046,36.9249,21.4141,33.2206,64.9019,68.4709,26.3024,39.1345,50.0154,,45.3062,26.3024,39.1345,43.8331,2187.0,Lower combined pressure
12103,,,,,,,6.1991,0.0412,Pinellas,FL,9.5,8.1,8.2,14.2,15.5,19.3,11.5,,,0.4752,0.0,0.0,,,50.0154,,,,,56.9767,24.4792,,,9.6583,44.7903,60.3857,38.498,20.6867,11.7388,65.4093,43.5858,50.0154,40.728,30.9596,65.4093,43.5858,43.826,2188.0,Lower combined pressure
27115,,,,,,,,,Pine,MN,10.1,7.8,8.1,14.4,16.5,24.9,8.7,,,0.3642,0.0,0.0,,,50.0154,,,,,,,,,29.2794,38.887,57.747,42.1685,37.0095,73.1225,34.2524,28.3771,50.0154,,46.369,34.2524,28.3771,43.8131,2189.0,Lower combined pressure
08031,,,,,,,3.6715,0.0512,Denver,CO,10.3,4.2,4.1,10.8,15.2,22.7,12.5,,,-10.7753,0.0,0.0,,,50.0154,,,,,30.491,96.0938,,,38.0751,0.7612,0.2537,2.2835,16.8978,49.0528,73.1901,11.7156,50.0154,63.2924,17.8873,73.1901,11.7156,43.7901,2190.0,Lower combined pressure
31101,,,,,,,,,Keith,NE,9.0,8.0,8.5,13.8,12.9,15.6,9.4,,,0.6531,0.0,0.0,,,50.0154,,,,,,,,,2.7064,42.7436,68.9276,31.2415,1.3024,0.8965,44.0291,72.2411,50.0154,,24.6363,44.0291,72.2411,43.721,2191.0,Lower combined pressure
46019,,,,,,,,,Butte,SD,10.4,8.1,7.9,13.6,15.7,21.3,9.9,,,0.4119,0.0,0.0,,,50.0154,,,,,,,,,42.6928,44.7903,52.1313,28.366,23.41,33.3897,49.7124,34.374,50.0154,,37.4634,49.7124,34.374,43.7055,2192.0,Lower combined pressure
21211,,,,,,,,,Shelby,KY,,,,,,,,,,0.3304,0.0,0.0,,,50.0154,,,,,,,,,,,,,,,,24.6986,50.0154,,,,24.6986,43.6862,2193.0,Lower combined pressure
17199,,,,,,,,,Williamson,IL,10.5,8.2,7.2,14.0,16.9,22.9,7.5,,,0.5415,0.0,0.0,,,50.0154,,,,,,,,,46.9046,46.8539,33.8464,34.9797,44.5704,51.7253,16.3058,53.323,50.0154,,43.1467,16.3058,53.323,43.6722,2194.0,Lower combined pressure
27065,,,,,,,,,Kanabec,MN,10.4,7.9,7.8,14.2,16.2,25.1,8.5,,,0.3778,0.0,0.0,,,50.0154,,,,,,,,,42.6928,40.8829,49.0866,38.498,32.1719,75.1691,31.0047,30.3864,50.0154,,46.4169,31.0047,30.3864,43.6639,2195.0,Lower combined pressure
37011,,,,,,,0.3187,0.043,Avery,NC,10.6,9.2,8.4,14.5,16.8,25.2,10.8,,,0.3581,0.0,0.0,,,50.0154,,,,,5.4264,39.2578,,,51.2686,65.4093,66.0521,43.8769,42.7267,76.0487,58.8802,27.5425,50.0154,22.3421,57.5637,58.8802,27.5425,43.6233,2196.0,Lower combined pressure
20033,,,,,,,,,Comanche,KS,10.1,8.7,8.6,14.2,15.7,20.8,8.9,,,0.4298,0.0,0.0,,,50.0154,,,,,,,,,29.2794,56.4445,71.6678,38.498,23.41,27.4696,37.297,36.7233,50.0154,,41.1282,37.297,36.7233,43.585,2197.0,Lower combined pressure
53041,,,,,,,0.2917,,Lewis,WA,11.3,7.5,7.2,16.0,17.8,26.5,9.4,,,0.684,0.0,0.0,,,50.0154,,,,,4.7804,,,,80.8863,33.1698,33.8464,69.3505,62.7876,86.6543,44.0291,76.8779,50.0154,4.7804,61.1158,44.0291,76.8779,43.5694,2198.0,Lower combined pressure
26139,,,,,,,6.6934,0.0449,Ottawa,MI,10.9,6.4,5.8,12.2,16.8,26.5,6.5,,,0.3327,0.0,0.0,,,50.0154,,,,,67.9587,59.5052,,,64.4621,15.9168,10.2165,9.4384,42.7267,86.6543,5.4635,24.9768,50.0154,63.7319,38.2358,5.4635,24.9768,43.5406,2199.0,Lower combined pressure
36047,,,,,,,7.4762,,Kings,NY,10.3,5.8,5.7,12.8,15.2,16.1,8.9,,,-32.9252,0.0,0.0,,,50.0154,,,,,80.7494,,,,38.0751,9.3369,9.1171,16.1536,16.8978,1.5392,37.297,8.2226,50.0154,80.7494,15.1866,37.297,8.2226,43.5406,2200.0,Lower combined pressure
48187,,,,,,,,,Guadalupe,TX,9.5,5.5,5.6,12.9,16.4,22.1,17.1,,,0.4177,0.0,0.0,,,50.0154,,,,,,,,,9.6583,6.6137,8.0176,17.3714,35.4533,42.1516,91.5088,35.2705,50.0154,,19.8776,91.5088,35.2705,43.536,2201.0,Lower combined pressure
27123,,,,,,,7.0253,,Ramsey,MN,10.1,5.2,5.7,11.7,15.9,25.7,7.8,,,-6.4533,0.0,0.0,,,50.0154,,,,,74.8062,,,,29.2794,4.5839,9.1171,5.7679,27.2327,80.8525,20.2131,12.7048,50.0154,74.8062,26.1389,20.2131,12.7048,43.5327,2202.0,Lower combined pressure
37063,,,,,,,9.7069,0.0431,Durham,NC,10.8,5.1,5.0,10.7,15.3,22.9,9.6,,,-29.0596,0.0,0.0,,,50.0154,,,,,97.8036,39.8438,,,60.2842,4.0934,3.1461,1.979,18.0819,51.7253,46.6509,8.4699,50.0154,68.8237,23.2183,46.6509,8.4699,43.5272,2203.0,Lower combined pressure
48011,,,,,,,,,Armstrong,TX,9.9,7.4,7.4,13.7,16.2,23.0,11.4,,,0.3435,0.0,0.0,,,50.0154,,,,,,,,,20.5514,31.3092,38.6671,29.6177,32.1719,52.8417,64.6313,26.2751,50.0154,,34.1932,64.6313,26.2751,43.5247,2204.0,Lower combined pressure
38027,,,,,,,,,Eddy,ND,10.5,8.7,8.8,14.4,14.1,20.4,8.1,,,0.4983,0.0,0.0,,,50.0154,,,,,,,,,46.9046,56.4445,75.9303,42.1685,7.3917,22.6658,24.7294,46.8624,50.0154,,41.9176,24.7294,46.8624,43.5243,2205.0,Lower combined pressure
21179,,,,,,,,,Nelson,KY,,,,,,,,,,0.3233,0.0,0.0,,,50.0154,,,,,,,,,,,,,,,,24.0495,50.0154,,,,24.0495,43.5239,2206.0,Lower combined pressure
02275,,,,,,,,,Wrangell,AK,10.6,9.1,9.4,15.9,14.8,18.3,10.2,,,-999.0,0.0,0.0,,,50.0154,,,,,,,,,51.2686,63.6333,86.316,67.8112,13.3119,7.2903,53.6536,1.9629,50.0154,,48.2719,53.6536,1.9629,43.5123,2207.0,Lower combined pressure
38001,,,,,,,,,Adams,ND,10.0,9.2,9.7,14.5,13.2,19.1,8.0,,,0.5472,0.0,0.0,,,50.0154,,,,,,,,,24.8816,65.4093,90.6461,43.8769,2.3512,10.3687,23.1225,54.0649,50.0154,,39.589,23.1225,54.0649,43.4941,2208.0,Lower combined pressure
06109,,,,,,,,0.045,Tuolumne,CA,10.3,7.6,8.0,14.8,16.8,23.6,7.0,,,-54.9182,0.0,0.0,,,50.0154,,,,,,60.6771,,,38.0751,35.0812,55.0744,49.2896,42.7267,59.726,9.5399,6.8934,50.0154,60.6771,46.6622,9.5399,6.8934,43.4828,2209.0,Lower combined pressure
13207,,,,,,,,,Monroe,GA,10.1,7.1,6.7,13.9,16.8,20.0,11.2,,,0.4613,0.0,0.0,,,50.0154,,,,,,,,,29.2794,25.9303,23.3593,33.2206,42.7267,17.8281,62.703,41.391,50.0154,,28.7241,62.703,41.391,43.4601,2210.0,Lower combined pressure
19053,,,,,,,,,Decatur,IA,10.2,8.5,7.9,14.2,17.4,21.3,8.1,,,0.4573,0.0,0.0,,,50.0154,,,,,,,,,33.4405,52.6556,52.1313,38.498,54.364,33.3897,24.7294,40.8964,50.0154,,44.0798,24.7294,40.8964,43.4496,2211.0,Lower combined pressure
19085,,,,,,,,0.046,Harrison,IA,9.9,7.8,7.4,13.5,16.0,20.2,6.7,,,0.3612,0.0,0.0,,,50.0154,,,,,,70.8333,,,20.5514,38.887,38.6671,26.6407,28.8058,20.1116,6.8843,27.9753,50.0154,70.8333,28.944,6.8843,27.9753,43.4349,2212.0,Lower combined pressure
17033,,,,,,,,,Crawford,IL,10.4,8.4,7.2,14.1,17.2,22.3,8.3,,,0.4523,0.0,0.0,,,50.0154,,,,,,,,,42.6928,50.592,33.8464,36.6881,50.203,44.1137,27.8417,40.2782,50.0154,,43.0227,27.8417,40.2782,43.4297,2213.0,Lower combined pressure
08013,,,,,,,6.3973,0.0497,Boulder,CO,10.3,4.7,4.8,10.5,15.2,23.3,7.8,,,0.3165,0.0,0.0,,,50.0154,,,,,60.2067,93.3594,,,38.0751,2.2666,1.8775,1.5223,16.8978,56.2754,20.2131,23.3076,50.0154,76.783,19.4858,20.2131,23.3076,43.4239,2214.0,Lower combined pressure
42131,,,,,,,5.2064,,Wyoming,PA,,,,,,,,,,0.3052,0.0,0.0,,,50.0154,,,,,43.9276,,,,,,,,,,,22.3493,50.0154,43.9276,,,22.3493,43.4176,2215.0,Lower combined pressure
51790,,,,,,,,,Staunton,VA,11.0,7.5,7.0,14.1,17.1,24.5,8.1,,,0.394,0.0,0.0,,,50.0154,,,,,,,,,68.9953,33.1698,29.161,36.6881,48.0717,68.4709,24.7294,32.2102,50.0154,,47.4261,24.7294,32.2102,43.4068,2216.0,Lower combined pressure
30001,,,,,,,4.3599,,Beaverhead,MT,10.9,7.5,7.4,14.0,16.9,24.3,9.5,,,0.3761,0.0,0.0,,,50.0154,,,,,36.3049,,,,64.4621,33.1698,38.6671,34.9797,44.5704,66.6441,45.3484,30.0773,50.0154,36.3049,47.0822,45.3484,30.0773,43.394,2217.0,Lower combined pressure
26087,,,,,,,,,Lapeer,MI,11.4,9.0,7.6,14.8,17.5,26.2,7.0,,,-41.251,0.0,0.0,,,50.0154,,,,,,,,,83.7957,61.8572,43.8092,49.2896,56.8166,84.6245,9.5399,7.4498,50.0154,,63.3655,9.5399,7.4498,43.3933,2218.0,Lower combined pressure
51101,,,,,,,,,King William,VA,10.9,6.7,6.3,13.6,17.1,23.9,7.9,,,0.5442,0.0,0.0,,,50.0154,,,,,,,,,64.4621,19.6719,16.6272,28.366,48.0717,62.703,21.6171,53.7867,50.0154,,39.9836,21.6171,53.7867,43.3879,2219.0,Lower combined pressure
18173,,,,,,,,0.0461,Warrick,IN,10.7,6.8,6.3,12.1,16.0,24.8,6.1,,,0.2412,0.0,0.0,,,50.0154,,,,,,71.224,,,55.8018,21.0927,16.6272,8.6096,28.8058,71.8539,3.1969,17.9598,50.0154,71.224,33.7985,3.1969,17.9598,43.3759,2220.0,Lower combined pressure
33019,,,,,,,,,Sullivan,NH,10.8,8.0,7.3,13.4,15.7,24.1,7.8,,,0.5209,0.0,0.0,,,50.0154,,,,,,,,,60.2842,42.7436,36.3329,24.6786,23.41,64.5636,20.2131,50.0155,50.0154,,42.0021,20.2131,50.0155,43.3707,2221.0,Lower combined pressure
28057,,,,,,,,,Itawamba,MS,9.5,8.2,7.1,14.3,17.6,21.1,10.4,,,0.366,0.0,0.0,,,50.0154,,,,,,,,,9.6583,46.8539,31.4276,40.3078,59.0325,31.0724,55.5819,28.5935,50.0154,,36.3921,55.5819,28.5935,43.3602,2222.0,Lower combined pressure
37189,,,,,,,,,Watauga,NC,10.9,7.0,6.3,12.2,19.0,28.5,8.8,,,0.2126,0.0,0.0,,,50.0154,,,,,,,,,64.4621,24.3065,16.6272,9.4384,83.7788,94.6549,35.8085,17.0943,50.0154,,48.878,35.8085,17.0943,43.3525,2223.0,Lower combined pressure
37059,,,,,,,,,Davie,NC,10.5,7.8,7.5,13.3,15.8,24.8,9.4,,,0.3618,0.0,0.0,,,50.0154,,,,,,,,,46.9046,38.887,41.0859,23.0886,25.3214,71.8539,44.0291,28.0371,50.0154,,41.1902,44.0291,28.0371,43.3451,2224.0,Lower combined pressure
26045,,,,,,,,,Eaton,MI,11.4,7.5,6.8,13.4,17.4,26.8,6.3,,,0.4624,0.0,0.0,,,50.0154,,,,,,,,,83.7957,33.1698,25.406,24.6786,54.364,88.6502,4.1779,41.6383,50.0154,,51.6774,4.1779,41.6383,43.3408,2225.0,Lower combined pressure
49053,,,,,,,0.8208,0.0476,Washington,UT,10.7,6.2,6.9,13.8,15.6,25.4,10.0,,,0.2618,0.0,0.0,,,50.0154,,,,,9.3023,85.4167,,,55.8018,13.6502,27.2666,31.2415,22.0737,78.1461,50.8796,18.9799,50.0154,47.3595,38.03,50.8796,18.9799,43.3379,2226.0,Lower combined pressure
12101,,,,,,,,0.0418,Pasco,FL,9.7,7.8,7.7,14.6,16.4,19.1,14.5,,,0.5141,0.0,0.0,,,50.0154,,,,,,28.5156,,,13.5487,38.887,46.431,45.4838,35.4533,10.3687,83.6604,49.119,50.0154,28.5156,31.6954,83.6604,49.119,43.3353,2227.0,Lower combined pressure
31051,,,,,,,,,Dixon,NE,9.0,8.1,8.3,13.5,13.4,15.8,12.0,,,0.4934,0.0,0.0,,,50.0154,,,,,,,,,2.7064,44.7903,63.1597,26.6407,3.3322,1.1164,69.5196,46.3679,50.0154,,23.6243,69.5196,46.3679,43.3326,2228.0,Lower combined pressure
19151,,,,,,,,,Pocahontas,IA,10.0,8.6,8.4,14.3,15.8,19.6,7.8,,,0.5858,0.0,0.0,,,50.0154,,,,,,,,,24.8816,54.6854,66.0521,40.3078,25.3214,14.2422,20.2131,60.6491,50.0154,,37.5818,20.2131,60.6491,43.3151,2229.0,Lower combined pressure
44007,,,,,,,2.5638,0.0379,Providence,RI,12.4,6.7,6.2,14.0,17.9,23.1,10.1,,,0.6494,0.0,0.0,,,50.0154,,,,,23.2558,8.4635,,,96.8539,19.6719,15.3248,34.9797,64.9019,53.9073,52.3512,71.932,50.0154,15.8597,47.6066,52.3512,71.932,43.2995,2230.0,Lower combined pressure
53071,,,,,,,5.2474,,Walla Walla,WA,11.0,6.0,6.5,14.3,16.8,24.8,10.8,,,-70.6881,0.0,0.0,,,50.0154,,,,,44.5736,,,,68.9953,11.6373,19.5873,40.3078,42.7267,71.8539,58.8802,6.1515,50.0154,44.5736,42.518,58.8802,6.1515,43.2807,2231.0,Lower combined pressure
06015,,,,,,,0.9416,,Del Norte,CA,10.8,8.1,7.7,15.9,18.3,23.5,9.7,,,0.597,0.0,0.0,,,50.0154,,,,,10.4651,,,,60.2842,44.7903,46.431,67.8112,72.615,58.6265,47.7165,62.6584,50.0154,10.4651,58.4264,47.7165,62.6584,43.265,2232.0,Lower combined pressure
39135,,,,,,,1.6146,0.0397,Preble,OH,10.9,9.1,7.9,14.8,17.9,26.0,7.5,,,0.6289,0.0,0.0,,,50.0154,,,,,15.8915,16.4062,,,64.4621,63.6333,52.1313,49.2896,64.9019,83.3221,16.3058,68.408,50.0154,16.1489,62.9567,16.3058,68.408,43.2524,2233.0,Lower combined pressure
19141,,,,,,,,,O'Brien,IA,10.1,8.4,7.9,14.1,16.7,21.0,8.4,,,0.4851,0.0,0.0,,,50.0154,,,,,,,,,29.2794,50.592,52.1313,36.6881,40.8153,29.7361,29.4147,45.1932,50.0154,,39.8737,29.4147,45.1932,43.2451,2234.0,Lower combined pressure
09170,,,,,,,,,South Central Connecticut,CT,10.9,5.6,5.9,12.6,16.1,20.4,10.1,,,0.5763,0.0,0.0,,,50.0154,,,,,,,,,64.4621,7.5947,11.3498,13.7009,30.4635,22.6658,52.3512,59.0108,50.0154,,25.0395,52.3512,59.0108,43.2009,2235.0,Lower combined pressure
45043,,,,,,,,,Georgetown,SC,9.3,8.6,8.6,14.4,14.0,19.8,9.8,,,0.4681,0.0,0.0,,,50.0154,,,,,,,,,6.6475,54.6854,71.6678,42.1685,6.7659,16.1536,48.7483,42.5348,50.0154,,33.0148,48.7483,42.5348,43.1822,2236.0,Lower combined pressure
55071,,,,,,,,0.0441,Manitowoc,WI,10.7,7.7,7.7,14.0,14.9,21.6,8.0,,,0.4544,0.0,0.0,,,50.0154,,,,,,49.7396,,,55.8018,36.9249,46.431,34.9797,14.1238,36.502,23.1225,40.6182,50.0154,49.7396,37.4605,23.1225,40.6182,43.1787,2237.0,Lower combined pressure
48031,,,,,,,,,Blanco,TX,9.6,7.2,7.4,13.4,14.7,21.5,11.9,,,0.467,0.0,0.0,,,50.0154,,,,,,,,,11.4344,27.6894,38.6671,24.6786,12.3647,35.318,68.8092,42.4111,50.0154,,25.0254,68.8092,42.4111,43.1773,2238.0,Lower combined pressure
39107,,,,,,,,,Mercer,OH,10.4,7.9,7.3,13.4,17.1,24.9,7.2,,,0.5256,0.0,0.0,,,50.0154,,,,,,,,,42.6928,40.8829,36.3329,24.6786,48.0717,73.1225,12.111,50.7573,50.0154,,44.2969,12.111,50.7573,43.1542,2239.0,Lower combined pressure
53021,,,,,,,4.5689,,Franklin,WA,10.5,5.4,5.3,14.8,17.8,21.2,19.6,,,-44.7422,0.0,0.0,,,50.0154,,,,,37.8553,,,,46.9046,5.7341,5.1759,49.2896,62.7876,32.3072,95.23,7.3261,50.0154,37.8553,33.6998,95.23,7.3261,43.149,2240.0,Lower combined pressure
19111,,,,,,,,,Lee,IA,10.2,8.6,8.0,14.7,16.5,20.2,7.4,,,0.5541,0.0,0.0,,,50.0154,,,,,,,,,33.4405,54.6854,55.0744,47.3106,37.0095,20.1116,14.9188,55.3014,50.0154,,41.272,14.9188,55.3014,43.1262,2241.0,Lower combined pressure
30097,,,,,,,,,Sweet Grass,MT,10.7,7.7,7.9,14.4,15.6,22.7,8.6,,,0.4027,0.0,0.0,,,50.0154,,,,,,,,,55.8018,36.9249,52.1313,42.1685,22.0737,49.0528,32.6286,33.1994,50.0154,,43.0255,32.6286,33.1994,43.1251,2242.0,Lower combined pressure
48113,,,,,,,3.6753,0.0461,Dallas,TX,9.8,5.6,5.3,12.6,17.1,19.3,20.6,,,-4.0806,0.0,0.0,,,50.0154,,,,,30.6202,72.526,,,16.6272,7.5947,5.1759,13.7009,48.0717,11.7388,95.9405,13.2921,50.0154,51.5731,17.1516,95.9405,13.2921,43.109,2243.0,Lower combined pressure
51147,,,,,,,,0.0388,Prince Edward,VA,11.6,7.7,6.6,14.5,20.5,25.6,10.2,,,0.4853,0.0,0.0,,,50.0154,,,,,,11.7188,,,88.5149,36.9249,21.4141,43.8769,95.4499,79.9222,53.6536,45.2241,50.0154,11.7188,61.0171,53.6536,45.2241,43.0764,2244.0,Lower combined pressure
34029,,,,,,,6.4323,0.0472,Ocean,NJ,9.2,6.8,7.0,13.9,15.0,16.1,9.5,,,-13.6005,0.0,0.0,,,50.0154,,,,,61.7571,82.6823,,,5.1421,21.0927,29.161,33.2206,14.9865,1.5392,45.3484,11.0046,50.0154,72.2197,17.5237,45.3484,11.0046,43.0758,2245.0,Lower combined pressure
48473,,,,,,,,,Waller,TX,10.3,5.4,5.0,12.6,18.9,21.6,17.6,,,-90.3407,0.0,0.0,,,50.0154,,,,,,,,,38.0751,5.7341,3.1461,13.7009,82.3748,36.502,92.5744,5.626,50.0154,,29.9222,92.5744,5.626,43.0736,2246.0,Lower combined pressure
06063,,,,,,,3.1015,,Plumas,CA,10.6,8.7,9.3,15.8,16.6,23.4,6.4,,,0.5793,0.0,0.0,,,50.0154,,,,,27.261,,,,51.2686,56.4445,84.7936,66.3904,38.7855,57.4256,4.8376,59.5981,50.0154,27.261,59.1847,4.8376,59.5981,43.0596,2247.0,Lower combined pressure
26009,,,,,,,,,Antrim,MI,11.0,9.0,8.5,14.3,15.5,25.2,5.5,,,0.3861,0.0,0.0,,,50.0154,,,,,,,,,68.9953,61.8572,68.9276,40.3078,20.6867,76.0487,1.184,31.3138,50.0154,,56.1372,1.184,31.3138,43.0516,2248.0,Lower combined pressure
46105,,,,,,,,,Perkins,SD,10.2,8.9,9.3,14.3,14.4,20.2,8.4,,,0.4494,0.0,0.0,,,50.0154,,,,,,,,,33.4405,60.1488,84.7936,40.3078,9.6583,20.1116,29.4147,39.8145,50.0154,,41.4101,29.4147,39.8145,43.0401,2249.0,Lower combined pressure
27007,,,,,,,6.2022,0.0382,Beltrami,MN,11.2,6.9,6.9,13.1,17.6,26.9,8.2,,,0.5024,0.0,0.0,,,50.0154,,,,,57.1059,9.375,,,77.4357,22.7165,27.2666,20.1116,59.0325,89.3437,26.3024,47.6043,50.0154,33.2405,49.3178,26.3024,47.6043,43.0349,2250.0,Lower combined pressure
13121,,,,,,,8.6255,0.0458,Fulton,GA,9.4,4.5,4.6,10.8,15.4,16.9,10.1,,,-8.7715,0.0,0.0,,,50.0154,,,,,92.2481,68.4896,,,8.0176,1.5392,1.0995,2.2835,19.2828,3.3153,52.3512,12.1484,50.0154,80.3688,5.923,52.3512,12.1484,43.0275,2251.0,Lower combined pressure
12017,,,,,,,0.8252,,Citrus,FL,9.7,11.1,11.1,17.1,15.9,18.4,12.4,,,0.5269,0.0,0.0,,,50.0154,,,,,9.4315,,,,13.5487,89.4621,98.4608,83.2206,27.2327,7.5271,72.4797,50.9737,50.0154,9.4315,53.242,72.4797,50.9737,43.0183,2252.0,Lower combined pressure
36005,,,,,,,2.7195,0.043,Bronx,NY,11.8,6.9,7.0,16.8,16.4,15.8,15.6,,,-46.2258,0.0,0.0,,,50.0154,,,,,24.2894,37.7604,,,91.8133,22.7165,29.161,79.1779,35.4533,1.1164,87.1279,7.2334,50.0154,31.0249,43.2397,87.1279,7.2334,43.0069,2253.0,Lower combined pressure
08069,,,,,,,1.1552,0.052,Larimer,CO,11.2,5.2,5.1,11.5,16.6,24.8,8.6,,,0.3377,0.0,0.0,,,50.0154,,,,,12.6615,97.2656,,,77.4357,4.5839,3.8735,4.7023,38.7855,71.8539,32.6286,25.4405,50.0154,54.9636,33.5391,32.6286,25.4405,42.9372,2254.0,Lower combined pressure
51079,,,,,,,,,Greene,VA,10.7,7.6,7.1,14.4,16.7,23.8,9.0,,,0.2995,0.0,0.0,,,50.0154,,,,,,,,,55.8018,35.0812,31.4276,42.1685,40.8153,61.8234,38.7348,21.7929,50.0154,,44.5196,38.7348,21.7929,42.9164,2255.0,Lower combined pressure
42089,,,,,,,,0.0431,Monroe,PA,,,,,,,,,,0.3586,0.0,0.0,,,50.0154,,,,,,40.4948,,,,,,,,,,27.6043,50.0154,40.4948,,,27.6043,42.9058,2256.0,Lower combined pressure
48211,,,,,,,,,Hemphill,TX,9.4,6.2,6.3,13.0,15.9,21.5,16.4,,,0.3928,0.0,0.0,,,50.0154,,,,,,,,,8.0176,13.6502,16.6272,18.5724,27.2327,35.318,89.885,32.0556,50.0154,,19.903,89.885,32.0556,42.8993,2257.0,Lower combined pressure
51047,,,,,,,,,Culpeper,VA,10.6,7.0,6.6,13.9,16.7,22.5,10.4,,,0.3377,0.0,0.0,,,50.0154,,,,,,,,,51.2686,24.3065,21.4141,33.2206,40.8153,46.3464,55.5819,25.4714,50.0154,,36.2286,55.5819,25.4714,42.8895,2258.0,Lower combined pressure
19091,,,,,,,,,Humboldt,IA,10.1,8.7,8.3,14.3,16.4,20.1,7.7,,,0.5282,0.0,0.0,,,50.0154,,,,,,,,,29.2794,56.4445,63.1597,40.3078,35.4533,18.9107,18.7754,51.1592,50.0154,,40.5926,18.7754,51.1592,42.8616,2259.0,Lower combined pressure
06077,,,,,,,8.7676,0.04,San Joaquin,CA,9.5,5.5,5.7,14.1,17.2,19.6,12.8,,,-5.0792,0.0,0.0,,,50.0154,,,,,93.1525,17.1875,,,9.6583,6.6137,9.1171,36.6881,50.203,14.2422,74.8647,12.9212,50.0154,55.17,21.0871,74.8647,12.9212,42.8475,2260.0,Lower combined pressure
19063,,,,,,,,,Emmet,IA,9.9,8.4,8.0,14.2,16.3,19.7,8.9,,,0.4832,0.0,0.0,,,50.0154,,,,,,,,,20.5514,50.592,55.0744,38.498,33.8802,15.2064,37.297,44.7913,50.0154,,35.6337,37.297,44.7913,42.8292,2261.0,Lower combined pressure
26029,,,,,,,,,Charlevoix,MI,11.2,8.6,8.2,13.9,15.5,24.7,5.4,,,0.4375,0.0,0.0,,,50.0154,,,,,,,,,77.4357,54.6854,60.3857,33.2206,20.6867,70.6867,0.9811,38.0216,50.0154,,52.8501,0.9811,38.0216,42.8232,2262.0,Lower combined pressure
08027,,,,,,,,,Custer,CO,11.2,8.6,8.8,14.6,14.4,22.0,7.6,,,0.3494,0.0,0.0,,,50.0154,,,,,,,,,77.4357,54.6854,75.9303,45.4838,9.6583,41.0183,17.5237,26.7697,50.0154,,50.702,17.5237,26.7697,42.8126,2263.0,Lower combined pressure
17173,,,,,,,,,Shelby,IL,10.4,9.0,8.1,14.5,16.7,22.4,7.4,,,0.4117,0.0,0.0,,,50.0154,,,,,,,,,42.6928,61.8572,57.747,43.8769,40.8153,45.1455,14.9188,34.3431,50.0154,,48.6891,14.9188,34.3431,42.8041,2264.0,Lower combined pressure
46053,,,,,,,,,Gregory,SD,10.2,8.8,9.2,14.4,14.8,20.1,9.0,,,0.364,0.0,0.0,,,50.0154,,,,,,,,,33.4405,58.2206,83.2544,42.1685,13.3119,18.9107,38.7348,28.3153,50.0154,,41.5511,38.7348,28.3153,42.7965,2265.0,Lower combined pressure
31065,,,,,,,,,Furnas,NE,9.4,8.5,8.7,13.7,13.6,17.1,9.5,,,0.5432,0.0,0.0,,,50.0154,,,,,,,,,8.0176,52.6556,74.002,29.6177,4.3978,3.9073,45.3484,53.6012,50.0154,,28.7664,45.3484,53.6012,42.7882,2266.0,Lower combined pressure
05125,,,,,,,,,Saline,AR,10.0,7.2,7.1,14.2,17.1,24.7,9.2,,,0.3676,0.0,0.0,,,50.0154,,,,,,,,,24.8816,27.6894,31.4276,38.498,48.0717,70.6867,41.475,28.779,50.0154,,40.2092,41.475,28.779,42.7764,2267.0,Lower combined pressure
26067,,,,,,,,,Ionia,MI,11.2,8.1,6.7,14.0,18.7,26.8,7.7,,,-61.9711,0.0,0.0,,,50.0154,,,,,,,,,77.4357,44.7903,23.3593,34.9797,79.2456,88.6502,18.7754,6.4297,50.0154,,58.0768,18.7754,6.4297,42.7258,2268.0,Lower combined pressure
21209,,,,,,,,,Scott,KY,,,,,,,,,,0.2906,0.0,0.0,,,50.0154,,,,,,,,,,,,,,,,20.8346,50.0154,,,,20.8346,42.7202,2269.0,Lower combined pressure
13047,,,,,,,,,Catoosa,GA,9.9,7.5,6.9,14.2,17.2,21.3,11.1,,,0.3236,0.0,0.0,,,50.0154,,,,,,,,,20.5514,33.1698,27.2666,38.498,50.203,33.3897,61.6204,24.1113,50.0154,,33.8464,61.6204,24.1113,42.7192,2270.0,Lower combined pressure
55141,,,,,,,,,Wood,WI,10.9,7.7,7.8,14.1,15.7,22.7,7.9,,,0.4533,0.0,0.0,,,50.0154,,,,,,,,,64.4621,36.9249,49.0866,36.6881,23.41,49.0528,21.6171,40.4328,50.0154,,43.2707,21.6171,40.4328,42.7031,2271.0,Lower combined pressure
04011,,,,,,,,,Greenlee,AZ,10.1,5.4,5.3,13.2,15.9,19.2,16.1,,,0.4481,0.0,0.0,,,50.0154,,,,,,,,,29.2794,5.7341,5.1759,21.634,27.2327,10.9777,88.9885,39.5518,50.0154,,16.6723,88.9885,39.5518,42.7023,2272.0,Lower combined pressure
37109,,,,,,,,0.0433,Lincoln,NC,10.6,7.6,7.0,13.0,16.2,25.1,9.4,,,0.3412,0.0,0.0,,,50.0154,,,,,,42.4479,,,51.2686,35.0812,29.161,18.5724,32.1719,75.1691,44.0291,26.0278,50.0154,42.4479,40.2374,44.0291,26.0278,42.6816,2273.0,Lower combined pressure
31157,,,,,,,4.0319,,Scotts Bluff,NE,9.2,7.6,7.5,13.6,14.1,17.5,12.1,,,0.6552,0.0,0.0,,,50.0154,,,,,33.2041,,,,5.1421,35.0812,41.0859,28.366,7.3917,4.8545,70.2639,72.5502,50.0154,33.2041,20.3203,70.2639,72.5502,42.6671,2274.0,Lower combined pressure
34021,,,,,,,7.0002,0.0465,Mercer,NJ,9.0,4.9,5.4,11.8,14.5,14.8,11.4,,,-11.3725,0.0,0.0,,,50.0154,,,,,74.2894,76.1719,,,2.7064,3.1123,6.0386,6.5122,10.5886,0.5244,64.6313,11.6229,50.0154,75.2306,4.9137,64.6313,11.6229,42.6661,2275.0,Lower combined pressure
16019,,,,,,,5.0623,,Bonneville,ID,10.6,6.0,5.6,12.5,16.5,25.3,10.7,,,0.3836,0.0,0.0,,,50.0154,,,,,42.1189,,,,51.2686,11.6373,8.0176,12.4662,37.0095,76.979,57.8654,31.0046,50.0154,42.1189,32.8964,57.8654,31.0046,42.6454,2276.0,Lower combined pressure
29213,,,,,,,0.4156,,Taney,MO,10.7,9.5,8.3,15.9,17.5,24.3,9.5,,,0.5441,0.0,0.0,,,50.0154,,,,,7.4935,,,,55.8018,69.9763,63.1597,67.8112,56.8166,66.6441,45.3484,53.7249,50.0154,7.4935,63.3683,45.3484,53.7249,42.6274,2277.0,Lower combined pressure
19173,,,,,,,,,Taylor,IA,9.8,8.3,8.0,14.4,16.0,20.6,8.5,,,0.5055,0.0,0.0,,,50.0154,,,,,,,,,16.6272,48.6637,55.0744,42.1685,28.8058,25.3552,31.0047,48.2535,50.0154,,36.1158,31.0047,48.2535,42.6125,2278.0,Lower combined pressure
42015,,,,,,,5.8639,0.0402,Bradford,PA,,,,,,,,,,0.4475,0.0,0.0,,,50.0154,,,,,51.6796,18.2292,,,,,,,,,,39.4436,50.0154,34.9544,,,39.4436,42.5963,2279.0,Lower combined pressure
48465,,,,,,,,,Val Verde,TX,8.8,5.6,6.4,15.6,17.2,19.5,32.3,,,-70.8288,0.0,0.0,,,50.0154,,,,,,,,,1.3363,7.5947,17.8958,63.2273,50.203,13.3965,99.3065,6.0896,50.0154,,25.6089,99.3065,6.0896,42.5953,2280.0,Lower combined pressure
13215,,,,,,,4.4002,0.042,Muscogee,GA,10.9,7.1,6.3,14.2,18.7,19.6,14.2,,,-16.2766,0.0,0.0,,,50.0154,,,,,36.6925,29.9479,,,64.4621,25.9303,16.6272,38.498,79.2456,14.2422,82.5101,10.4791,50.0154,33.3202,39.8342,82.5101,10.4791,42.5922,2281.0,Lower combined pressure
09009,,,,,,,2.5885,0.0435,,,,,,,,,,,,,0.0,0.0,,,50.0154,,,,,23.385,43.8802,,,,,,,,,,,50.0154,33.6326,,,,42.5687,2282.0,Lower combined pressure
17085,,,,,,,,0.0447,Jo Daviess,IL,9.9,8.6,8.5,13.8,14.8,20.6,6.8,,,0.4308,0.0,0.0,,,50.0154,,,,,,56.7708,,,20.5514,54.6854,68.9276,31.2415,13.3119,25.3552,7.6286,36.8779,50.0154,56.7708,35.6788,7.6286,36.8779,42.5677,2283.0,Lower combined pressure
26015,,,,,,,,,Barry,MI,11.2,8.3,7.2,13.9,17.2,26.2,6.3,,,0.3624,0.0,0.0,,,50.0154,,,,,,,,,77.4357,48.6637,33.8464,33.2206,50.203,84.6245,4.1779,28.1607,50.0154,,54.6657,4.1779,28.1607,42.5399,2284.0,Lower combined pressure
48493,,,,,,,,,Wilson,TX,9.4,6.1,6.3,13.5,16.0,20.9,17.5,,,0.3423,0.0,0.0,,,50.0154,,,,,,,,,8.0176,12.7199,16.6272,26.6407,28.8058,28.5521,92.27,26.1206,50.0154,,20.2272,92.27,26.1206,42.534,2285.0,Lower combined pressure
13051,,,,,,,8.2391,0.0406,Chatham,GA,10.2,6.4,6.1,13.0,16.6,18.9,12.4,,,-11.0161,0.0,0.0,,,50.0154,,,,,89.2765,20.3125,,,33.4405,15.9168,13.9378,18.5724,38.7855,9.2862,72.4797,11.6847,50.0154,54.7945,21.6565,72.4797,11.6847,42.5338,2286.0,Lower combined pressure
31147,,,,,,,,,Richardson,NE,9.4,8.4,8.4,13.8,13.7,17.7,8.7,,,0.613,0.0,0.0,,,50.0154,,,,,,,,,8.0176,50.592,66.0521,31.2415,5.0406,5.548,34.2524,65.3168,50.0154,,27.7486,34.2524,65.3168,42.5316,2287.0,Lower combined pressure
51685,,,,,,,,,Manassas Park,VA,9.8,5.5,5.3,14.1,16.7,20.4,17.8,,,0.3056,0.0,0.0,,,50.0154,,,,,,,,,16.6272,6.6137,5.1759,36.6881,40.8153,22.6658,92.9127,22.442,50.0154,,21.431,92.9127,22.442,42.5305,2288.0,Lower combined pressure
19035,,,,,,,,,Cherokee,IA,10.0,9.0,8.7,14.5,15.9,20.2,7.9,,,0.4662,0.0,0.0,,,50.0154,,,,,,,,,24.8816,61.8572,74.002,43.8769,27.2327,20.1116,21.6171,42.2566,50.0154,,41.9937,21.6171,42.2566,42.5205,2289.0,Lower combined pressure
01125,,,,,,,5.5597,0.0408,Tuscaloosa,AL,10.3,6.6,5.8,12.8,18.4,25.0,9.3,,,0.5184,0.0,0.0,,,50.0154,,,,,47.1576,21.7448,,,38.0751,18.4202,10.2165,16.1536,74.5264,74.205,42.7943,49.7063,50.0154,34.4512,38.5995,42.7943,49.7063,42.5174,2290.0,Lower combined pressure
50005,,,,,,,,,Caledonia,VT,11.3,7.8,7.1,13.8,17.1,26.7,6.6,,,0.3747,0.0,0.0,,,50.0154,,,,,,,,,80.8863,38.887,31.4276,31.2415,48.0717,88.0582,6.1401,29.7372,50.0154,,53.0954,6.1401,29.7372,42.4883,2291.0,Lower combined pressure
37021,,,,,,,6.7934,0.0432,Buncombe,NC,10.3,6.9,6.7,12.2,15.3,24.7,9.0,,,0.2921,0.0,0.0,,,50.0154,,,,,70.2842,40.8854,,,38.0751,22.7165,23.3593,9.4384,18.0819,70.6867,38.7348,20.9892,50.0154,55.5848,30.393,38.7348,20.9892,42.4715,2292.0,Lower combined pressure
51091,,,,,,,,,Highland,VA,10.0,9.3,9.9,15.1,13.9,21.6,7.3,,,0.4342,0.0,0.0,,,50.0154,,,,,,,,,24.8816,66.9486,92.4899,54.956,6.2585,36.502,13.4641,37.4343,50.0154,,47.0061,13.4641,37.4343,42.4613,2293.0,Lower combined pressure
30063,,,,,,,7.108,0.0416,Missoula,MT,10.7,5.4,5.2,11.9,17.6,26.6,8.5,,,0.3126,0.0,0.0,,,50.0154,,,,,76.2274,26.8229,,,55.8018,5.7341,4.4993,7.2395,59.0325,87.4493,31.0047,22.9675,50.0154,51.5252,36.6261,31.0047,22.9675,42.4397,2294.0,Lower combined pressure
20079,,,,,,,,,Harvey,KS,10.0,7.2,7.2,12.9,15.6,20.3,9.8,,,0.5713,0.0,0.0,,,50.0154,,,,,,,,,24.8816,27.6894,33.8464,17.3714,22.0737,21.2957,48.7483,58.1144,50.0154,,24.5264,48.7483,58.1144,42.43,2295.0,Lower combined pressure
31095,,,,,,,,,Jefferson,NE,9.2,7.7,8.1,13.2,13.6,17.7,8.8,,,0.6875,0.0,0.0,,,50.0154,,,,,,,,,5.1421,36.9249,57.747,21.634,4.3978,5.548,35.8085,77.4652,50.0154,,21.899,35.8085,77.4652,42.409,2296.0,Lower combined pressure
21239,,,,,,,,,Woodford,KY,,,,,,,,,,0.2711,0.0,0.0,,,50.0154,,,,,,,,,,,,,,,,19.4127,50.0154,,,,19.4127,42.3647,2297.0,Lower combined pressure
37141,,,,,,,,,Pender,NC,10.7,7.3,6.8,13.0,16.5,24.8,9.6,,,0.2993,0.0,0.0,,,50.0154,,,,,,,,,55.8018,29.5162,25.406,18.5724,37.0095,71.8539,46.6509,21.7002,50.0154,,39.6933,46.6509,21.7002,42.3507,2298.0,Lower combined pressure
29101,,,,,,,,,Johnson,MO,10.5,6.9,5.5,13.2,19.5,26.8,8.6,,,0.2779,0.0,0.0,,,50.0154,,,,,,,,,46.9046,22.7165,6.9858,21.634,88.7009,88.6502,32.6286,20.0,50.0154,,45.932,32.6286,20.0,42.334,2299.0,Lower combined pressure
48071,,,,,,,,,Chambers,TX,10.0,5.7,5.2,12.8,18.0,23.4,15.9,,,-142.1989,0.0,0.0,,,50.0154,,,,,,,,,24.8816,8.4574,4.4993,16.1536,66.8978,57.4256,88.3288,4.8223,50.0154,,29.7192,88.3288,4.8223,42.3327,2300.0,Lower combined pressure
42021,,,,,,,2.2066,0.0424,Cambria,PA,,,,,,,,,,0.5741,0.0,0.0,,,50.0154,,,,,19.3798,33.8542,,,,,,,,,,58.5471,50.0154,26.617,,,58.5471,42.3286,2301.0,Lower combined pressure
28081,,,,,,,,0.0449,Lee,MS,9.8,7.3,6.6,13.6,16.6,20.1,10.2,,,-43.0231,0.0,0.0,,,50.0154,,,,,,59.2448,,,16.6272,29.5162,21.4141,28.366,38.7855,18.9107,53.6536,7.4189,50.0154,59.2448,25.6033,53.6536,7.4189,42.3239,2302.0,Lower combined pressure
12069,,,,,,,,0.0413,Lake,FL,9.5,8.0,8.5,14.9,15.7,17.1,14.3,,,0.4812,0.0,0.0,,,50.0154,,,,,,24.8698,,,9.6583,42.7436,68.9276,51.1671,23.41,3.9073,82.9668,44.4204,50.0154,24.8698,33.3023,82.9668,44.4204,42.2864,2303.0,Lower combined pressure
55135,,,,,,,,,Waupaca,WI,11.1,7.8,7.7,14.3,15.7,22.9,8.2,,,0.3464,0.0,0.0,,,50.0154,,,,,,,,,73.5284,38.887,46.431,40.3078,23.41,51.7253,26.3024,26.4915,50.0154,,45.7149,26.3024,26.4915,42.2837,2304.0,Lower combined pressure
04005,,,,,,,0.2239,0.0477,Coconino,AZ,11.7,6.3,5.4,12.7,18.4,22.5,10.1,,,-76.5079,0.0,0.0,,,50.0154,,,,,3.23,86.0677,,,90.3586,14.6651,6.0386,14.8681,74.5264,46.3464,52.3512,5.966,50.0154,44.6488,41.1339,52.3512,5.966,42.282,2305.0,Lower combined pressure
34015,,,,,,,6.4095,0.0479,Gloucester,NJ,9.8,5.4,5.4,12.1,16.3,18.6,8.4,,,0.3382,0.0,0.0,,,50.0154,,,,,60.7235,87.1094,,,16.6272,5.7341,6.0386,8.6096,33.8802,8.1867,29.4147,25.5951,50.0154,73.9164,13.1794,29.4147,25.5951,42.2796,2306.0,Lower combined pressure
09150,,,,,,,,,Northeastern Connecticut,CT,11.4,6.8,6.4,13.9,17.2,23.9,7.6,,,0.4343,0.0,0.0,,,50.0154,,,,,,,,,83.7957,21.0927,17.8958,33.2206,50.203,62.703,17.5237,37.4652,50.0154,,44.8184,17.5237,37.4652,42.2775,2307.0,Lower combined pressure
48043,,,,,,,1.3849,0.0473,Brewster,TX,8.9,5.5,6.6,12.4,14.3,20.1,15.8,,,0.4053,0.0,0.0,,,50.0154,,,,,14.2119,83.724,,,1.9452,6.6137,21.4141,11.2821,8.7111,18.9107,87.9398,33.5394,50.0154,48.9679,11.4795,87.9398,33.5394,42.2644,2308.0,Lower combined pressure
37133,,,,,,,,,Onslow,NC,10.2,5.6,4.7,11.2,18.9,24.4,11.7,,,0.2412,0.0,0.0,,,50.0154,,,,,,,,,33.4405,7.5947,1.387,3.4844,82.3748,67.5406,67.1516,17.9289,50.0154,,32.637,67.1516,17.9289,42.2292,2309.0,Lower combined pressure
20017,,,,,,,0.406,,Chase,KS,10.0,9.3,8.9,14.5,15.9,20.3,10.7,,,0.7478,0.0,0.0,,,50.0154,,,,,7.1059,,,,24.8816,66.9486,77.7233,43.8769,27.2327,21.2957,57.8654,87.3879,50.0154,7.1059,43.6598,57.8654,87.3879,42.2214,2310.0,Lower combined pressure
51069,,,,,,,6.9562,0.042,Frederick,VA,10.3,6.8,6.6,13.4,16.1,22.3,9.4,,,0.3222,0.0,0.0,,,50.0154,,,,,72.9974,30.4688,,,38.0751,21.0927,21.4141,24.6786,30.4635,44.1137,44.0291,23.8331,50.0154,51.7331,29.9729,44.0291,23.8331,42.2173,2311.0,Lower combined pressure
31033,,,,,,,,,Cheyenne,NE,9.3,8.0,7.9,13.5,14.1,17.1,9.6,,,0.5903,0.0,0.0,,,50.0154,,,,,,,,,6.6475,42.7436,52.1313,26.6407,7.3917,3.9073,46.6509,61.5456,50.0154,,23.2437,46.6509,61.5456,42.1803,2312.0,Lower combined pressure
42103,,,,,,,,,Pike,PA,,,,,,,,,,0.2552,0.0,0.0,,,50.0154,,,,,,,,,,,,,,,,18.6399,50.0154,,,,18.6399,42.1715,2313.0,Lower combined pressure
29169,,,,,,,,,Pulaski,MO,10.1,5.8,4.5,12.3,19.1,24.6,10.6,,,0.3226,0.0,0.0,,,50.0154,,,,,,,,,29.2794,9.3369,0.8796,10.2842,84.8951,69.5873,56.935,23.9567,50.0154,,34.0438,56.935,23.9567,42.1397,2314.0,Lower combined pressure
19021,,,,,,,,,Buena Vista,IA,9.4,7.2,7.1,13.8,16.3,18.0,12.8,,,0.4032,0.0,0.0,,,50.0154,,,,,,,,,8.0176,27.6894,31.4276,31.2415,33.8802,6.4953,74.8647,33.2612,50.0154,,23.1253,74.8647,33.2612,42.1314,2315.0,Lower combined pressure
20059,,,,,,,,,Franklin,KS,10.4,7.7,7.0,13.6,16.8,21.3,8.8,,,0.459,0.0,0.0,,,50.0154,,,,,,,,,42.6928,36.9249,29.161,28.366,42.7267,33.3897,35.8085,41.0819,50.0154,,35.5435,35.8085,41.0819,42.1061,2316.0,Lower combined pressure
17039,,,,,,,,,De Witt,IL,10.4,8.4,7.3,14.2,17.0,22.5,7.7,,,0.4381,0.0,0.0,,,50.0154,,,,,,,,,42.6928,50.592,36.3329,38.498,46.3972,46.3464,18.7754,38.1144,50.0154,,43.4765,18.7754,38.1144,42.0836,2317.0,Lower combined pressure
27155,,,,,,,,,Traverse,MN,10.1,7.7,8.7,14.0,15.0,23.2,8.5,,,0.3957,0.0,0.0,,,50.0154,,,,,,,,,29.2794,36.9249,74.002,34.9797,14.9865,55.1252,31.0047,32.3338,50.0154,,40.8829,31.0047,32.3338,42.079,2318.0,Lower combined pressure
27099,,,,,,,,,Mower,MN,9.9,6.7,7.0,12.8,15.8,24.3,10.6,,,0.4133,0.0,0.0,,,50.0154,,,,,,,,,20.5514,19.6719,29.161,16.1536,25.3214,66.6441,56.935,34.5904,50.0154,,29.5839,56.935,34.5904,42.0709,2319.0,Lower combined pressure
46069,,,,,,,,,Hyde,SD,10.5,8.4,8.8,14.1,15.1,20.6,9.1,,,0.2858,0.0,0.0,,,50.0154,,,,,,,,,46.9046,50.592,75.9303,36.6881,15.8999,25.3552,40.1218,20.4946,50.0154,,41.895,40.1218,20.4946,42.0534,2320.0,Lower combined pressure
45057,,,,,,,,,Lancaster,SC,9.4,7.5,7.1,14.2,15.8,22.1,11.4,,,0.3437,0.0,0.0,,,50.0154,,,,,,,,,8.0176,33.1698,31.4276,38.498,25.3214,42.1516,64.6313,26.306,50.0154,,29.7643,64.6313,26.306,42.0526,2321.0,Lower combined pressure
30069,,,,,,,,,Petroleum,MT,10.5,8.6,9.0,15.2,14.9,21.4,8.5,,,0.1291,0.0,0.0,,,50.0154,,,,,,,,,46.9046,54.6854,79.5839,56.8843,14.1238,34.3369,31.0047,14.8995,50.0154,,47.7532,31.0047,14.8995,42.0445,2322.0,Lower combined pressure
36009,,,,,,,,,Cattaraugus,NY,11.4,9.4,8.0,15.6,17.5,21.6,6.6,,,-41.065,0.0,0.0,,,50.0154,,,,,,,,,83.7957,68.3694,55.0744,63.2273,56.8166,36.502,6.1401,7.4807,50.0154,,60.6309,6.1401,7.4807,42.0326,2323.0,Lower combined pressure
48205,,,,,,,,,Hartley,TX,9.1,6.3,6.3,13.3,16.3,20.7,18.8,,,0.2968,0.0,0.0,,,50.0154,,,,,,,,,3.6874,14.6651,16.6272,23.0886,33.8802,26.4208,94.4181,21.4219,50.0154,,19.7282,94.4181,21.4219,42.0276,2324.0,Lower combined pressure
20085,,,,,,,,,Jackson,KS,10.3,7.9,7.6,13.7,16.3,20.8,8.8,,,0.4519,0.0,0.0,,,50.0154,,,,,,,,,38.0751,40.8829,43.8092,29.6177,33.8802,27.4696,35.8085,40.1855,50.0154,,35.6225,35.8085,40.1855,42.0129,2325.0,Lower combined pressure
42045,,,,,,,2.3095,0.0458,Delaware,PA,,,,,,,,,,-12.6548,0.0,0.0,,,50.0154,,,,,21.1886,68.2292,,,,,,,,,,11.221,50.0154,44.7089,,,11.221,42.0061,2326.0,Lower combined pressure
29037,,,,,,,4.6213,0.0467,Cass,MO,10.1,7.3,6.4,13.2,16.7,23.9,8.0,,,0.2052,0.0,0.0,,,50.0154,,,,,38.3721,78.3854,,,29.2794,29.5162,17.8958,21.634,40.8153,62.703,23.1225,16.7852,50.0154,58.3788,33.6406,23.1225,16.7852,42.0002,2327.0,Lower combined pressure
17067,,,,,,,,,Hancock,IL,10.3,9.0,8.2,14.5,16.3,22.0,7.3,,,0.417,0.0,0.0,,,50.0154,,,,,,,,,38.0751,61.8572,60.3857,43.8769,33.8802,41.0183,13.4641,35.1777,50.0154,,46.5156,13.4641,35.1777,41.9969,2328.0,Lower combined pressure
20075,,,,,,,,,Hamilton,KS,9.3,6.5,6.4,13.2,15.5,18.6,17.0,,,0.4148,0.0,0.0,,,50.0154,,,,,,,,,6.6475,17.1685,17.8958,21.634,20.6867,8.1867,91.4411,34.9614,50.0154,,15.3699,91.4411,34.9614,41.9831,2329.0,Lower combined pressure
16057,,,,,,,6.2793,,Latah,ID,10.7,5.5,5.3,11.9,17.2,23.4,8.2,,,0.2971,0.0,0.0,,,50.0154,,,,,58.2687,,,,55.8018,6.6137,5.1759,7.2395,50.203,57.4256,26.3024,21.4529,50.0154,58.2687,30.4099,26.3024,21.4529,41.9498,2330.0,Lower combined pressure
19073,,,,,,,,,Greene,IA,10.1,8.6,8.3,14.5,16.1,20.4,7.1,,,0.5338,0.0,0.0,,,50.0154,,,,,,,,,29.2794,54.6854,63.1597,43.8769,30.4635,22.6658,10.8424,51.9011,50.0154,,40.6884,10.8424,51.9011,41.9348,2331.0,Lower combined pressure
12115,,,,,,,6.9909,0.0396,Sarasota,FL,9.1,8.4,9.4,14.3,13.4,17.9,10.3,,,0.311,0.0,0.0,,,50.0154,,,,,74.031,15.8854,,,3.6874,50.592,86.316,40.3078,3.3322,6.1908,54.7023,22.7821,50.0154,44.9582,31.7377,54.7023,22.7821,41.927,2332.0,Lower combined pressure
41003,,,,,,,,,Benton,OR,11.6,5.7,5.7,12.0,18.0,26.7,6.7,,,0.4877,0.0,0.0,,,50.0154,,,,,,,,,88.5149,8.4574,9.1171,7.933,66.8978,88.0582,6.8843,45.4405,50.0154,,44.8297,6.8843,45.4405,41.926,2333.0,Lower combined pressure
16041,,,,,,,5.2503,,Franklin,ID,10.7,6.6,6.0,13.5,16.7,22.8,10.1,,,0.2691,0.0,0.0,,,50.0154,,,,,44.832,,,,55.8018,18.4202,12.6522,26.6407,40.8153,50.406,52.3512,19.289,50.0154,44.832,34.1227,52.3512,19.289,41.9073,2334.0,Lower combined pressure
29189,,,,,,,5.7581,0.0454,St. Louis,MO,10.6,6.5,6.1,12.6,15.9,22.7,7.0,,,0.4793,0.0,0.0,,,50.0154,,,,,50.5168,64.3229,,,51.2686,17.1685,13.9378,13.7009,27.2327,49.0528,9.5399,44.0804,50.0154,57.4199,28.7269,9.5399,44.0804,41.9033,2335.0,Lower combined pressure
46009,,,,,,,,,Bon Homme,SD,9.8,8.0,8.1,13.7,15.3,19.6,10.4,,,0.4074,0.0,0.0,,,50.0154,,,,,,,,,16.6272,42.7436,57.747,29.6177,18.0819,14.2422,55.5819,33.8949,50.0154,,29.8433,55.5819,33.8949,41.8842,2336.0,Lower combined pressure
42055,,,,,,,,0.0426,Franklin,PA,,,,,,,,,,0.4135,0.0,0.0,,,50.0154,,,,,,35.026,,,,,,,,,,34.6213,50.0154,35.026,,,34.6213,41.8819,2337.0,Lower combined pressure
20145,,,,,,,,,Pawnee,KS,9.8,8.1,8.0,13.8,15.3,19.3,10.5,,,0.4072,0.0,0.0,,,50.0154,,,,,,,,,16.6272,44.7903,55.0744,31.2415,18.0819,11.7388,56.2585,33.7867,50.0154,,29.5924,56.2585,33.7867,41.8763,2338.0,Lower combined pressure
56023,,,,,,,2.7881,0.0481,Lincoln,WY,10.0,7.3,6.8,13.4,15.0,19.9,10.0,,,0.2661,0.0,0.0,,,50.0154,,,,,24.9354,88.5417,,,24.8816,29.5162,25.406,24.6786,14.9865,16.9317,50.8796,19.1345,50.0154,56.7385,22.7334,50.8796,19.1345,41.874,2339.0,Lower combined pressure
18029,,,,,,,,,Dearborn,IN,10.9,8.3,7.2,13.8,16.8,25.1,7.1,,,0.3748,0.0,0.0,,,50.0154,,,,,,,,,64.4621,48.6637,33.8464,31.2415,42.7267,75.1691,10.8424,29.7682,50.0154,,49.3516,10.8424,29.7682,41.8714,2340.0,Lower combined pressure
12071,,,,,,,6.0829,0.0394,Lee,FL,9.2,8.2,8.9,14.6,14.8,16.9,15.7,,,-4.1638,0.0,0.0,,,50.0154,,,,,55.9432,14.4531,,,5.1421,46.8539,77.7233,45.4838,13.3119,3.3153,87.5,13.2303,50.0154,35.1981,31.9717,87.5,13.2303,41.8701,2341.0,Lower combined pressure
55121,,,,,,,,,Trempealeau,WI,10.6,7.6,7.5,14.2,15.9,23.2,9.0,,,0.2981,0.0,0.0,,,50.0154,,,,,,,,,51.2686,35.0812,41.0859,38.498,27.2327,55.1252,38.7348,21.6074,50.0154,,41.3819,38.7348,21.6074,41.8458,2342.0,Lower combined pressure
17113,,,,,,,6.4175,0.0479,McLean,IL,10.3,5.6,5.2,11.1,16.7,22.3,6.8,,,0.2458,0.0,0.0,,,50.0154,,,,,61.1111,86.849,,,38.0751,7.5947,4.4993,3.0954,40.8153,44.1137,7.6286,18.238,50.0154,73.98,23.0323,7.6286,18.238,41.8444,2343.0,Lower combined pressure
12117,,,,,,,7.422,0.0421,Seminole,FL,9.1,5.6,5.9,11.9,15.1,16.4,13.0,,,0.4003,0.0,0.0,,,50.0154,,,,,80.3618,30.8594,,,3.6874,7.5947,11.3498,7.2395,15.8999,1.979,76.2686,32.9521,50.0154,55.6106,7.9584,76.2686,32.9521,41.8189,2344.0,Lower combined pressure
20169,,,,,,,,,Saline,KS,9.9,7.6,7.3,13.1,16.4,20.7,10.1,,,0.4425,0.0,0.0,,,50.0154,,,,,,,,,20.5514,35.0812,36.3329,20.1116,35.4533,26.4208,52.3512,38.7635,50.0154,,28.9919,52.3512,38.7635,41.8187,2345.0,Lower combined pressure
37175,,,,,,,,,Transylvania,NC,10.3,8.5,9.0,13.4,14.5,24.2,7.9,,,0.3691,0.0,0.0,,,50.0154,,,,,,,,,38.0751,52.6556,79.5839,24.6786,10.5886,65.6461,21.6171,28.9645,50.0154,,45.2047,21.6171,28.9645,41.8186,2346.0,Lower combined pressure
27071,,,,,,,,,Koochiching,MN,10.1,7.7,8.7,13.8,14.8,23.4,7.3,,,0.5146,0.0,0.0,,,50.0154,,,,,,,,,29.2794,36.9249,74.002,31.2415,13.3119,57.4256,13.4641,49.1499,50.0154,,40.3642,13.4641,49.1499,41.8095,2347.0,Lower combined pressure
25003,,,,,,,5.0101,0.0427,Berkshire,MA,12.0,7.7,7.8,13.9,16.9,25.1,4.8,,,0.397,0.0,0.0,,,50.0154,,,,,41.6021,35.4167,,,93.9107,36.9249,49.0866,33.2206,44.5704,75.1691,0.4736,32.5502,50.0154,38.5094,55.4804,0.4736,32.5502,41.8044,2348.0,Lower combined pressure
12055,,,,,,,,0.0395,Highlands,FL,9.5,11.0,11.7,17.5,15.7,16.9,17.9,,,-56.5013,0.0,0.0,,,50.0154,,,,,,15.3646,,,9.6583,88.498,99.1881,87.2294,23.41,3.3153,93.0819,6.7697,50.0154,15.3646,51.8832,93.0819,6.7697,41.8017,2349.0,Lower combined pressure
38103,,,,,,,,,Wells,ND,10.1,9.0,9.5,14.3,13.3,19.2,7.3,,,0.5386,0.0,0.0,,,50.0154,,,,,,,,,29.2794,61.8572,87.8383,40.3078,2.7402,10.9777,13.4641,52.8594,50.0154,,38.8334,13.4641,52.8594,41.7938,2350.0,Lower combined pressure
17131,,,,,,,,,Mercer,IL,10.3,8.6,7.6,14.3,16.9,22.4,7.8,,,0.3922,0.0,0.0,,,50.0154,,,,,,,,,38.0751,54.6854,43.8092,40.3078,44.5704,45.1455,20.2131,31.9938,50.0154,,44.4322,20.2131,31.9938,41.7778,2351.0,Lower combined pressure
38047,,,,,,,,,Logan,ND,10.2,8.9,9.6,14.3,13.6,19.7,8.1,,,0.4337,0.0,0.0,,,50.0154,,,,,,,,,33.4405,60.1488,89.3606,40.3078,4.3978,15.2064,24.7294,37.3107,50.0154,,40.477,24.7294,37.3107,41.7705,2352.0,Lower combined pressure
38053,,,,,,,5.7277,0.0465,McKenzie,ND,10.3,5.6,5.4,11.9,15.4,20.8,9.4,,,0.3126,0.0,0.0,,,50.0154,,,,,49.354,75.9115,,,38.0751,7.5947,6.0386,7.2395,19.2828,27.4696,44.0291,22.9366,50.0154,62.6327,17.6167,44.0291,22.9366,41.7636,2353.0,Lower combined pressure
55117,,,,,,,,0.0448,Sheboygan,WI,10.3,6.5,6.9,13.4,15.4,22.0,7.9,,,0.3919,0.0,0.0,,,50.0154,,,,,,57.6823,,,38.0751,17.1685,27.2666,24.6786,19.2828,41.0183,21.6171,31.9629,50.0154,57.6823,27.915,21.6171,31.9629,41.7619,2354.0,Lower combined pressure
12119,,,,,,,,,Sumter,FL,8.8,10.1,12.1,15.6,11.5,14.1,10.4,,,-70.9247,0.0,0.0,,,50.0154,,,,,,,,,1.3363,79.1272,99.594,63.2273,0.0338,0.3214,55.5819,6.0587,50.0154,,40.6067,55.5819,6.0587,41.7605,2355.0,Lower combined pressure
56021,,,,,,,1.743,0.048,Laramie,WY,10.1,6.6,5.9,13.3,16.0,21.1,12.0,,,-36.5438,0.0,0.0,,,50.0154,,,,,16.9251,87.8906,,,29.2794,18.4202,11.3498,23.0886,28.8058,31.0724,69.5196,7.7898,50.0154,52.4078,23.6694,69.5196,7.7898,41.7549,2356.0,Lower combined pressure
36007,,,,,,,,,Broome,NY,11.5,7.7,7.1,13.6,16.6,20.7,6.4,,,0.5507,0.0,0.0,,,50.0154,,,,,,,,,86.316,36.9249,31.4276,28.366,38.7855,26.4208,4.8376,54.6832,50.0154,,41.3735,4.8376,54.6832,41.7334,2357.0,Lower combined pressure
20025,,,,,,,,,Clark,KS,9.9,7.6,7.7,13.1,15.2,19.8,9.8,,,0.5165,0.0,0.0,,,50.0154,,,,,,,,,20.5514,35.0812,46.431,20.1116,16.8978,16.1536,48.7483,49.5209,50.0154,,25.8711,48.7483,49.5209,41.7324,2358.0,Lower combined pressure
27091,,,,,,,,,Martin,MN,9.9,7.5,8.3,13.6,15.0,23.0,8.4,,,0.4827,0.0,0.0,,,50.0154,,,,,,,,,20.5514,33.1698,63.1597,28.366,14.9865,52.8417,29.4147,44.6986,50.0154,,35.5125,29.4147,44.6986,41.7255,2359.0,Lower combined pressure
08003,,,,,,,1.0264,,Alamosa,CO,11.0,6.4,6.2,14.6,18.1,22.6,18.0,,,0.429,0.0,0.0,,,50.0154,,,,,11.2403,,,,68.9953,15.9168,15.3248,45.4838,68.7415,47.7165,93.3187,36.5379,50.0154,11.2403,43.6964,93.3187,36.5379,41.7245,2360.0,Lower combined pressure
55079,,,,,,,2.2297,0.044,Milwaukee,WI,11.8,6.7,6.2,13.6,17.0,23.6,10.8,,,-2.6981,0.0,0.0,,,50.0154,,,,,19.8966,48.8281,,,91.8133,19.6719,15.3248,28.366,46.3972,59.726,58.8802,13.4776,50.0154,34.3624,43.5498,58.8802,13.4776,41.7185,2361.0,Lower combined pressure
19107,,,,,,,,,Keokuk,IA,10.2,8.9,8.2,14.5,16.9,21.1,7.3,,,0.4178,0.0,0.0,,,50.0154,,,,,,,,,33.4405,60.1488,60.3857,43.8769,44.5704,31.0724,13.4641,35.3014,50.0154,,45.5824,13.4641,35.3014,41.7024,2362.0,Lower combined pressure
48303,,,,,,,4.5548,,Lubbock,TX,9.8,5.8,5.4,13.1,18.2,22.7,17.6,,,-27.9131,0.0,0.0,,,50.0154,,,,,37.5969,,,,16.6272,9.3369,6.0386,20.1116,70.6698,49.0528,92.5744,8.7172,50.0154,37.5969,28.6395,92.5744,8.7172,41.6929,2363.0,Lower combined pressure
27011,,,,,,,,,Big Stone,MN,10.0,7.8,8.8,13.8,14.6,22.2,7.9,,,0.4992,0.0,0.0,,,50.0154,,,,,,,,,24.8816,38.887,75.9303,31.2415,11.4513,43.1834,21.6171,46.9861,50.0154,,37.5959,21.6171,46.9861,41.6852,2364.0,Lower combined pressure
46129,,,,,,,,,Walworth,SD,10.3,7.9,8.4,13.5,14.5,19.8,8.3,,,0.5347,0.0,0.0,,,50.0154,,,,,,,,,38.0751,40.8829,66.0521,26.6407,10.5886,16.1536,27.8417,52.0247,50.0154,,33.0655,27.8417,52.0247,41.6769,2365.0,Lower combined pressure
36011,,,,,,,,,Cayuga,NY,11.1,8.6,7.7,15.0,16.6,20.8,6.6,,,0.4074,0.0,0.0,,,50.0154,,,,,,,,,73.5284,54.6854,46.431,53.0277,38.7855,27.4696,6.1401,33.8485,50.0154,,48.9879,6.1401,33.8485,41.6673,2366.0,Lower combined pressure
17167,,,,,,,6.957,0.0437,Sangamon,IL,10.5,7.3,6.6,13.0,16.3,21.1,7.1,,,0.3841,0.0,0.0,,,50.0154,,,,,73.2558,45.9635,,,46.9046,29.5162,21.4141,18.5724,33.8802,31.0724,10.8424,31.0665,50.0154,59.6097,30.2267,10.8424,31.0665,41.6546,2367.0,Lower combined pressure
38099,,,,,,,,,Walsh,ND,9.9,7.8,8.2,13.5,13.4,19.4,9.9,,,0.4825,0.0,0.0,,,50.0154,,,,,,,,,20.5514,38.887,60.3857,26.6407,3.3322,12.5677,49.7124,44.6677,50.0154,,27.0608,49.7124,44.6677,41.6104,2368.0,Lower combined pressure
37179,,,,,,,,0.0448,Union,NC,10.3,5.7,5.5,11.6,15.8,24.1,9.3,,,0.2227,0.0,0.0,,,50.0154,,,,,,57.5521,,,38.0751,8.4574,6.9858,5.1083,25.3214,64.5636,42.7943,17.3416,50.0154,57.5521,24.7519,42.7943,17.3416,41.5942,2369.0,Lower combined pressure
20041,,,,,,,,,Dickinson,KS,10.1,7.8,7.5,13.5,16.1,20.7,8.6,,,0.5126,0.0,0.0,,,50.0154,,,,,,,,,29.2794,38.887,41.0859,26.6407,30.4635,26.4208,32.6286,48.9026,50.0154,,32.1296,32.6286,48.9026,41.5868,2370.0,Lower combined pressure
12019,,,,,,,,,Clay,FL,9.9,7.0,6.6,13.7,17.6,18.9,11.7,,,0.3435,0.0,0.0,,,50.0154,,,,,,,,,20.5514,24.3065,21.4141,29.6177,59.0325,9.2862,67.1516,26.2442,50.0154,,27.3681,67.1516,26.2442,41.5816,2371.0,Lower combined pressure
48301,,,,,,,,,,,,,,,,,,,,0.1865,0.0,0.0,,,50.0154,,,,,,,,,,,,,,,,16.1669,50.0154,,,,16.1669,41.5533,2372.0,Lower combined pressure
31061,,,,,,,,,Franklin,NE,9.4,9.2,9.5,14.3,13.9,17.8,8.9,,,0.4166,0.0,0.0,,,50.0154,,,,,,,,,8.0176,65.4093,87.8383,40.3078,6.2585,5.8525,37.297,35.0541,50.0154,,35.614,37.297,35.0541,41.5243,2373.0,Lower combined pressure
42003,,,,,,,3.5427,0.0449,Allegheny,PA,,,,,,,,,,-29.9353,0.0,0.0,,,50.0154,,,,,29.9742,59.1146,,,,,,,,,,8.408,50.0154,44.5444,,,8.408,41.51,2374.0,Lower combined pressure
20111,,,,,,,,,Lyon,KS,10.0,7.2,6.6,13.1,17.6,21.5,13.1,,,-82.682,0.0,0.0,,,50.0154,,,,,,,,,24.8816,27.6894,21.4141,20.1116,59.0325,35.318,76.9621,5.7805,50.0154,,31.4079,76.9621,5.7805,41.5078,2375.0,Lower combined pressure
20183,,,,,,,,,Smith,KS,9.8,8.7,9.0,13.9,14.6,19.2,7.8,,,0.5481,0.0,0.0,,,50.0154,,,,,,,,,16.6272,56.4445,79.5839,33.2206,11.4513,10.9777,20.2131,54.2195,50.0154,,34.7175,20.2131,54.2195,41.503,2376.0,Lower combined pressure
12131,,,,,,,,,Walton,FL,9.5,7.7,7.4,13.9,16.4,18.7,11.4,,,0.3687,0.0,0.0,,,50.0154,,,,,,,,,9.6583,36.9249,38.6671,33.2206,35.4533,8.5758,64.6313,28.8408,50.0154,,27.0833,64.6313,28.8408,41.4969,2377.0,Lower combined pressure
26061,,,,,,,,,Houghton,MI,11.1,7.6,6.6,12.8,18.5,26.3,6.2,,,0.3701,0.0,0.0,,,50.0154,,,,,,,,,73.5284,35.0812,21.4141,16.1536,76.387,85.2334,3.5859,29.2427,50.0154,,51.2996,3.5859,29.2427,41.4832,2378.0,Lower combined pressure
55037,,,,,,,,,Florence,WI,10.7,8.5,9.0,15.0,14.0,22.4,6.9,,,0.379,0.0,0.0,,,50.0154,,,,,,,,,55.8018,52.6556,79.5839,53.0277,6.7659,45.1455,8.4743,30.51,50.0154,,48.8301,8.4743,30.51,41.4808,2379.0,Lower combined pressure
51175,,,,,,,,,Southampton,VA,11.1,8.0,7.8,14.9,16.7,21.5,8.7,,,-166.084,0.0,0.0,,,50.0154,,,,,,,,,73.5284,42.7436,49.0866,51.1671,40.8153,35.318,34.2524,4.6059,50.0154,,48.7765,34.2524,4.6059,41.4461,2380.0,Lower combined pressure
27107,,,,,,,,,Norman,MN,10.1,7.3,7.9,13.5,15.5,23.9,8.3,,,0.4566,0.0,0.0,,,50.0154,,,,,,,,,29.2794,29.5162,52.1313,26.6407,20.6867,62.703,27.8417,40.8037,50.0154,,36.8262,27.8417,40.8037,41.4343,2381.0,Lower combined pressure
27167,,,,,,,,,Wilkin,MN,10.3,7.3,7.6,13.6,15.9,24.7,8.0,,,0.4397,0.0,0.0,,,50.0154,,,,,,,,,38.0751,29.5162,43.8092,28.366,27.2327,70.6867,23.1225,38.3926,50.0154,,39.6143,23.1225,38.3926,41.413,2382.0,Lower combined pressure
36089,,,,,,,,,St. Lawrence,NY,11.7,8.6,7.3,14.7,18.2,23.6,6.5,,,-99.3891,0.0,0.0,,,50.0154,,,,,,,,,90.3586,54.6854,36.3329,47.3106,70.6698,59.726,5.4635,5.4096,50.0154,,59.8472,5.4635,5.4096,41.405,2383.0,Lower combined pressure
37089,,,,,,,,,Henderson,NC,10.3,8.2,8.2,13.4,14.9,23.8,9.9,,,-32.9033,0.0,0.0,,,50.0154,,,,,,,,,38.0751,46.8539,60.3857,24.6786,14.1238,61.8234,49.7124,8.2535,50.0154,,40.9901,49.7124,8.2535,41.3983,2384.0,Lower combined pressure
36065,,,,,,,6.3052,,Oneida,NY,11.0,8.0,7.3,14.1,16.7,20.4,6.7,,,-52.8565,0.0,0.0,,,50.0154,,,,,58.6563,,,,68.9953,42.7436,36.3329,36.6881,40.8153,22.6658,6.8843,6.9243,50.0154,58.6563,41.3735,6.8843,6.9243,41.3929,2385.0,Lower combined pressure
24013,,,,,,,,0.0466,Carroll,MD,10.1,5.9,6.0,11.4,14.9,22.5,6.3,,,0.1869,0.0,0.0,,,50.0154,,,,,,77.7344,,,29.2794,10.4364,12.6522,4.2963,14.1238,46.3464,4.1779,16.1978,50.0154,77.7344,19.5224,4.1779,16.1978,41.3564,2386.0,Lower combined pressure
55083,,,,,,,,,Oconto,WI,11.0,7.9,8.0,14.5,15.8,23.2,7.4,,,0.3288,0.0,0.0,,,50.0154,,,,,,,,,68.9953,40.8829,55.0744,43.8769,25.3214,55.1252,14.9188,24.575,50.0154,,48.2127,14.9188,24.575,41.3429,2387.0,Lower combined pressure
51053,,,,,,,,,Dinwiddie,VA,11.3,7.4,7.0,14.5,17.4,22.7,8.7,,,-110.4838,0.0,0.0,,,50.0154,,,,,,,,,80.8863,31.3092,29.161,43.8769,54.364,49.0528,34.2524,5.1623,50.0154,,48.1084,34.2524,5.1623,41.2976,2388.0,Lower combined pressure
48209,,,,,,,,,Hays,TX,9.3,4.8,4.7,11.7,17.0,21.9,16.6,,,0.3455,0.0,0.0,,,50.0154,,,,,,,,,6.6475,2.6387,1.387,5.7679,46.3972,39.885,90.3755,26.4606,50.0154,,17.1205,90.3755,26.4606,41.2912,2389.0,Lower combined pressure
01001,,,,,,,,,Autauga,AL,10.0,7.4,6.7,13.7,17.0,25.1,8.8,,,0.3583,0.0,0.0,,,50.0154,,,,,,,,,24.8816,31.3092,23.3593,29.6177,46.3972,75.1691,35.8085,27.5734,50.0154,,38.4557,35.8085,27.5734,41.2757,2390.0,Lower combined pressure
34007,,,,,,,2.9172,0.0451,Camden,NJ,9.7,5.7,5.7,13.2,16.2,17.6,11.6,,,0.515,0.0,0.0,,,50.0154,,,,,26.2274,61.4583,,,13.5487,8.4574,9.1171,21.634,32.1719,5.2097,66.1874,49.3045,50.0154,43.8429,15.0231,66.1874,49.3045,41.2703,2391.0,Lower combined pressure
31085,,,,,,,,,Hayes,NE,8.9,8.7,9.5,14.0,12.9,16.5,9.6,,,0.4234,0.0,0.0,,,50.0154,,,,,,,,,1.9452,56.4445,87.8383,34.9797,1.3024,2.182,46.6509,35.8578,50.0154,,30.782,46.6509,35.8578,41.268,2392.0,Lower combined pressure
49025,,,,,,,,,Kane,UT,10.8,6.9,7.3,14.0,15.5,25.0,8.4,,,0.3411,0.0,0.0,,,50.0154,,,,,,,,,60.2842,22.7165,36.3329,34.9797,20.6867,74.205,29.4147,25.966,50.0154,,41.5342,29.4147,25.966,41.235,2393.0,Lower combined pressure
55051,,,,,,,,,Iron,WI,10.7,9.1,9.8,15.1,14.1,21.3,6.9,,,0.3118,0.0,0.0,,,50.0154,,,,,,,,,55.8018,63.6333,91.5934,54.956,7.3917,33.3897,8.4743,22.8439,50.0154,,51.1276,8.4743,22.8439,41.2245,2394.0,Lower combined pressure
48393,,,,,,,,,Roberts,TX,9.7,6.7,6.9,13.0,16.1,22.8,11.0,,,0.39,0.0,0.0,,,50.0154,,,,,,,,,13.5487,19.6719,27.2666,18.5724,30.4635,50.406,60.724,31.6847,50.0154,,26.6548,60.724,31.6847,41.2123,2395.0,Lower combined pressure
49011,,,,,,,1.5191,0.0463,Davis,UT,11.0,4.2,4.5,10.9,17.2,28.9,8.8,,,0.3234,0.0,0.0,,,50.0154,,,,,14.8579,73.9583,,,68.9953,0.7612,0.8796,2.571,50.203,95.2131,35.8085,24.0804,50.0154,44.4081,36.4372,35.8085,24.0804,41.2048,2396.0,Lower combined pressure
21215,,,,,,,,,Spencer,KY,,,,,,,,,,0.114,0.0,0.0,,,50.0154,,,,,,,,,,,,,,,,14.6522,50.0154,,,,14.6522,41.1746,2397.0,Lower combined pressure
55011,,,,,,,,,Buffalo,WI,10.7,7.8,8.1,14.4,15.3,23.4,7.8,,,0.341,0.0,0.0,,,50.0154,,,,,,,,,55.8018,38.887,57.747,42.1685,18.0819,57.4256,20.2131,25.9042,50.0154,,45.0186,20.2131,25.9042,41.1613,2398.0,Lower combined pressure
13157,,,,,,,,,Jackson,GA,9.7,6.6,6.0,13.8,17.0,20.5,12.9,,,0.302,0.0,0.0,,,50.0154,,,,,,,,,13.5487,18.4202,12.6522,31.2415,46.3972,24.1543,75.5074,22.0711,50.0154,,24.4023,75.5074,22.0711,41.1508,2399.0,Lower combined pressure
17141,,,,,,,,,Ogle,IL,10.1,7.8,7.1,13.7,16.4,21.8,8.9,,,0.4231,0.0,0.0,,,50.0154,,,,,,,,,29.2794,38.887,31.4276,29.6177,35.4533,38.8363,37.297,35.796,50.0154,,33.9169,37.297,35.796,41.0575,2400.0,Lower combined pressure
18011,,,,,,,,0.0465,Boone,IN,10.4,5.9,5.4,11.3,15.0,21.5,5.9,,,0.2982,0.0,0.0,,,50.0154,,,,,,75.651,,,42.6928,10.4364,6.0386,3.8904,14.9865,35.318,2.5203,21.6383,50.0154,75.651,18.8938,2.5203,21.6383,41.0567,2401.0,Lower combined pressure
29047,,,,,,,3.8515,0.047,Clay,MO,10.3,6.4,5.8,12.6,16.5,23.4,8.0,,,0.322,0.0,0.0,,,50.0154,,,,,32.0413,81.3802,,,38.0751,15.9168,10.2165,13.7009,37.0095,57.4256,23.1225,23.7867,50.0154,56.7108,28.7241,23.1225,23.7867,41.0543,2402.0,Lower combined pressure
20063,,,,,,,,,Gove,KS,9.9,8.1,8.0,13.4,15.5,19.7,8.4,,,0.54,0.0,0.0,,,50.0154,,,,,,,,,20.5514,44.7903,55.0744,24.6786,20.6867,15.2064,29.4147,53.0139,50.0154,,30.1646,29.4147,53.0139,41.0515,2403.0,Lower combined pressure
30055,,,,,,,,,McCone,MT,10.7,7.8,8.1,14.5,15.5,22.1,8.4,,,0.2838,0.0,0.0,,,50.0154,,,,,,,,,55.8018,38.887,57.747,43.8769,20.6867,42.1516,29.4147,20.4019,50.0154,,43.1918,29.4147,20.4019,41.0457,2404.0,Lower combined pressure
46027,,,,,,,6.5151,0.0412,Clay,SD,10.5,5.1,4.9,10.5,17.8,24.3,8.1,,,0.5164,0.0,0.0,,,50.0154,,,,,63.4367,23.8281,,,46.9046,4.0934,2.4865,1.5223,62.7876,66.6441,24.7294,49.49,50.0154,43.6324,30.7397,24.7294,49.49,41.0196,2405.0,Lower combined pressure
19057,,,,,,,,,Des Moines,IA,10.0,7.9,7.5,13.8,16.5,21.1,7.4,,,0.5605,0.0,0.0,,,50.0154,,,,,,,,,24.8816,40.8829,41.0859,31.2415,37.0095,31.0724,14.9188,56.7233,50.0154,,34.3623,14.9188,56.7233,41.0126,2406.0,Lower combined pressure
19133,,,,,,,,,Monona,IA,10.1,8.8,8.3,14.3,16.5,20.6,7.3,,,0.4403,0.0,0.0,,,50.0154,,,,,,,,,29.2794,58.2206,63.1597,40.3078,37.0095,25.3552,13.4641,38.5162,50.0154,,42.222,13.4641,38.5162,41.0109,2407.0,Lower combined pressure
56041,,,,,,,,,Uinta,WY,10.2,7.2,6.5,13.5,16.2,20.8,11.8,,,0.2767,0.0,0.0,,,50.0154,,,,,,,,,33.4405,27.6894,19.5873,26.6407,32.1719,27.4696,68.0988,19.8454,50.0154,,27.8332,68.0988,19.8454,41.0098,2408.0,Lower combined pressure
49001,,,,,,,,,Beaver,UT,10.5,5.5,5.7,13.0,16.9,25.3,10.6,,,0.1839,0.0,0.0,,,50.0154,,,,,,,,,46.9046,6.6137,9.1171,18.5724,44.5704,76.979,56.935,16.0433,50.0154,,33.7929,56.935,16.0433,41.0009,2409.0,Lower combined pressure
19101,,,,,,,,,Jefferson,IA,9.6,8.1,8.3,13.3,14.7,19.0,6.8,,,0.7072,0.0,0.0,,,50.0154,,,,,,,,,11.4344,44.7903,63.1597,23.0886,12.3647,9.8275,7.6286,81.1437,50.0154,,27.4442,7.6286,81.1437,40.9905,2410.0,Lower combined pressure
31017,,,,,,,,,Brown,NE,9.3,8.4,8.5,13.8,13.7,17.0,10.0,,,0.432,0.0,0.0,,,50.0154,,,,,,,,,6.6475,50.592,68.9276,31.2415,5.0406,3.6536,50.8796,37.0943,50.0154,,27.6838,50.8796,37.0943,40.9639,2411.0,Lower combined pressure
38033,,,,,,,,,Golden Valley,ND,10.3,8.8,9.4,14.2,13.8,19.9,7.6,,,0.436,0.0,0.0,,,50.0154,,,,,,,,,38.0751,58.2206,86.316,38.498,5.7003,16.9317,17.5237,37.8053,50.0154,,40.6236,17.5237,37.8053,40.9246,2412.0,Lower combined pressure
09180,,,,,,,,,Southeastern Connecticut,CT,11.7,6.3,6.1,13.5,16.6,23.1,9.6,,,-14.4298,0.0,0.0,,,50.0154,,,,,,,,,90.3586,14.6651,13.9378,26.6407,38.7855,53.9073,46.6509,10.7883,50.0154,,39.7158,46.6509,10.7883,40.9033,2413.0,Lower combined pressure
06113,,,,,,,6.43,0.0419,Yolo,CA,9.8,4.7,4.9,12.2,17.9,23.6,8.9,,,0.4732,0.0,0.0,,,50.0154,,,,,61.4987,29.4271,,,16.6272,2.2666,2.4865,9.4384,64.9019,59.726,37.297,43.2457,50.0154,45.4629,25.9078,37.297,43.2457,40.9016,2414.0,Lower combined pressure
24033,,,,,,,1.6583,0.0442,Prince George's,MD,11.5,5.5,5.5,12.6,14.3,14.8,12.5,,,0.5062,0.0,0.0,,,50.0154,,,,,16.0207,52.7344,,,86.316,6.6137,6.9858,13.7009,8.7111,0.5244,73.1901,48.408,50.0154,34.3775,20.4753,73.1901,48.408,40.8776,2415.0,Lower combined pressure
36023,,,,,,,,,Cortland,NY,11.3,6.9,6.2,13.1,17.9,23.0,5.8,,,0.5018,0.0,0.0,,,50.0154,,,,,,,,,80.8863,22.7165,15.3248,20.1116,64.9019,52.8417,2.0298,47.4498,50.0154,,42.7971,2.0298,47.4498,40.8691,2416.0,Lower combined pressure
06111,,,,,,,5.9701,0.0454,Ventura,CA,9.5,5.2,5.8,13.2,16.2,20.6,10.3,,,-4.8164,0.0,0.0,,,50.0154,,,,,53.6176,64.5833,,,9.6583,4.5839,10.2165,21.634,32.1719,25.3552,54.7023,13.0139,50.0154,59.1005,17.27,54.7023,13.0139,40.8688,2417.0,Lower combined pressure
50021,,,,,,,6.0563,0.0391,Rutland,VT,11.8,7.9,7.5,14.3,16.3,25.3,6.6,,,0.393,0.0,0.0,,,50.0154,,,,,55.168,12.7604,,,91.8133,40.8829,41.0859,40.3078,33.8802,76.979,6.1401,32.0866,50.0154,33.9642,54.1582,6.1401,32.0866,40.8579,2418.0,Lower combined pressure
20151,,,,,,,,,Pratt,KS,9.9,7.7,7.6,13.3,16.1,20.7,9.4,,,0.4297,0.0,0.0,,,50.0154,,,,,,,,,20.5514,36.9249,43.8092,23.0886,30.4635,26.4208,44.0291,36.677,50.0154,,30.2097,44.0291,36.677,40.8369,2419.0,Lower combined pressure
20097,,,,,,,,,Kiowa,KS,9.9,7.7,7.7,12.9,15.6,20.6,8.6,,,0.5401,0.0,0.0,,,50.0154,,,,,,,,,20.5514,36.9249,46.431,17.3714,22.0737,25.3552,32.6286,53.0448,50.0154,,28.118,32.6286,53.0448,40.8019,2420.0,Lower combined pressure
19065,,,,,,,,,Fayette,IA,9.9,8.6,8.2,14.4,16.3,20.0,7.4,,,0.4877,0.0,0.0,,,50.0154,,,,,,,,,20.5514,54.6854,60.3857,42.1685,33.8802,17.8281,14.9188,45.4096,50.0154,,38.2499,14.9188,45.4096,40.7999,2421.0,Lower combined pressure
38057,,,,,,,6.3053,0.0375,Mercer,ND,10.3,7.9,8.2,13.6,13.7,19.9,7.5,,,0.7025,0.0,0.0,,,50.0154,,,,,58.7855,7.0312,,,38.0751,40.8829,60.3857,28.366,5.0406,16.9317,16.3058,80.3091,50.0154,32.9084,31.6137,16.3058,80.3091,40.7966,2422.0,Lower combined pressure
46055,,,,,,,,,Haakon,SD,10.1,8.5,9.1,13.7,14.4,19.9,8.5,,,0.401,0.0,0.0,,,50.0154,,,,,,,,,29.2794,52.6556,81.4783,29.6177,9.6583,16.9317,31.0047,33.0139,50.0154,,36.6035,31.0047,33.0139,40.7432,2423.0,Lower combined pressure
31015,,,,,,,,,Boyd,NE,9.0,9.3,9.8,14.2,12.8,16.0,8.4,,,0.4642,0.0,0.0,,,50.0154,,,,,,,,,2.7064,66.9486,91.5934,38.498,1.0487,1.387,29.4147,41.8547,50.0154,,33.697,29.4147,41.8547,40.7411,2424.0,Lower combined pressure
30095,,,,,,,,,Stillwater,MT,10.8,7.5,7.3,13.9,15.4,22.6,8.7,,,0.3304,0.0,0.0,,,50.0154,,,,,,,,,60.2842,33.1698,36.3329,33.2206,19.2828,47.7165,34.2524,24.6677,50.0154,,38.3345,34.2524,24.6677,40.6403,2425.0,Lower combined pressure
27127,,,,,,,,,Redwood,MN,10.2,7.4,7.9,13.6,15.9,23.7,8.5,,,0.3442,0.0,0.0,,,50.0154,,,,,,,,,33.4405,31.3092,52.1313,28.366,27.2327,60.8762,31.0047,26.3988,50.0154,,38.8926,31.0047,26.3988,40.6242,2426.0,Lower combined pressure
55017,,,,,,,,,Chippewa,WI,11.1,7.2,7.2,13.8,15.8,24.1,7.6,,,0.3778,0.0,0.0,,,50.0154,,,,,,,,,73.5284,27.6894,33.8464,31.2415,25.3214,64.5636,17.5237,30.3555,50.0154,,42.6985,17.5237,30.3555,40.6229,2427.0,Lower combined pressure
51033,,,,,,,,0.0406,Caroline,VA,11.1,7.4,6.7,14.4,17.4,22.8,10.1,,,0.4458,0.0,0.0,,,50.0154,,,,,,19.9219,,,73.5284,31.3092,23.3593,42.1685,54.364,50.406,52.3512,39.1654,50.0154,19.9219,45.8559,52.3512,39.1654,40.6007,2428.0,Lower combined pressure
48033,,,,,,,,,Borden,TX,9.6,7.4,7.9,13.9,15.0,21.7,11.4,,,0.0864,0.0,0.0,,,50.0154,,,,,,,,,11.4344,31.3092,52.1313,33.2206,14.9865,37.7368,64.6313,14.0958,50.0154,,30.1364,64.6313,14.0958,40.5486,2429.0,Lower combined pressure
19001,,,,,,,,,Adair,IA,10.0,8.7,8.3,14.2,16.2,20.2,7.2,,,0.478,0.0,0.0,,,50.0154,,,,,,,,,24.8816,56.4445,63.1597,38.498,32.1719,20.1116,12.111,43.9258,50.0154,,39.2112,12.111,43.9258,40.5481,2430.0,Lower combined pressure
31111,,,,,,,,,Lincoln,NE,9.7,8.0,8.0,13.6,14.5,18.9,10.0,,,0.4295,0.0,0.0,,,50.0154,,,,,,,,,13.5487,42.7436,55.0744,28.366,10.5886,9.2862,50.8796,36.6306,50.0154,,26.6013,50.8796,36.6306,40.5413,2431.0,Lower combined pressure
26125,,,,,,,7.6426,0.0462,Oakland,MI,10.6,5.9,5.9,11.2,14.8,20.8,5.2,,,-19.657,0.0,0.0,,,50.0154,,,,,83.3333,73.1771,,,51.2686,10.4364,11.3498,3.4844,13.3119,27.4696,0.6935,10.0155,50.0154,78.2552,19.5535,0.6935,10.0155,40.5277,2432.0,Lower combined pressure
12001,,,,,,,6.5012,0.0374,Alachua,FL,10.1,6.0,5.6,12.1,18.2,20.1,11.7,,,0.443,0.0,0.0,,,50.0154,,,,,63.3075,6.901,,,29.2794,11.6373,8.0176,8.6096,70.6698,18.9107,67.1516,38.8872,50.0154,35.1043,24.5207,67.1516,38.8872,40.5148,2433.0,Lower combined pressure
20159,,,,,,,,,Rice,KS,9.9,7.4,7.1,13.3,16.1,20.3,10.0,,,0.4313,0.0,0.0,,,50.0154,,,,,,,,,20.5514,31.3092,31.4276,23.0886,30.4635,21.2957,50.8796,36.9706,50.0154,,26.356,50.8796,36.9706,40.5049,2434.0,Lower combined pressure
26103,,,,,,,4.2898,,Marquette,MI,11.5,7.8,6.9,13.4,18.1,27.8,5.9,,,0.2924,0.0,0.0,,,50.0154,,,,,35.9173,,,,86.316,38.887,27.2666,24.6786,68.7415,93.4202,2.5203,21.051,50.0154,35.9173,56.5516,2.5203,21.051,40.479,2435.0,Lower combined pressure
19083,,,,,,,,,Hardin,IA,10.0,8.3,7.9,13.8,16.0,20.1,7.5,,,0.5338,0.0,0.0,,,50.0154,,,,,,,,,24.8816,48.6637,52.1313,31.2415,28.8058,18.9107,16.3058,51.932,50.0154,,34.1058,16.3058,51.932,40.4731,2436.0,Lower combined pressure
27173,,,,,,,,,Yellow Medicine,MN,10.2,7.2,7.7,13.4,15.7,24.4,8.5,,,0.3709,0.0,0.0,,,50.0154,,,,,,,,,33.4405,27.6894,46.431,24.6786,23.41,67.5406,31.0047,29.3972,50.0154,,37.1984,31.0047,29.3972,40.4592,2437.0,Lower combined pressure
12077,,,,,,,,0.0349,Liberty,FL,10.1,10.0,8.4,17.1,19.5,19.0,18.0,,,-249.2612,0.0,0.0,,,50.0154,,,,,,3.6458,,,29.2794,77.8924,66.0521,83.2206,88.7009,9.8275,93.3187,4.204,50.0154,3.6458,59.1622,93.3187,4.204,40.4589,2438.0,Lower combined pressure
28105,,,,,,,,,Oktibbeha,MS,9.8,6.2,5.3,11.8,18.5,20.1,10.1,,,0.4758,0.0,0.0,,,50.0154,,,,,,,,,16.6272,13.6502,5.1759,6.5122,76.387,18.9107,52.3512,43.6167,50.0154,,22.8772,52.3512,43.6167,40.4276,2439.0,Lower combined pressure
36049,,,,,,,,,Lewis,NY,11.0,8.6,7.7,15.1,16.8,20.9,6.2,,,0.3417,0.0,0.0,,,50.0154,,,,,,,,,68.9953,54.6854,46.431,54.956,42.7267,28.5521,3.5859,26.0587,50.0154,,49.3911,3.5859,26.0587,40.4225,2440.0,Lower combined pressure
25011,,,,,,,6.439,0.0387,Franklin,MA,11.8,7.7,7.3,13.8,16.1,25.4,4.7,,,0.4166,0.0,0.0,,,50.0154,,,,,62.1447,11.1979,,,91.8133,36.9249,36.3329,31.2415,30.4635,78.1461,0.3552,35.085,50.0154,36.6713,50.8204,0.3552,35.085,40.4216,2441.0,Lower combined pressure
24023,,,,,,,1.0019,0.0422,Garrett,MD,11.1,9.3,8.3,15.0,16.4,21.0,7.9,,,0.4844,0.0,0.0,,,50.0154,,,,,10.9819,31.3802,,,73.5284,66.9486,63.1597,53.0277,35.4533,29.7361,21.6171,45.0077,50.0154,21.1811,53.6423,21.6171,45.0077,40.3729,2442.0,Lower combined pressure
19103,,,,,,,7.0851,,Johnson,IA,9.8,5.0,4.8,10.0,16.5,21.0,6.3,,,0.3007,0.0,0.0,,,50.0154,,,,,75.969,,,,16.6272,3.6874,1.8775,0.6935,37.0095,29.7361,4.1779,21.9784,50.0154,75.969,14.9385,4.1779,21.9784,40.3471,2443.0,Lower combined pressure
01083,,,,,,,,,Limestone,AL,9.7,6.9,6.4,13.1,16.4,23.7,9.2,,,0.4509,0.0,0.0,,,50.0154,,,,,,,,,13.5487,22.7165,17.8958,20.1116,35.4533,60.8762,41.475,39.9691,50.0154,,28.4337,41.475,39.9691,40.3433,2444.0,Lower combined pressure
13053,,,,,,,,,Chattahoochee,GA,9.2,4.3,3.4,11.3,20.6,21.0,17.2,,,-199.4691,0.0,0.0,,,50.0154,,,,,,,,,5.1421,0.9811,0.0677,3.8904,95.8897,29.7361,91.6779,4.2658,50.0154,,22.6178,91.6779,4.2658,40.3379,2445.0,Lower combined pressure
36043,,,,,,,,,Herkimer,NY,11.0,8.4,7.6,14.7,16.6,20.4,5.9,,,0.429,0.0,0.0,,,50.0154,,,,,,,,,68.9953,50.592,43.8092,47.3106,38.7855,22.6658,2.5203,36.5688,50.0154,,45.3597,2.5203,36.5688,40.3379,2446.0,Lower combined pressure
53011,,,,,,,4.3714,0.0394,Clark,WA,11.6,5.5,5.6,13.1,18.2,26.9,8.0,,,0.5038,0.0,0.0,,,50.0154,,,,,36.4341,14.5833,,,88.5149,6.6137,8.0176,20.1116,70.6698,89.3437,23.1225,47.9134,50.0154,25.5087,47.2119,23.1225,47.9134,40.2884,2447.0,Lower combined pressure
27083,,,,,,,6.7923,0.042,Lyon,MN,10.0,6.2,6.6,12.2,15.5,22.8,8.5,,,0.4375,0.0,0.0,,,50.0154,,,,,70.0258,30.2083,,,24.8816,13.6502,21.4141,9.4384,20.6867,50.406,31.0047,37.9907,50.0154,50.1171,23.4128,31.0047,37.9907,40.2866,2448.0,Lower combined pressure
47187,,,,,,,,0.0461,Williamson,TN,9.8,5.2,5.1,10.9,15.1,24.7,6.9,,,0.1965,0.0,0.0,,,50.0154,,,,,,72.0052,,,16.6272,4.5839,3.8735,2.571,15.8999,70.6867,8.4743,16.5688,50.0154,72.0052,19.0404,8.4743,16.5688,40.2703,2449.0,Lower combined pressure
17049,,,,,,,,0.0441,Effingham,IL,10.2,7.7,6.8,13.2,16.7,22.5,7.3,,,0.359,0.0,0.0,,,50.0154,,,,,,50.5208,,,33.4405,36.9249,25.406,21.634,40.8153,46.3464,13.4641,27.6352,50.0154,50.5208,34.0945,13.4641,27.6352,40.2684,2450.0,Lower combined pressure
24021,,,,,,,,0.0465,Frederick,MD,9.5,5.1,5.4,10.5,15.1,20.5,7.7,,,0.2138,0.0,0.0,,,50.0154,,,,,,76.3021,,,9.6583,4.0934,6.0386,1.5223,15.8999,24.1543,18.7754,17.1561,50.0154,76.3021,10.2278,18.7754,17.1561,40.2302,2451.0,Lower combined pressure
53053,,,,,,,1.6064,0.0424,Pierce,WA,10.8,5.2,5.3,13.7,18.1,26.5,8.6,,,0.5364,0.0,0.0,,,50.0154,,,,,15.7623,32.9427,,,60.2842,4.5839,5.1759,29.6177,68.7415,86.6543,32.6286,52.4575,50.0154,24.3525,42.5096,32.6286,52.4575,40.2287,2452.0,Lower combined pressure
53039,,,,,,,0.2592,,Klickitat,WA,11.3,7.2,7.8,14.7,16.1,24.0,9.1,,,0.6828,0.0,0.0,,,50.0154,,,,,4.2636,,,,80.8863,27.6894,49.0866,47.3106,30.4635,63.6164,40.1218,76.6615,50.0154,4.2636,49.8421,40.1218,76.6615,40.2094,2453.0,Lower combined pressure
27067,,,,,,,,,Kandiyohi,MN,10.1,6.6,7.2,12.7,14.9,23.2,10.0,,,0.3892,0.0,0.0,,,50.0154,,,,,,,,,29.2794,18.4202,33.8464,14.8681,14.1238,55.1252,50.8796,31.5611,50.0154,,27.6105,50.8796,31.5611,40.2018,2454.0,Lower combined pressure
31013,,,,,,,,,Box Butte,NE,9.2,7.6,7.7,13.5,14.1,16.8,10.8,,,0.4578,0.0,0.0,,,50.0154,,,,,,,,,5.1421,35.0812,46.431,26.6407,7.3917,2.9939,58.8802,40.9892,50.0154,,20.6134,58.8802,40.9892,40.1932,2455.0,Lower combined pressure
09015,,,,,,,,0.0417,,,,,,,,,,,,,0.0,0.0,,,50.0154,,,,,,28.3854,,,,,,,,,,,50.0154,28.3854,,,,40.1836,2456.0,Lower combined pressure
46051,,,,,,,,,Grant,SD,9.7,7.7,8.2,13.3,13.8,19.4,9.4,,,0.477,0.0,0.0,,,50.0154,,,,,,,,,13.5487,36.9249,60.3857,23.0886,5.7003,12.5677,44.0291,43.864,50.0154,,25.3693,44.0291,43.864,40.1817,2457.0,Lower combined pressure
49005,,,,,,,2.4732,0.0441,Cache,UT,10.5,4.6,4.3,11.7,17.8,27.7,9.7,,,0.3224,0.0,0.0,,,50.0154,,,,,22.8682,50.9115,,,46.9046,1.8775,0.4398,5.7679,62.7876,93.1664,47.7165,23.8949,50.0154,36.8898,35.1573,47.7165,23.8949,40.1776,2458.0,Lower combined pressure
31053,,,,,,,,,Dodge,NE,9.1,7.2,7.0,13.0,13.7,16.6,12.2,,,0.4799,0.0,0.0,,,50.0154,,,,,,,,,3.6874,27.6894,29.161,18.5724,5.0406,2.5203,70.9912,44.1731,50.0154,,14.4452,70.9912,44.1731,40.1765,2459.0,Lower combined pressure
55031,,,,,,,,,Douglas,WI,11.0,7.0,7.2,13.5,16.0,23.9,7.1,,,0.4388,0.0,0.0,,,50.0154,,,,,,,,,68.9953,24.3065,33.8464,26.6407,28.8058,62.703,10.8424,38.1762,50.0154,,40.8829,10.8424,38.1762,40.1696,2460.0,Lower combined pressure
55055,,,,,,,,0.0439,Jefferson,WI,10.9,6.4,6.5,13.0,15.5,22.8,7.9,,,0.394,0.0,0.0,,,50.0154,,,,,,47.526,,,64.4621,15.9168,19.5873,18.5724,20.6867,50.406,21.6171,32.1793,50.0154,47.526,31.6052,21.6171,32.1793,40.1671,2461.0,Lower combined pressure
27149,,,,,,,,,Stevens,MN,10.0,5.5,6.0,11.6,16.5,24.6,9.7,,,0.4401,0.0,0.0,,,50.0154,,,,,,,,,24.8816,6.6137,12.6522,5.1083,37.0095,69.5873,47.7165,38.4853,50.0154,,25.9754,47.7165,38.4853,40.1582,2462.0,Lower combined pressure
17037,,,,,,,,,DeKalb,IL,10.4,6.3,5.5,12.2,18.3,23.0,9.2,,,0.347,0.0,0.0,,,50.0154,,,,,,,,,42.6928,14.6651,6.9858,9.4384,72.615,52.8417,41.475,26.5533,50.0154,,33.2065,41.475,26.5533,40.1454,2463.0,Lower combined pressure
20201,,,,,,,,,Washington,KS,9.7,8.0,7.9,13.1,15.2,19.6,8.3,,,0.5601,0.0,0.0,,,50.0154,,,,,,,,,13.5487,42.7436,52.1313,20.1116,16.8978,14.2422,27.8417,56.5997,50.0154,,26.6125,27.8417,56.5997,40.1359,2464.0,Lower combined pressure
31127,,,,,,,,,Nemaha,NE,9.5,7.6,7.4,12.8,14.8,18.4,9.1,,,0.5858,0.0,0.0,,,50.0154,,,,,,,,,9.6583,35.0812,38.6671,16.1536,13.3119,7.5271,40.1218,60.6182,50.0154,,20.0665,40.1218,60.6182,40.127,2465.0,Lower combined pressure
19009,,,,,,,,,Audubon,IA,10.0,9.0,8.8,14.6,15.8,19.8,7.2,,,0.4139,0.0,0.0,,,50.0154,,,,,,,,,24.8816,61.8572,75.9303,45.4838,25.3214,16.1536,12.111,34.745,50.0154,,41.6046,12.111,34.745,40.1218,2466.0,Lower combined pressure
35027,,,,,,,0.2188,,Lincoln,NM,9.6,8.5,9.6,16.2,14.2,22.4,12.4,,,0.5517,0.0,0.0,,,50.0154,,,,,3.1008,,,,11.4344,52.6556,89.3606,72.1583,8.0176,45.1455,72.4797,54.7759,50.0154,3.1008,46.462,72.4797,54.7759,40.1209,2467.0,Lower combined pressure
51830,,,,,,,,,Williamsburg,VA,11.0,5.3,5.1,11.5,19.0,24.8,7.8,,,0.3858,0.0,0.0,,,50.0154,,,,,,,,,68.9953,5.1421,3.8735,4.7023,83.7788,71.8539,20.2131,31.221,50.0154,,39.7243,20.2131,31.221,40.1055,2468.0,Lower combined pressure
27037,,,,,,,7.0391,,Dakota,MN,9.8,4.6,5.1,10.8,14.1,22.9,7.1,,,0.2364,0.0,0.0,,,50.0154,,,,,74.9354,,,,16.6272,1.8775,3.8735,2.2835,7.3917,51.7253,10.8424,17.7743,50.0154,74.9354,13.9631,10.8424,17.7743,40.0909,2469.0,Lower combined pressure
41063,,,,,,,0.5347,,Wallowa,OR,11.7,8.2,8.3,14.5,15.6,25.6,6.6,,,0.6977,0.0,0.0,,,50.0154,,,,,8.3979,,,,90.3586,46.8539,63.1597,43.8769,22.0737,79.9222,6.1401,79.3199,50.0154,8.3979,57.7075,6.1401,79.3199,40.077,2470.0,Lower combined pressure
08067,,,,,,,0.6036,0.0487,La Plata,CO,11.1,6.2,6.2,12.5,15.6,21.9,8.6,,,0.2802,0.0,0.0,,,50.0154,,,,,8.6563,90.625,,,73.5284,13.6502,15.3248,12.4662,22.0737,39.885,32.6286,20.2164,50.0154,49.6407,29.488,32.6286,20.2164,40.0713,2471.0,Lower combined pressure
19115,,,,,,,,,Louisa,IA,9.8,7.7,7.4,13.7,15.8,19.6,9.8,,,0.4107,0.0,0.0,,,50.0154,,,,,,,,,16.6272,36.9249,38.6671,29.6177,25.3214,14.2422,48.7483,34.2813,50.0154,,26.9001,48.7483,34.2813,40.0435,2472.0,Lower combined pressure
26111,,,,,,,,,Midland,MI,11.0,7.7,7.1,13.5,16.3,25.9,5.8,,,0.3862,0.0,0.0,,,50.0154,,,,,,,,,68.9953,36.9249,31.4276,26.6407,33.8802,82.5947,2.0298,31.3756,50.0154,,46.7439,2.0298,31.3756,40.0415,2473.0,Lower combined pressure
30021,,,,,,,4.3361,,Dawson,MT,10.8,7.0,6.8,13.9,16.8,23.2,9.0,,,0.2869,0.0,0.0,,,50.0154,,,,,36.1757,,,,60.2842,24.3065,25.406,33.2206,42.7267,55.1252,38.7348,20.5564,50.0154,36.1757,40.1782,38.7348,20.5564,40.0222,2474.0,Lower combined pressure
34017,,,,,,,6.5651,0.044,Hudson,NJ,8.4,4.1,4.7,12.4,14.7,14.2,14.6,,,-4.8608,0.0,0.0,,,50.0154,,,,,64.7287,48.9583,,,0.3214,0.5582,1.387,11.2821,12.3647,0.3721,84.1171,12.983,50.0154,56.8435,4.3809,84.1171,12.983,40.0207,2475.0,Lower combined pressure
06027,,,,,,,3.854,0.0424,Inyo,CA,10.2,6.9,7.6,14.7,16.3,22.2,7.9,,,0.5363,0.0,0.0,,,50.0154,,,,,32.1705,33.724,,,33.4405,22.7165,43.8092,47.3106,33.8802,43.1834,21.6171,52.3802,50.0154,32.9473,37.3901,21.6171,52.3802,39.9887,2476.0,Lower combined pressure
31151,,,,,,,,,Saline,NE,8.8,6.5,6.5,12.6,14.2,16.9,14.4,,,0.4518,0.0,0.0,,,50.0154,,,,,,,,,1.3363,17.1685,19.5873,13.7009,8.0176,3.3153,83.3051,40.1546,50.0154,,10.521,83.3051,40.1546,39.9745,2477.0,Lower combined pressure
27119,,,,,,,,,Polk,MN,10.2,6.7,7.1,12.8,15.6,24.5,8.3,,,0.4661,0.0,0.0,,,50.0154,,,,,,,,,33.4405,19.6719,31.4276,16.1536,22.0737,68.4709,27.8417,42.2257,50.0154,,31.873,27.8417,42.2257,39.9728,2478.0,Lower combined pressure
12085,,,,,,,6.2429,0.0383,Martin,FL,9.2,8.5,9.4,14.7,14.3,17.1,12.2,,,-23.2891,0.0,0.0,,,50.0154,,,,,57.6227,9.7656,,,5.1421,52.6556,86.316,47.3106,8.7111,3.9073,70.9912,9.3663,50.0154,33.6942,34.0071,70.9912,9.3663,39.9657,2479.0,Lower combined pressure
13067,,,,,,,8.7717,0.042,Cobb,GA,9.4,4.8,4.9,11.2,15.0,18.2,10.7,,,0.291,0.0,0.0,,,50.0154,,,,,93.4109,30.3385,,,8.0176,2.6387,2.4865,3.4844,14.9865,7.0196,57.8654,20.8964,50.0154,61.8747,6.4389,57.8654,20.8964,39.9592,2480.0,Lower combined pressure
01003,,,,,,,7.0183,0.0414,Baldwin,AL,9.3,7.5,7.5,13.2,15.1,22.5,8.3,,,0.3594,0.0,0.0,,,50.0154,,,,,74.5478,25.651,,,6.6475,33.1698,41.0859,21.634,15.8999,46.3464,27.8417,27.728,50.0154,50.0994,27.4639,27.8417,27.728,39.9524,2481.0,Lower combined pressure
48329,,,,,,,,,Midland,TX,9.4,4.9,4.7,12.4,17.2,21.4,20.0,,,-26.6464,0.0,0.0,,,50.0154,,,,,,,,,8.0176,3.1123,1.387,11.2821,50.203,34.3369,95.5007,8.8717,50.0154,,18.0565,95.5007,8.8717,39.9413,2482.0,Lower combined pressure
26081,,,,,,,3.681,0.0429,Kent,MI,11.0,6.4,5.7,12.5,17.0,27.5,7.4,,,0.4961,0.0,0.0,,,50.0154,,,,,30.8786,37.5,,,68.9953,15.9168,9.1171,12.4662,46.3972,92.5237,14.9188,46.677,50.0154,34.1893,40.9027,14.9188,46.677,39.9372,2483.0,Lower combined pressure
19067,,,,,,,,,Floyd,IA,10.0,8.3,8.0,13.9,16.3,20.4,7.4,,,0.4748,0.0,0.0,,,50.0154,,,,,,,,,24.8816,48.6637,55.0744,33.2206,33.8802,22.6658,14.9188,43.524,50.0154,,36.3977,14.9188,43.524,39.9311,2484.0,Lower combined pressure
26019,,,,,,,,0.0417,Benzie,MI,11.0,9.0,8.5,14.6,15.8,25.7,5.6,,,0.3846,0.0,0.0,,,50.0154,,,,,,28.125,,,68.9953,61.8572,68.9276,45.4838,25.3214,80.8525,1.387,31.1283,50.0154,28.125,58.573,1.387,31.1283,39.9306,2485.0,Lower combined pressure
20195,,,,,,,1.39,0.0495,Trego,KS,9.7,7.8,8.0,13.0,14.4,19.5,7.2,,,0.4598,0.0,0.0,,,50.0154,,,,,14.3411,92.7083,,,13.5487,38.887,55.0744,18.5724,9.6583,13.3965,12.111,41.1747,50.0154,53.5247,24.8562,12.111,41.1747,39.9284,2486.0,Lower combined pressure
19113,,,,,,,7.2416,0.0436,Linn,IA,10.3,6.5,6.2,12.2,16.3,23.1,6.4,,,0.2953,0.0,0.0,,,50.0154,,,,,77.6486,44.7917,,,38.0751,17.1685,15.3248,9.4384,33.8802,53.9073,4.8376,21.2983,50.0154,61.2201,27.9657,4.8376,21.2983,39.9147,2487.0,Lower combined pressure
31153,,,,,,,7.5738,,Sarpy,NE,8.6,4.6,4.7,10.0,13.5,17.5,7.9,,,0.1865,0.0,0.0,,,50.0154,,,,,82.2997,,,,0.6935,1.8775,1.387,0.6935,3.9073,4.8545,21.6171,16.136,50.0154,82.2997,2.2356,21.6171,16.136,39.9138,2488.0,Lower combined pressure
26065,,,,,,,6.5917,0.0413,Ingham,MI,11.6,6.5,5.6,12.5,18.4,27.2,6.9,,,-94.6953,0.0,0.0,,,50.0154,,,,,65.3747,25.2604,,,88.5149,17.1685,8.0176,12.4662,74.5264,91.1198,8.4743,5.5332,50.0154,45.3175,48.6355,8.4743,5.5332,39.8936,2489.0,Lower combined pressure
19093,,,,,,,,,Ida,IA,10.0,8.2,7.9,13.7,16.0,20.1,7.4,,,0.5227,0.0,0.0,,,50.0154,,,,,,,,,24.8816,46.8539,52.1313,29.6177,28.8058,18.9107,14.9188,50.3246,50.0154,,33.5335,14.9188,50.3246,39.8831,2490.0,Lower combined pressure
16001,,,,,,,2.8299,0.0476,Ada,ID,10.3,5.3,5.4,12.2,15.2,25.0,8.5,,,0.1859,0.0,0.0,,,50.0154,,,,,25.5814,85.8073,,,38.0751,5.1421,6.0386,9.4384,16.8978,74.205,31.0047,16.1051,50.0154,55.6943,24.9662,31.0047,16.1051,39.8807,2491.0,Lower combined pressure
18057,,,,,,,7.4218,0.0464,Hamilton,IN,10.2,4.7,4.9,9.6,13.7,22.5,5.2,,,0.187,0.0,0.0,,,50.0154,,,,,80.2326,75.2604,,,33.4405,2.2666,2.4865,0.2706,5.0406,46.3464,0.6935,16.2287,50.0154,77.7465,14.9752,0.6935,16.2287,39.8773,2492.0,Lower combined pressure
50011,,,,,,,,,Franklin,VT,11.4,7.2,6.8,13.5,17.0,25.4,6.8,,,0.2941,0.0,0.0,,,50.0154,,,,,,,,,83.7957,27.6894,25.406,26.6407,46.3972,78.1461,7.6286,21.1128,50.0154,,48.0125,7.6286,21.1128,39.8425,2493.0,Lower combined pressure
17097,,,,,,,,0.0462,Lake,IL,9.1,5.4,5.4,11.0,14.1,18.1,9.2,,,-12.2141,0.0,0.0,,,50.0154,,,,,,72.7865,,,3.6874,5.7341,6.0386,2.8417,7.3917,6.7321,41.475,11.3756,50.0154,72.7865,5.4043,41.475,11.3756,39.8374,2494.0,Lower combined pressure
46033,,,,,,,1.35,0.0504,Custer,SD,9.8,7.9,8.9,13.2,12.4,18.8,7.0,,,0.4064,0.0,0.0,,,50.0154,,,,,13.8243,94.5312,,,16.6272,40.8829,77.7233,21.634,0.4567,8.8464,9.5399,33.7249,50.0154,54.1778,27.6951,9.5399,33.7249,39.7993,2495.0,Lower combined pressure
17035,,,,,,,,,Cumberland,IL,10.3,8.1,7.3,13.7,16.8,22.9,7.1,,,0.4262,0.0,0.0,,,50.0154,,,,,,,,,38.0751,44.7903,36.3329,29.6177,42.7267,51.7253,10.8424,36.1669,50.0154,,40.5447,10.8424,36.1669,39.789,2496.0,Lower combined pressure
19147,,,,,,,6.5436,0.0437,Palo Alto,IA,9.9,7.8,7.7,13.4,15.8,20.0,6.9,,,0.373,0.0,0.0,,,50.0154,,,,,64.2119,45.5729,,,20.5514,38.887,46.431,24.6786,25.3214,17.8281,8.4743,29.6754,50.0154,54.8924,28.9496,8.4743,29.6754,39.7801,2497.0,Lower combined pressure
16071,,,,,,,,,Oneida,ID,10.5,7.2,7.0,13.8,15.8,22.0,8.9,,,0.3502,0.0,0.0,,,50.0154,,,,,,,,,46.9046,27.6894,29.161,31.2415,25.3214,41.0183,37.297,26.9552,50.0154,,33.556,37.297,26.9552,39.7585,2498.0,Lower combined pressure
53057,,,,,,,4.0913,0.0289,Skagit,WA,11.0,6.5,6.9,14.3,15.8,25.5,9.9,,,0.5018,0.0,0.0,,,50.0154,,,,,33.4625,0.7812,,,68.9953,17.1685,27.2666,40.3078,25.3214,79.1779,49.7124,47.4189,50.0154,17.1219,43.0396,49.7124,47.4189,39.7581,2499.0,Lower combined pressure
37019,,,,,,,,,Brunswick,NC,10.4,8.5,8.8,13.3,14.0,23.4,7.9,,,0.257,0.0,0.0,,,50.0154,,,,,,,,,42.6928,52.6556,75.9303,23.0886,6.7659,57.4256,21.6171,18.7326,50.0154,,43.0931,21.6171,18.7326,39.7505,2500.0,Lower combined pressure
19127,,,,,,,,,Marshall,IA,9.5,7.2,7.1,13.8,15.8,19.4,11.0,,,0.3745,0.0,0.0,,,50.0154,,,,,,,,,9.6583,27.6894,31.4276,31.2415,25.3214,12.5677,60.724,29.7063,50.0154,,22.9843,60.724,29.7063,39.725,2501.0,Lower combined pressure
13211,,,,,,,,,Morgan,GA,9.9,6.8,6.7,13.5,16.0,19.6,10.6,,,0.4144,0.0,0.0,,,50.0154,,,,,,,,,20.5514,21.0927,23.3593,26.6407,28.8058,14.2422,56.935,34.8068,50.0154,,22.4487,56.935,34.8068,39.7213,2502.0,Lower combined pressure
45003,,,,,,,,0.0429,Aiken,SC,9.8,7.5,7.1,14.0,15.6,22.7,11.8,,,-22.7381,0.0,0.0,,,50.0154,,,,,,36.5885,,,16.6272,33.1698,31.4276,34.9797,22.0737,49.0528,68.0988,9.4281,50.0154,36.5885,31.2218,68.0988,9.4281,39.7099,2503.0,Lower combined pressure
38083,,,,,,,,,Sheridan,ND,9.8,9.0,10.5,14.4,12.2,18.9,7.5,,,0.4312,0.0,0.0,,,50.0154,,,,,,,,,16.6272,61.8572,96.5663,42.1685,0.2368,9.2862,16.3058,36.9243,50.0154,,37.7904,16.3058,36.9243,39.7003,2504.0,Lower combined pressure
53031,,,,,,,4.2242,,Jefferson,WA,10.5,7.2,9.2,14.5,13.4,23.7,5.8,,,0.495,0.0,0.0,,,50.0154,,,,,34.8837,,,,46.9046,27.6894,83.2544,43.8769,3.3322,60.8762,2.0298,46.5533,50.0154,34.8837,44.3223,2.0298,46.5533,39.6644,2505.0,Lower combined pressure
36099,,,,,,,,,Seneca,NY,11.2,8.7,7.8,15.0,16.8,21.2,7.2,,,-90.2725,0.0,0.0,,,50.0154,,,,,,,,,77.4357,56.4445,49.0866,53.0277,42.7267,32.3072,12.111,5.6569,50.0154,,51.8381,12.111,5.6569,39.6546,2506.0,Lower combined pressure
39035,,,,,,,2.3913,0.0442,Cuyahoga,OH,11.6,7.7,6.9,13.5,16.1,23.9,8.4,,,-13.3873,0.0,0.0,,,50.0154,,,,,21.9638,51.9531,,,88.5149,36.9249,27.2666,26.6407,30.4635,62.703,29.4147,11.0355,50.0154,36.9585,45.4189,29.4147,11.0355,39.644,2507.0,Lower combined pressure
46097,,,,,,,,,Miner,SD,9.9,8.2,8.6,13.7,14.6,19.9,8.7,,,0.3819,0.0,0.0,,,50.0154,,,,,,,,,20.5514,46.8539,71.6678,29.6177,11.4513,16.9317,34.2524,30.8501,50.0154,,32.8456,34.2524,30.8501,39.635,2508.0,Lower combined pressure
36115,,,,,,,,,Washington,NY,11.1,8.1,7.4,14.5,16.4,20.4,6.2,,,0.4212,0.0,0.0,,,50.0154,,,,,,,,,73.5284,44.7903,38.6671,43.8769,35.4533,22.6658,3.5859,35.6105,50.0154,,43.1636,3.5859,35.6105,39.6202,2509.0,Lower combined pressure
49049,,,,,,,2.6138,0.0464,Utah,UT,9.9,3.6,3.7,10.7,17.1,26.4,9.6,,,-12.518,0.0,0.0,,,50.0154,,,,,23.5142,74.6094,,,20.5514,0.1522,0.1015,1.979,48.0717,85.8593,46.6509,11.2828,50.0154,49.0618,26.1192,46.6509,11.2828,39.5932,2510.0,Lower combined pressure
39137,,,,,,,,,Putnam,OH,10.5,7.4,7.0,13.4,16.4,24.2,7.3,,,0.4267,0.0,0.0,,,50.0154,,,,,,,,,46.9046,31.3092,29.161,24.6786,35.4533,65.6461,13.4641,36.2597,50.0154,,38.8588,13.4641,36.2597,39.5889,2511.0,Lower combined pressure
18037,,,,,,,1.7599,,Dubois,IN,10.9,8.5,7.4,14.2,16.6,23.4,8.8,,,0.491,0.0,0.0,,,50.0154,,,,,17.1835,,,,64.4621,52.6556,38.6671,38.498,38.7855,57.4256,35.8085,45.9969,50.0154,17.1835,48.4157,35.8085,45.9969,39.5849,2512.0,Lower combined pressure
31037,,,,,,,,,Colfax,NE,8.5,6.5,6.6,13.3,13.5,14.1,19.8,,,0.3165,0.0,0.0,,,50.0154,,,,,,,,,0.5074,17.1685,21.4141,23.0886,3.9073,0.3214,95.4161,23.2767,50.0154,,11.0679,95.4161,23.2767,39.5212,2513.0,Lower combined pressure
31021,,,,,,,,,Burt,NE,9.2,8.1,8.3,13.2,13.7,17.2,8.7,,,0.5331,0.0,0.0,,,50.0154,,,,,,,,,5.1421,44.7903,63.1597,21.634,5.0406,4.1272,34.2524,51.8393,50.0154,,23.9823,34.2524,51.8393,39.4791,2514.0,Lower combined pressure
27161,,,,,,,,,Waseca,MN,10.3,6.5,6.8,12.7,16.2,24.6,8.9,,,0.3468,0.0,0.0,,,50.0154,,,,,,,,,38.0751,17.1685,25.406,14.8681,32.1719,69.5873,37.297,26.5224,50.0154,,32.8795,37.297,26.5224,39.4752,2515.0,Lower combined pressure
12095,,,,,,,6.4238,0.0418,Orange,FL,9.1,5.5,5.6,12.9,16.3,16.6,16.1,,,-7.0392,0.0,0.0,,,50.0154,,,,,61.3695,28.9062,,,3.6874,6.6137,8.0176,17.3714,33.8802,2.5203,88.9885,12.5811,50.0154,45.1379,12.0151,88.9885,12.5811,39.4498,2516.0,Lower combined pressure
55133,,,,,,,6.7344,0.0471,Waukesha,WI,10.2,5.2,6.2,11.5,12.9,20.2,5.7,,,0.2864,0.0,0.0,,,50.0154,,,,,69.509,81.7708,,,33.4405,4.5839,15.3248,4.7023,1.3024,20.1116,1.6407,20.5255,50.0154,75.6399,13.2442,1.6407,20.5255,39.4423,2517.0,Lower combined pressure
17111,,,,,,,7.5618,0.0442,McHenry,IL,9.6,5.9,5.6,11.7,15.4,21.7,7.9,,,0.1945,0.0,0.0,,,50.0154,,,,,82.0413,52.0833,,,11.4344,10.4364,8.0176,5.7679,19.2828,37.7368,21.6171,16.476,50.0154,67.0623,15.446,21.6171,16.476,39.441,2518.0,Lower combined pressure
36073,,,,,,,,,Orleans,NY,11.4,8.5,7.5,15.0,17.2,20.6,7.2,,,-76.2664,0.0,0.0,,,50.0154,,,,,,,,,83.7957,52.6556,41.0859,53.0277,50.203,25.3552,12.111,5.9969,50.0154,,51.0205,12.111,5.9969,39.4274,2519.0,Lower combined pressure
39045,,,,,,,,,Fairfield,OH,10.8,7.2,6.6,12.9,16.6,25.3,7.1,,,0.4066,0.0,0.0,,,50.0154,,,,,,,,,60.2842,27.6894,21.4141,17.3714,38.7855,76.979,10.8424,33.7558,50.0154,,40.4206,10.8424,33.7558,39.4261,2520.0,Lower combined pressure
02066,,,,,,,,,Copper River,AK,10.7,8.0,8.0,14.8,15.2,19.8,9.5,,,-999.0,0.0,0.0,,,50.0154,,,,,,,,,55.8018,42.7436,55.0744,49.2896,16.8978,16.1536,45.3484,1.9629,50.0154,,39.3268,45.3484,1.9629,39.4233,2521.0,Lower combined pressure
31141,,,,,,,,,Platte,NE,8.6,6.6,6.8,12.4,13.4,15.8,12.4,,,0.5034,0.0,0.0,,,50.0154,,,,,,,,,0.6935,18.4202,25.406,11.2821,3.3322,1.1164,72.4797,47.8207,50.0154,,10.0417,72.4797,47.8207,39.3935,2522.0,Lower combined pressure
50003,,,,,,,4.5899,0.0407,Bennington,VT,11.5,7.3,7.3,13.9,16.1,29.2,6.1,,,0.4277,0.0,0.0,,,50.0154,,,,,38.1137,21.3542,,,86.316,29.5162,36.3329,33.2206,30.4635,95.6698,3.1969,36.3833,50.0154,29.7339,51.9198,3.1969,36.3833,39.3761,2523.0,Lower combined pressure
42101,,,,,,,3.1615,0.0442,Philadelphia,PA,,,,,,,,,,-48.3006,0.0,0.0,,,50.0154,,,,,27.5194,51.4323,,,,,,,,,,7.1097,50.0154,39.4758,,,7.1097,39.3609,2524.0,Lower combined pressure
51073,,,,,,,,,Gloucester,VA,10.7,7.4,7.1,14.2,16.2,24.1,7.8,,,0.267,0.0,0.0,,,50.0154,,,,,,,,,55.8018,31.3092,31.4276,38.498,32.1719,64.5636,20.2131,19.1963,50.0154,,42.2953,20.2131,19.1963,39.3592,2525.0,Lower combined pressure
30049,,,,,,,2.2133,0.0441,Lewis and Clark,MT,11.2,6.3,6.0,13.4,16.6,25.8,8.1,,,0.3641,0.0,0.0,,,50.0154,,,,,19.6382,49.349,,,77.4357,14.6651,12.6522,24.6786,38.7855,81.8166,24.7294,28.3462,50.0154,34.4936,41.6723,24.7294,28.3462,39.3537,2526.0,Lower combined pressure
17073,,,,,,,,,Henry,IL,10.2,7.8,7.2,13.5,16.2,21.8,7.9,,,0.4399,0.0,0.0,,,50.0154,,,,,,,,,33.4405,38.887,33.8464,26.6407,32.1719,38.8363,21.6171,38.4235,50.0154,,33.9705,21.6171,38.4235,39.3351,2527.0,Lower combined pressure
22093,,,,,,,,0.0376,St. James,LA,10.5,8.3,7.8,15.2,18.4,24.5,7.8,,,0.5906,0.0,0.0,,,50.0154,,,,,,7.1615,,,46.9046,48.6637,49.0866,56.8843,74.5264,68.4709,20.2131,61.6074,50.0154,7.1615,57.4228,20.2131,61.6074,39.3327,2528.0,Lower combined pressure
16013,,,,,,,5.988,,Blaine,ID,9.9,6.1,6.6,12.7,13.1,18.9,10.5,,,0.2208,0.0,0.0,,,50.0154,,,,,54.3928,,,,20.5514,12.7199,21.4141,14.8681,1.9621,9.2862,56.2585,17.3107,50.0154,54.3928,13.467,56.2585,17.3107,39.3265,2529.0,Lower combined pressure
01089,,,,,,,7.2077,0.0439,Madison,AL,9.4,5.8,5.8,11.8,15.5,21.6,8.0,,,0.3371,0.0,0.0,,,50.0154,,,,,77.3902,47.9167,,,8.0176,9.3369,10.2165,6.5122,20.6867,36.502,23.1225,25.3787,50.0154,62.6534,15.212,23.1225,25.3787,39.3211,2530.0,Lower combined pressure
42029,,,,,,,1.7182,0.0448,Chester,PA,,,,,,,,,,-7.7069,0.0,0.0,,,50.0154,,,,,16.5375,57.9427,,,,,,,,,,12.4266,50.0154,37.2401,,,12.4266,39.3189,2531.0,Lower combined pressure
37097,,,,,,,,,Iredell,NC,10.5,6.6,6.2,12.2,15.9,24.4,9.1,,,0.3592,0.0,0.0,,,50.0154,,,,,,,,,46.9046,18.4202,15.3248,9.4384,27.2327,67.5406,40.1218,27.6971,50.0154,,30.8102,40.1218,27.6971,39.3188,2532.0,Lower combined pressure
38067,,,,,,,,,Pembina,ND,9.8,7.8,8.6,13.7,13.4,19.7,8.0,,,0.5084,0.0,0.0,,,50.0154,,,,,,,,,16.6272,38.887,71.6678,29.6177,3.3322,15.2064,23.1225,48.5008,50.0154,,29.223,23.1225,48.5008,39.2969,2533.0,Lower combined pressure
55061,,,,,,,,0.0437,Kewaunee,WI,10.6,7.3,7.6,13.5,15.0,22.6,7.5,,,0.2842,0.0,0.0,,,50.0154,,,,,,46.7448,,,51.2686,29.5162,43.8092,26.6407,14.9865,47.7165,16.3058,20.4328,50.0154,46.7448,35.6563,16.3058,20.4328,39.2788,2534.0,Lower combined pressure
36071,,,,,,,5.9341,,Orange,NY,10.5,6.1,5.8,13.2,16.0,17.8,8.6,,,0.3347,0.0,0.0,,,50.0154,,,,,52.9716,,,,46.9046,12.7199,10.2165,21.634,28.8058,5.8525,32.6286,25.0696,50.0154,52.9716,21.0222,32.6286,25.0696,39.2729,2535.0,Lower combined pressure
17171,,,,,,,,,Scott,IL,10.4,8.6,7.5,14.2,16.8,22.7,7.3,,,0.2617,0.0,0.0,,,50.0154,,,,,,,,,42.6928,54.6854,41.0859,38.498,42.7267,49.0528,13.4641,18.949,50.0154,,44.7903,13.4641,18.949,39.258,2536.0,Lower combined pressure
56035,,,,,,,0.5101,0.0507,Sublette,WY,9.8,7.0,7.3,13.2,14.1,20.2,9.5,,,0.1322,0.0,0.0,,,50.0154,,,,,8.1395,95.3125,,,16.6272,24.3065,36.3329,21.634,7.3917,20.1116,45.3484,14.9304,50.0154,51.726,21.0673,45.3484,14.9304,39.2308,2537.0,Lower combined pressure
31145,,,,,,,,,Red Willow,NE,9.5,7.6,7.6,13.2,14.2,19.4,9.0,,,0.5262,0.0,0.0,,,50.0154,,,,,,,,,9.6583,35.0812,43.8092,21.634,8.0176,12.5677,38.7348,50.8964,50.0154,,21.7947,38.7348,50.8964,39.2219,2538.0,Lower combined pressure
19005,,,,,,,,,Allamakee,IA,9.8,8.6,8.5,14.3,16.0,20.1,8.2,,,0.3085,0.0,0.0,,,50.0154,,,,,,,,,16.6272,54.6854,68.9276,40.3078,28.8058,18.9107,26.3024,22.6275,50.0154,,38.0441,26.3024,22.6275,39.2115,2539.0,Lower combined pressure
55139,,,,,,,,,Winnebago,WI,11.0,6.4,6.3,12.5,16.1,23.4,7.7,,,0.4592,0.0,0.0,,,50.0154,,,,,,,,,68.9953,15.9168,16.6272,12.4662,30.4635,57.4256,18.7754,41.1128,50.0154,,33.6491,18.7754,41.1128,39.2076,2540.0,Lower combined pressure
25023,,,,,,,5.5735,0.0436,Plymouth,MA,12.1,6.4,6.2,12.8,16.8,23.8,4.4,,,0.314,0.0,0.0,,,50.0154,,,,,47.2868,45.4427,,,94.7226,15.9168,15.3248,16.1536,42.7267,61.8234,0.203,23.1221,50.0154,46.3648,41.1113,0.203,23.1221,39.2061,2541.0,Lower combined pressure
30043,,,,,,,,,Jefferson,MT,10.9,7.0,6.7,13.6,15.4,22.7,8.1,,,0.3915,0.0,0.0,,,50.0154,,,,,,,,,64.4621,24.3065,23.3593,28.366,19.2828,49.0528,24.7294,31.9011,50.0154,,34.8049,24.7294,31.9011,39.1585,2542.0,Lower combined pressure
55111,,,,,,,5.606,0.0417,Sauk,WI,10.8,7.0,7.1,13.8,15.7,24.2,8.0,,,0.3328,0.0,0.0,,,50.0154,,,,,48.062,27.7344,,,60.2842,24.3065,31.4276,31.2415,23.41,65.6461,23.1225,25.0077,50.0154,37.8982,39.386,23.1225,25.0077,39.1387,2543.0,Lower combined pressure
55021,,,,,,,,0.0433,Columbia,WI,10.8,6.9,6.9,13.3,15.4,23.3,7.4,,,0.4177,0.0,0.0,,,50.0154,,,,,,41.5365,,,60.2842,22.7165,27.2666,23.0886,19.2828,56.2754,14.9188,35.2396,50.0154,41.5365,34.819,14.9188,35.2396,39.1093,2544.0,Lower combined pressure
19187,,,,,,,,,Webster,IA,10.1,7.7,7.1,13.2,16.9,20.5,8.0,,,0.4631,0.0,0.0,,,50.0154,,,,,,,,,29.2794,36.9249,31.4276,21.634,44.5704,24.1543,23.1225,41.7311,50.0154,,31.3318,23.1225,41.7311,39.0972,2545.0,Lower combined pressure
46003,,,,,,,,,Aurora,SD,10.0,7.4,7.6,13.0,14.9,20.1,9.9,,,0.3777,0.0,0.0,,,50.0154,,,,,,,,,24.8816,31.3092,43.8092,18.5724,14.1238,18.9107,49.7124,30.2937,50.0154,,25.2678,49.7124,30.2937,39.0963,2546.0,Lower combined pressure
22103,,,,,,,7.4827,0.0399,St. Tammany,LA,9.5,7.2,7.0,13.7,18.0,25.2,6.9,,,-16.5313,0.0,0.0,,,50.0154,,,,,80.8786,16.9271,,,9.6583,27.6894,29.161,29.6177,66.8978,76.0487,8.4743,10.4482,50.0154,48.9028,39.8455,8.4743,10.4482,39.084,2547.0,Lower combined pressure
46111,,,,,,,,,Sanborn,SD,10.0,7.8,7.8,13.4,14.7,20.2,9.3,,,0.3702,0.0,0.0,,,50.0154,,,,,,,,,24.8816,38.887,49.0866,24.6786,12.3647,20.1116,42.7943,29.3045,50.0154,,28.335,42.7943,29.3045,39.0643,2548.0,Lower combined pressure
05007,,,,,,,,,Benton,AR,9.2,5.9,5.6,12.5,16.5,23.7,10.9,,,0.3558,0.0,0.0,,,50.0154,,,,,,,,,5.1421,10.4364,8.0176,12.4662,37.0095,60.8762,59.8275,27.2334,50.0154,,22.3247,59.8275,27.2334,39.0558,2549.0,Lower combined pressure
19003,,,,,,,,,Adams,IA,9.9,8.4,8.4,14.1,15.4,20.1,6.5,,,0.5132,0.0,0.0,,,50.0154,,,,,,,,,20.5514,50.592,66.0521,36.6881,19.2828,18.9107,5.4635,49.0263,50.0154,,35.3462,5.4635,49.0263,39.0535,2550.0,Lower combined pressure
01081,,,,,,,,,Lee,AL,10.1,6.4,5.8,12.4,17.6,23.6,8.8,,,0.373,0.0,0.0,,,50.0154,,,,,,,,,29.2794,15.9168,10.2165,11.2821,59.0325,59.726,35.8085,29.6445,50.0154,,30.9089,35.8085,29.6445,39.0362,2551.0,Lower combined pressure
38093,,,,,,,,,Stutsman,ND,10.3,7.3,7.3,13.0,14.7,20.6,7.9,,,0.5486,0.0,0.0,,,50.0154,,,,,,,,,38.0751,29.5162,36.3329,18.5724,12.3647,25.3552,21.6171,54.3122,50.0154,,26.7028,21.6171,54.3122,39.031,2552.0,Lower combined pressure
51161,,,,,,,6.0778,0.0432,Roanoke,VA,10.3,6.8,6.9,13.3,15.8,24.6,7.2,,,0.2994,0.0,0.0,,,50.0154,,,,,55.6848,41.1458,,,38.0751,21.0927,27.2666,23.0886,25.3214,69.5873,12.111,21.762,50.0154,48.4153,34.0719,12.111,21.762,39.0137,2553.0,Lower combined pressure
09110,,,,,,,,,Capitol,CT,11.9,5.6,5.7,12.4,16.7,21.8,9.8,,,-19.5581,0.0,0.0,,,50.0154,,,,,,,,,92.9465,7.5947,9.1171,11.2821,40.8153,38.8363,48.7483,10.0773,50.0154,,33.432,48.7483,10.0773,38.9936,2554.0,Lower combined pressure
13103,,,,,,,,,Effingham,GA,10.0,6.1,5.4,13.2,17.3,20.5,11.5,,,0.24,0.0,0.0,,,50.0154,,,,,,,,,24.8816,12.7199,6.0386,21.634,52.3681,24.1543,65.4093,17.8671,50.0154,,23.6327,65.4093,17.8671,38.9873,2555.0,Lower combined pressure
12099,,,,,,,6.8264,0.037,Palm Beach,FL,9.2,7.1,7.9,13.5,14.4,15.3,14.6,,,-23.8043,0.0,0.0,,,50.0154,,,,,70.801,6.25,,,5.1421,25.9303,52.1313,26.6407,9.6583,0.6935,84.1171,9.2427,50.0154,38.5255,20.0327,84.1171,9.2427,38.9801,2556.0,Lower combined pressure
46115,,,,,,,,,Spink,SD,10.0,8.0,8.3,13.4,14.2,20.2,8.4,,,0.4275,0.0,0.0,,,50.0154,,,,,,,,,24.8816,42.7436,63.1597,24.6786,8.0176,20.1116,29.4147,36.3524,50.0154,,30.5988,29.4147,36.3524,38.9747,2557.0,Lower combined pressure
02240,,,,,,,,,Southeast Fairbanks,AK,10.1,7.5,7.0,14.7,16.0,19.3,11.5,,,-999.0,0.0,0.0,,,50.0154,,,,,,,,,29.2794,33.1698,29.161,47.3106,28.8058,11.7388,65.4093,1.9629,50.0154,,29.9109,65.4093,1.9629,38.9594,2558.0,Lower combined pressure
51019,,,,,,,,,Bedford,VA,10.5,7.6,7.7,14.1,15.9,23.3,7.2,,,0.344,0.0,0.0,,,50.0154,,,,,,,,,46.9046,35.0812,46.431,36.6881,27.2327,56.2754,12.111,26.3679,50.0154,,41.4355,12.111,26.3679,38.9485,2559.0,Lower combined pressure
39165,,,,,,,5.9006,0.0494,Warren,OH,9.9,5.8,5.8,11.4,15.2,22.7,6.0,,,-22.3788,0.0,0.0,,,50.0154,,,,,52.7132,92.0573,,,20.5514,9.3369,10.2165,4.2963,16.8978,49.0528,2.9263,9.49,50.0154,72.3852,18.392,2.9263,9.49,38.9405,2560.0,Lower combined pressure
16051,,,,,,,,,Jefferson,ID,10.7,6.0,5.5,12.8,16.3,22.5,10.2,,,0.2121,0.0,0.0,,,50.0154,,,,,,,,,55.8018,11.6373,6.9858,16.1536,33.8802,46.3464,53.6536,17.0634,50.0154,,28.4675,53.6536,17.0634,38.9243,2561.0,Lower combined pressure
30091,,,,,,,0.389,,Sheridan,MT,11.1,8.3,7.9,15.1,16.4,23.5,9.9,,,0.4348,0.0,0.0,,,50.0154,,,,,6.8475,,,,73.5284,48.6637,52.1313,54.956,35.4533,58.6265,49.7124,37.558,50.0154,6.8475,53.8932,49.7124,37.558,38.9169,2562.0,Lower combined pressure
31135,,,,,,,,,Perkins,NE,9.1,7.3,7.6,12.5,13.3,17.0,8.9,,,0.6083,0.0,0.0,,,50.0154,,,,,,,,,3.6874,29.5162,43.8092,12.4662,2.7402,3.6536,37.297,64.575,50.0154,,15.9788,37.297,64.575,38.9154,2563.0,Lower combined pressure
20067,,,,,,,,,Grant,KS,9.0,5.5,5.9,12.5,14.6,17.3,17.4,,,0.3701,0.0,0.0,,,50.0154,,,,,,,,,2.7064,6.6137,11.3498,12.4662,11.4513,4.3302,92.1008,29.2736,50.0154,,8.1529,92.1008,29.2736,38.9071,2564.0,Lower combined pressure
06003,,,,,,,,,Alpine,CA,10.2,6.4,7.5,13.5,15.6,21.7,5.7,,,0.6169,0.0,0.0,,,50.0154,,,,,,,,,33.4405,15.9168,41.0859,26.6407,22.0737,37.7368,1.6407,66.2133,50.0154,,29.4824,1.6407,66.2133,38.8808,2565.0,Lower combined pressure
42129,,,,,,,1.1219,0.042,Westmoreland,PA,,,,,,,,,,0.5224,0.0,0.0,,,50.0154,,,,,11.8863,30.0781,,,,,,,,,,50.2009,50.0154,20.9822,,,50.2009,38.8773,2566.0,Lower combined pressure
38029,,,,,,,,,Emmons,ND,10.1,8.8,9.5,14.0,13.1,19.0,7.5,,,0.3973,0.0,0.0,,,50.0154,,,,,,,,,29.2794,58.2206,87.8383,34.9797,1.9621,9.8275,16.3058,32.643,50.0154,,37.0179,16.3058,32.643,38.872,2567.0,Lower combined pressure
42035,,,,,,,,,Clinton,PA,,,,,,,,,,-99.3578,0.0,0.0,,,50.0154,,,,,,,,,,,,,,,,5.4405,50.0154,,,,5.4405,38.8717,2568.0,Lower combined pressure
55007,,,,,,,,,Bayfield,WI,10.8,7.9,9.1,14.4,13.9,23.0,6.2,,,0.2745,0.0,0.0,,,50.0154,,,,,,,,,60.2842,40.8829,81.4783,42.1685,6.2585,52.8417,3.5859,19.5981,50.0154,,47.319,3.5859,19.5981,38.8704,2569.0,Lower combined pressure
31057,,,,,,,,,Dundy,NE,9.3,8.6,9.0,13.9,13.1,16.7,9.2,,,0.3376,0.0,0.0,,,50.0154,,,,,,,,,6.6475,54.6854,79.5839,33.2206,1.9621,2.8248,41.475,25.4096,50.0154,,29.8207,41.475,25.4096,38.8643,2570.0,Lower combined pressure
19089,,,,,,,,,Howard,IA,10.0,8.3,7.7,13.9,16.4,20.4,7.5,,,0.4313,0.0,0.0,,,50.0154,,,,,,,,,24.8816,48.6637,46.431,33.2206,35.4533,22.6658,16.3058,37.0015,50.0154,,35.2193,16.3058,37.0015,38.8536,2571.0,Lower combined pressure
20043,,,,,,,,,Doniphan,KS,10.2,7.5,7.1,13.1,16.6,21.3,8.3,,,0.4084,0.0,0.0,,,50.0154,,,,,,,,,33.4405,33.1698,31.4276,20.1116,38.7855,33.3897,27.8417,34.0031,50.0154,,31.7208,27.8417,34.0031,38.8257,2572.0,Lower combined pressure
53061,,,,,,,5.2522,,Snohomish,WA,11.1,4.8,4.9,12.1,15.8,25.0,7.7,,,0.3693,0.0,0.0,,,50.0154,,,,,44.9612,,,,73.5284,2.6387,2.4865,8.6096,25.3214,74.205,18.7754,29.0572,50.0154,44.9612,31.1316,18.7754,29.0572,38.8111,2573.0,Lower combined pressure
06073,,,,,,,5.6542,0.0466,San Diego,CA,8.9,4.7,5.2,11.9,16.3,21.1,8.7,,,-6.3561,0.0,0.0,,,50.0154,,,,,48.4496,77.3438,,,1.9452,2.2666,4.4993,7.2395,33.8802,31.0724,34.2524,12.7666,50.0154,62.8967,13.4839,34.2524,12.7666,38.8017,2574.0,Lower combined pressure
21163,,,,,,,,,Meade,KY,,,,,,,,,,-110.7008,0.0,0.0,,,50.0154,,,,,,,,,,,,,,,,5.1314,50.0154,,,,5.1314,38.7944,2575.0,Lower combined pressure
38071,,,,,,,,,Ramsey,ND,10.2,7.9,8.1,13.5,14.3,20.5,7.7,,,0.4665,0.0,0.0,,,50.0154,,,,,,,,,33.4405,40.8829,57.747,26.6407,8.7111,24.1543,18.7754,42.2875,50.0154,,31.9294,18.7754,42.2875,38.791,2576.0,Lower combined pressure
12087,,,,,,,,,Monroe,FL,8.9,7.2,7.9,14.1,14.4,16.1,13.5,,,-35.3446,0.0,0.0,,,50.0154,,,,,,,,,1.9452,27.6894,52.1313,36.6881,9.6583,1.5392,78.9073,7.9444,50.0154,,21.6086,78.9073,7.9444,38.7893,2577.0,Lower combined pressure
29151,,,,,,,,,Osage,MO,10.3,8.0,6.9,14.1,17.1,24.2,7.6,,,0.1628,0.0,0.0,,,50.0154,,,,,,,,,38.0751,42.7436,27.2666,36.6881,48.0717,65.6461,17.5237,15.6414,50.0154,,43.0819,17.5237,15.6414,38.7888,2578.0,Lower combined pressure
24025,,,,,,,5.8841,0.0462,Harford,MD,10.2,6.1,5.8,12.1,15.4,21.6,6.8,,,0.3142,0.0,0.0,,,50.0154,,,,,52.3256,73.0469,,,33.4405,12.7199,10.2165,8.6096,19.2828,36.502,7.6286,23.153,50.0154,62.6862,20.1286,7.6286,23.153,38.7865,2579.0,Lower combined pressure
27133,,,,,,,,,Rock,MN,10.0,6.7,7.2,12.7,15.6,24.1,8.0,,,0.4688,0.0,0.0,,,50.0154,,,,,,,,,24.8816,19.6719,33.8464,14.8681,22.0737,64.5636,23.1225,42.6893,50.0154,,29.9842,23.1225,42.6893,38.7758,2580.0,Lower combined pressure
55085,,,,,,,,,Oneida,WI,10.4,7.9,8.6,14.7,14.5,23.5,6.5,,,0.2995,0.0,0.0,,,50.0154,,,,,,,,,42.6928,40.8829,71.6678,47.3106,10.5886,58.6265,5.4635,21.8238,50.0154,,45.2949,5.4635,21.8238,38.7428,2581.0,Lower combined pressure
36105,,,,,,,,,Sullivan,NY,10.6,7.5,7.2,14.3,15.7,19.3,8.5,,,0.3665,0.0,0.0,,,50.0154,,,,,,,,,51.2686,33.1698,33.8464,40.3078,23.41,11.7388,31.0047,28.6862,50.0154,,32.2903,31.0047,28.6862,38.7284,2582.0,Lower combined pressure
31137,,,,,,,,,Phelps,NE,9.2,7.3,7.3,13.0,14.1,17.9,9.3,,,0.5497,0.0,0.0,,,50.0154,,,,,,,,,5.1421,29.5162,36.3329,18.5724,7.3917,6.1908,42.7943,54.5904,50.0154,,17.191,42.7943,54.5904,38.7211,2583.0,Lower combined pressure
41005,,,,,,,0.3471,0.0441,Clackamas,OR,11.6,6.0,6.1,13.1,16.5,27.5,6.7,,,0.5226,0.0,0.0,,,50.0154,,,,,6.2016,49.8698,,,88.5149,11.6373,13.9378,20.1116,37.0095,92.5237,6.8843,50.2318,50.0154,28.0357,43.9558,6.8843,50.2318,38.7141,2584.0,Lower combined pressure
36025,,,,,,,,,Delaware,NY,10.9,9.0,8.5,15.2,16.1,20.5,6.5,,,-55.0302,0.0,0.0,,,50.0154,,,,,,,,,64.4621,61.8572,68.9276,56.8843,30.4635,24.1543,5.4635,6.8624,50.0154,,51.1248,5.4635,6.8624,38.6912,2585.0,Lower combined pressure
37037,,,,,,,,,Chatham,NC,10.2,7.3,7.8,12.5,13.8,22.1,9.3,,,0.338,0.0,0.0,,,50.0154,,,,,,,,,33.4405,29.5162,49.0866,12.4662,5.7003,42.1516,42.7943,25.5023,50.0154,,28.7269,42.7943,25.5023,38.688,2586.0,Lower combined pressure
46075,,,,,,,,,Jones,SD,10.1,8.8,9.5,14.2,14.0,19.6,8.1,,,0.2255,0.0,0.0,,,50.0154,,,,,,,,,29.2794,58.2206,87.8383,38.498,6.7659,14.2422,24.7294,17.4189,50.0154,,39.1407,24.7294,17.4189,38.6728,2587.0,Lower combined pressure
31125,,,,,,,,,Nance,NE,9.5,8.4,7.8,13.6,14.7,17.9,8.7,,,0.4541,0.0,0.0,,,50.0154,,,,,,,,,9.6583,50.592,49.0866,28.366,12.3647,6.1908,34.2524,40.5564,50.0154,,26.0431,34.2524,40.5564,38.6617,2588.0,Lower combined pressure
20053,,,,,,,,,Ellsworth,KS,9.4,7.4,7.5,13.0,15.1,18.5,9.5,,,0.4735,0.0,0.0,,,50.0154,,,,,,,,,8.0176,31.3092,41.0859,18.5724,15.8999,7.7808,45.3484,43.2767,50.0154,,20.4443,45.3484,43.2767,38.6376,2589.0,Lower combined pressure
31121,,,,,,,,,Merrick,NE,9.2,7.4,7.5,13.2,14.2,17.8,9.3,,,0.5189,0.0,0.0,,,50.0154,,,,,,,,,5.1421,31.3092,41.0859,21.634,8.0176,5.8525,42.7943,49.83,50.0154,,18.8402,42.7943,49.83,38.6361,2590.0,Lower combined pressure
45035,,,,,,,,,Dorchester,SC,9.6,6.5,5.9,13.2,16.2,21.7,11.2,,,0.3029,0.0,0.0,,,50.0154,,,,,,,,,11.4344,17.1685,11.3498,21.634,32.1719,37.7368,62.703,22.102,50.0154,,21.9159,62.703,22.102,38.6188,2591.0,Lower combined pressure
24005,,,,,,,2.2121,0.0475,Baltimore,MD,11.0,6.5,6.2,11.7,16.1,20.7,8.1,,,-8.6305,0.0,0.0,,,50.0154,,,,,19.509,85.026,,,68.9953,17.1685,15.3248,5.7679,30.4635,26.4208,24.7294,12.3029,50.0154,52.2675,27.3568,24.7294,12.3029,38.6139,2592.0,Lower combined pressure
51093,,,,,,,,,Isle of Wight,VA,10.8,7.1,6.9,13.7,16.0,22.2,7.7,,,0.3838,0.0,0.0,,,50.0154,,,,,,,,,60.2842,25.9303,27.2666,29.6177,28.8058,43.1834,18.7754,31.0355,50.0154,,35.848,18.7754,31.0355,38.597,2593.0,Lower combined pressure
27101,,,,,,,,,Murray,MN,9.9,7.2,8.4,13.3,14.6,23.7,8.3,,,0.3246,0.0,0.0,,,50.0154,,,,,,,,,20.5514,27.6894,66.0521,23.0886,11.4513,60.8762,27.8417,24.204,50.0154,,34.9515,27.8417,24.204,38.5961,2594.0,Lower combined pressure
19097,,,,,,,,,Jackson,IA,10.1,8.4,7.9,14.0,16.2,20.6,6.9,,,0.4338,0.0,0.0,,,50.0154,,,,,,,,,29.2794,50.592,52.1313,34.9797,32.1719,25.3552,8.4743,37.3416,50.0154,,37.4182,8.4743,37.3416,38.5877,2595.0,Lower combined pressure
21143,,,,,,,,,Lyon,KY,,,,,,,,,,-249.4138,0.0,0.0,,,50.0154,,,,,,,,,,,,,,,,4.1731,50.0154,,,,4.1731,38.5548,2596.0,Lower combined pressure
21221,,,,,,,,,Trigg,KY,,,,,,,,,,-284.9435,0.0,0.0,,,50.0154,,,,,,,,,,,,,,,,4.1422,50.0154,,,,4.1422,38.5471,2597.0,Lower combined pressure
36037,,,,,,,,,Genesee,NY,10.9,7.4,6.9,13.8,16.4,21.1,5.9,,,0.4817,0.0,0.0,,,50.0154,,,,,,,,,64.4621,31.3092,27.2666,31.2415,35.4533,31.0724,2.5203,44.5131,50.0154,,36.8009,2.5203,44.5131,38.5442,2598.0,Lower combined pressure
05119,,,,,,,4.8067,0.0399,Pulaski,AR,10.3,7.2,6.7,13.8,17.5,23.1,10.4,,,-8.7205,0.0,0.0,,,50.0154,,,,,40.1809,16.7969,,,38.0751,27.6894,23.3593,31.2415,56.8166,53.9073,55.5819,12.2411,50.0154,28.4889,38.5149,55.5819,12.2411,38.5379,2599.0,Lower combined pressure
55039,,,,,,,,0.0424,Fond du Lac,WI,11.0,6.9,6.9,13.7,15.6,24.4,8.1,,,0.362,0.0,0.0,,,50.0154,,,,,,33.2031,,,68.9953,22.7165,27.2666,29.6177,22.0737,67.5406,24.7294,28.1298,50.0154,33.2031,39.7017,24.7294,28.1298,38.5168,2600.0,Lower combined pressure
12089,,,,,,,,,Nassau,FL,9.6,7.6,7.4,13.8,15.7,18.3,9.9,,,0.3595,0.0,0.0,,,50.0154,,,,,,,,,11.4344,35.0812,38.6671,31.2415,23.41,7.2903,49.7124,27.7898,50.0154,,24.5207,49.7124,27.7898,38.5134,2601.0,Lower combined pressure
09005,,,,,,,1.3388,0.0428,,,,,,,,,,,,,0.0,0.0,,,50.0154,,,,,13.5659,35.8073,,,,,,,,,,,50.0154,24.6866,,,,38.5023,2602.0,Lower combined pressure
31169,,,,,,,,,Thayer,NE,9.3,8.4,8.4,13.9,13.7,17.4,8.5,,,0.4396,0.0,0.0,,,50.0154,,,,,,,,,6.6475,50.592,66.0521,33.2206,5.0406,4.567,31.0047,38.3153,50.0154,,27.6866,31.0047,38.3153,38.4777,2603.0,Lower combined pressure
19033,,,,,,,,,Cerro Gordo,IA,10.0,8.0,7.9,13.5,15.9,21.3,7.1,,,0.4612,0.0,0.0,,,50.0154,,,,,,,,,24.8816,42.7436,52.1313,26.6407,27.2327,33.3897,10.8424,41.3601,50.0154,,34.5033,10.8424,41.3601,38.4676,2604.0,Lower combined pressure
45063,,,,,,,,,Lexington,SC,9.2,6.9,6.2,13.2,16.2,24.4,10.7,,,-10.503,0.0,0.0,,,50.0154,,,,,,,,,5.1421,22.7165,15.3248,21.634,32.1719,67.5406,57.8654,11.8083,50.0154,,27.4216,57.8654,11.8083,38.4365,2605.0,Lower combined pressure
38023,,,,,,,,,Divide,ND,10.0,7.8,8.6,13.4,13.2,19.3,7.6,,,0.5035,0.0,0.0,,,50.0154,,,,,,,,,24.8816,38.887,71.6678,24.6786,2.3512,11.7388,17.5237,47.8825,50.0154,,29.0342,17.5237,47.8825,38.405,2606.0,Lower combined pressure
19109,,,,,,,,,Kossuth,IA,9.8,8.2,8.4,13.8,15.6,19.8,7.0,,,0.488,0.0,0.0,,,50.0154,,,,,,,,,16.6272,46.8539,66.0521,31.2415,22.0737,16.1536,9.5399,45.5332,50.0154,,33.167,9.5399,45.5332,38.4049,2607.0,Lower combined pressure
31089,,,,,,,,,Holt,NE,9.2,8.1,8.2,13.2,13.3,16.0,9.2,,,0.4491,0.0,0.0,,,50.0154,,,,,,,,,5.1421,44.7903,60.3857,21.634,2.7402,1.387,41.475,39.7836,50.0154,,22.6799,41.475,39.7836,38.4006,2608.0,Lower combined pressure
24003,,,,,,,,0.0463,Anne Arundel,MD,10.0,5.2,5.3,11.7,14.6,19.9,7.1,,,-15.1629,0.0,0.0,,,50.0154,,,,,,73.4375,,,24.8816,4.5839,5.1759,5.7679,11.4513,16.9317,10.8424,10.6646,50.0154,73.4375,11.4654,10.8424,10.6646,38.381,2609.0,Lower combined pressure
27145,,,,,,,6.652,0.0412,Stearns,MN,10.3,5.8,6.1,11.9,16.6,25.1,7.9,,,0.3043,0.0,0.0,,,50.0154,,,,,66.7959,24.2188,,,38.0751,9.3369,13.9378,7.2395,38.7855,75.1691,21.6171,22.2875,50.0154,45.5073,30.424,21.6171,22.2875,38.3779,2610.0,Lower combined pressure
31177,,,,,,,7.0898,,Washington,NE,8.9,6.0,6.3,11.4,12.9,17.7,7.0,,,0.199,0.0,0.0,,,50.0154,,,,,76.0982,,,,1.9452,11.6373,16.6272,4.2963,1.3024,5.548,9.5399,16.6306,50.0154,76.0982,6.8928,9.5399,16.6306,38.3694,2611.0,Lower combined pressure
27089,,,,,,,,,Marshall,MN,9.9,7.0,7.8,13.1,15.0,23.3,8.2,,,0.4099,0.0,0.0,,,50.0154,,,,,,,,,20.5514,24.3065,49.0866,20.1116,14.9865,56.2754,26.3024,34.0958,50.0154,,30.8863,26.3024,34.0958,38.3547,2612.0,Lower combined pressure
20163,,,,,,,,,Rooks,KS,10.0,8.2,7.8,13.5,15.4,21.3,8.6,,,0.2979,0.0,0.0,,,50.0154,,,,,,,,,24.8816,46.8539,49.0866,26.6407,19.2828,33.3897,32.6286,21.5765,50.0154,,33.3559,32.6286,21.5765,38.3521,2613.0,Lower combined pressure
36077,,,,,,,,,Otsego,NY,11.3,7.2,6.8,13.4,17.4,20.9,5.9,,,0.4121,0.0,0.0,,,50.0154,,,,,,,,,80.8863,27.6894,25.406,24.6786,54.364,28.5521,2.5203,34.4049,50.0154,,40.2627,2.5203,34.4049,38.3504,2614.0,Lower combined pressure
19123,,,,,,,,,Mahaska,IA,10.1,7.8,7.2,13.6,16.9,21.1,7.1,,,0.4566,0.0,0.0,,,50.0154,,,,,,,,,29.2794,38.887,33.8464,28.366,44.5704,31.0724,10.8424,40.8346,50.0154,,34.3369,10.8424,40.8346,38.3421,2615.0,Lower combined pressure
19175,,,,,,,,,Union,IA,10.1,7.9,7.4,13.6,16.6,20.6,7.3,,,0.4515,0.0,0.0,,,50.0154,,,,,,,,,29.2794,40.8829,38.6671,28.366,38.7855,25.3552,13.4641,40.0927,50.0154,,33.556,13.4641,40.0927,38.3324,2616.0,Lower combined pressure
30057,,,,,,,,,Madison,MT,10.5,7.3,7.7,13.8,15.0,21.6,8.7,,,0.2255,0.0,0.0,,,50.0154,,,,,,,,,46.9046,29.5162,46.431,31.2415,14.9865,36.502,34.2524,17.4189,50.0154,,34.2636,34.2524,17.4189,38.3169,2617.0,Lower combined pressure
55119,,,,,,,,0.0408,Taylor,WI,10.7,8.4,8.2,15.0,16.1,21.6,8.3,,,0.3915,0.0,0.0,,,50.0154,,,,,,21.4844,,,55.8018,50.592,60.3857,53.0277,30.4635,36.502,27.8417,31.8393,50.0154,21.4844,47.7954,27.8417,31.8393,38.2927,2618.0,Lower combined pressure
48355,,,,,,,5.5945,0.037,Nueces,TX,9.3,6.0,6.5,14.6,16.5,20.0,24.6,,,-20.3108,0.0,0.0,,,50.0154,,,,,47.8036,6.3802,,,6.6475,11.6373,19.5873,45.4838,37.0095,17.8281,97.5981,9.8918,50.0154,27.0919,23.0323,97.5981,9.8918,38.2847,2619.0,Lower combined pressure
36019,,,,,,,,,Clinton,NY,11.6,7.8,7.0,14.1,17.6,22.7,6.3,,,-44.9947,0.0,0.0,,,50.0154,,,,,,,,,88.5149,38.887,29.161,36.6881,59.0325,49.0528,4.1779,7.2952,50.0154,,50.2227,4.1779,7.2952,38.2768,2620.0,Lower combined pressure
48431,,,,,,,,,Sterling,TX,9.2,4.9,5.1,12.0,16.0,21.4,15.6,,,0.14,0.0,0.0,,,50.0154,,,,,,,,,5.1421,3.1123,3.8735,7.933,28.8058,34.3369,87.1279,15.1468,50.0154,,13.8673,87.1279,15.1468,38.2652,2621.0,Lower combined pressure
56011,,,,,,,,,Crook,WY,10.2,7.5,7.3,13.6,14.8,20.1,9.5,,,0.3168,0.0,0.0,,,50.0154,,,,,,,,,33.4405,33.1698,36.3329,28.366,13.3119,18.9107,45.3484,23.3385,50.0154,,27.2553,45.3484,23.3385,38.2495,2622.0,Lower combined pressure
27061,,,,,,,,,Itasca,MN,10.2,7.5,8.3,13.6,15.0,23.8,7.1,,,0.3618,0.0,0.0,,,50.0154,,,,,,,,,33.4405,33.1698,63.1597,28.366,14.9865,61.8234,10.8424,28.068,50.0154,,39.1576,10.8424,28.068,38.2468,2623.0,Lower combined pressure
17197,,,,,,,7.3104,0.0435,Will,IL,9.7,5.6,5.3,11.7,15.7,18.9,9.1,,,-5.5046,0.0,0.0,,,50.0154,,,,,78.8114,43.099,,,13.5487,7.5947,5.1759,5.7679,23.41,9.2862,40.1218,12.8594,50.0154,60.9552,10.7972,40.1218,12.8594,38.2408,2624.0,Lower combined pressure
18081,,,,,,,,,Johnson,IN,10.9,6.9,6.0,12.5,16.7,25.3,7.1,,,0.3756,0.0,0.0,,,50.0154,,,,,,,,,64.4621,22.7165,12.6522,12.4662,40.8153,76.979,10.8424,29.9536,50.0154,,38.3486,10.8424,29.9536,38.2285,2625.0,Lower combined pressure
20103,,,,,,,,0.0445,Leavenworth,KS,10.0,6.0,6.0,11.7,15.7,20.9,8.5,,,0.287,0.0,0.0,,,50.0154,,,,,,54.4271,,,24.8816,11.6373,12.6522,5.7679,23.41,28.5521,31.0047,20.6182,50.0154,54.4271,17.8169,31.0047,20.6182,38.2279,2626.0,Lower combined pressure
31103,,,,,,,,,Keya Paha,NE,8.9,9.0,10.1,13.9,12.6,16.0,8.9,,,0.2574,0.0,0.0,,,50.0154,,,,,,,,,1.9452,61.8572,94.0291,33.2206,0.7104,1.387,37.297,18.7635,50.0154,,32.1916,37.297,18.7635,38.2114,2627.0,Lower combined pressure
26161,,,,,,,6.8605,0.044,Washtenaw,MI,10.6,5.4,5.1,10.8,15.8,26.7,5.2,,,-36.998,0.0,0.0,,,50.0154,,,,,71.447,48.6979,,,51.2686,5.7341,3.8735,2.2835,25.3214,88.0582,0.6935,7.6352,50.0154,60.0725,29.4232,0.6935,7.6352,38.2114,2628.0,Lower combined pressure
51177,,,,,,,,,Spotsylvania,VA,10.7,6.1,5.9,13.0,16.4,22.7,9.4,,,0.1892,0.0,0.0,,,50.0154,,,,,,,,,55.8018,12.7199,11.3498,18.5724,35.4533,49.0528,44.0291,16.2597,50.0154,,30.4917,44.0291,16.2597,38.2086,2629.0,Lower combined pressure
37025,,,,,,,,,Cabarrus,NC,10.4,5.8,5.5,11.6,16.2,23.4,9.9,,,0.3094,0.0,0.0,,,50.0154,,,,,,,,,42.6928,9.3369,6.9858,5.1083,32.1719,57.4256,49.7124,22.7202,50.0154,,25.6202,49.7124,22.7202,38.2039,2630.0,Lower combined pressure
12009,,,,,,,5.5941,0.0404,Brevard,FL,9.6,7.8,7.9,14.1,15.9,18.6,11.6,,,-19.9686,0.0,0.0,,,50.0154,,,,,47.6744,18.6198,,,11.4344,38.887,52.1313,36.6881,27.2327,8.1867,66.1874,9.9536,50.0154,33.1471,29.0934,66.1874,9.9536,38.1788,2631.0,Lower combined pressure
51041,,,,,,,7.049,0.0412,Chesterfield,VA,10.6,5.6,5.6,12.4,16.1,21.2,8.2,,,0.3036,0.0,0.0,,,50.0154,,,,,75.1938,24.349,,,51.2686,7.5947,8.0176,11.2821,30.4635,32.3072,26.3024,22.1947,50.0154,49.7714,23.4889,26.3024,22.1947,38.1694,2632.0,Lower combined pressure
51683,,,,,,,,,Manassas,VA,9.7,5.0,4.9,12.8,15.8,20.0,15.3,,,0.1947,0.0,0.0,,,50.0154,,,,,,,,,13.5487,3.6874,2.4865,16.1536,25.3214,17.8281,86.4344,16.507,50.0154,,13.171,86.4344,16.507,38.122,2633.0,Lower combined pressure
27015,,,,,,,,,Brown,MN,10.0,6.6,7.2,12.7,15.4,23.6,8.1,,,0.4482,0.0,0.0,,,50.0154,,,,,,,,,24.8816,18.4202,33.8464,14.8681,19.2828,59.726,24.7294,39.66,50.0154,,28.5042,24.7294,39.66,38.0928,2634.0,Lower combined pressure
46021,,,,,,,,,Campbell,SD,9.5,8.1,9.4,13.4,12.6,18.4,8.2,,,0.4312,0.0,0.0,,,50.0154,,,,,,,,,9.6583,44.7903,86.316,24.6786,0.7104,7.5271,26.3024,36.9243,50.0154,,28.9468,26.3024,36.9243,38.0853,2635.0,Lower combined pressure
12035,,,,,,,,0.039,Flagler,FL,9.7,8.6,9.0,14.8,14.8,18.3,11.4,,,0.4837,0.0,0.0,,,50.0154,,,,,,12.1745,,,13.5487,54.6854,79.5839,49.2896,13.3119,7.2903,64.6313,44.9459,50.0154,12.1745,36.285,64.6313,44.9459,38.0772,2636.0,Lower combined pressure
02060,,,,,,,,,Bristol Bay,AK,11.0,7.1,7.6,14.3,15.3,18.8,9.7,,,-999.0,0.0,0.0,,,50.0154,,,,,,,,,68.9953,25.9303,43.8092,40.3078,18.0819,8.8464,47.7165,1.9629,50.0154,,34.3285,47.7165,1.9629,38.0729,2637.0,Lower combined pressure
48091,,,,,,,,,Comal,TX,9.4,5.6,5.8,12.0,14.7,20.3,12.9,,,0.3912,0.0,0.0,,,50.0154,,,,,,,,,8.0176,7.5947,10.2165,7.933,12.3647,21.2957,75.5074,31.8083,50.0154,,11.237,75.5074,31.8083,38.0606,2638.0,Lower combined pressure
26047,,,,,,,,,Emmet,MI,11.0,7.8,7.5,13.2,15.8,25.3,5.3,,,0.2879,0.0,0.0,,,50.0154,,,,,,,,,68.9953,38.887,41.0859,21.634,25.3214,76.979,0.8288,20.6801,50.0154,,45.4838,0.8288,20.6801,38.0353,2639.0,Lower combined pressure
27111,,,,,,,,,Otter Tail,MN,10.0,7.2,8.1,13.2,14.7,23.2,7.5,,,0.422,0.0,0.0,,,50.0154,,,,,,,,,24.8816,27.6894,57.747,21.634,12.3647,55.1252,16.3058,35.7032,50.0154,,33.2403,16.3058,35.7032,38.0208,2640.0,Lower combined pressure
46029,,,,,,,7.5367,0.0324,Codington,SD,10.2,7.3,7.4,12.9,15.2,21.3,8.7,,,0.2908,0.0,0.0,,,50.0154,,,,,81.7829,1.8229,,,33.4405,29.5162,38.6671,17.3714,16.8978,33.3897,34.2524,20.8655,50.0154,41.8029,28.2138,34.2524,20.8655,38.0206,2641.0,Lower combined pressure
46073,,,,,,,,,Jerauld,SD,9.6,8.1,8.9,13.5,13.2,18.7,8.9,,,0.3429,0.0,0.0,,,50.0154,,,,,,,,,11.4344,44.7903,77.7233,26.6407,2.3512,8.5758,37.297,26.2133,50.0154,,28.5859,37.297,26.2133,38.0028,2642.0,Lower combined pressure
60010,,,,,,,,,,,,,,,,,,,,-999.0,0.0,0.0,,,50.0154,,,,,,,,,,,,,,,,1.9629,50.0154,,,,1.9629,38.0023,2643.0,Lower combined pressure
60020,,,,,,,,,,,,,,,,,,,,-999.0,0.0,0.0,,,50.0154,,,,,,,,,,,,,,,,1.9629,50.0154,,,,1.9629,38.0023,2643.0,Lower combined pressure
60030,,,,,,,,,,,,,,,,,,,,-999.0,0.0,0.0,,,50.0154,,,,,,,,,,,,,,,,1.9629,50.0154,,,,1.9629,38.0023,2643.0,Lower combined pressure
60040,,,,,,,,,,,,,,,,,,,,-999.0,0.0,0.0,,,50.0154,,,,,,,,,,,,,,,,1.9629,50.0154,,,,1.9629,38.0023,2643.0,Lower combined pressure
60050,,,,,,,,,,,,,,,,,,,,-999.0,0.0,0.0,,,50.0154,,,,,,,,,,,,,,,,1.9629,50.0154,,,,1.9629,38.0023,2643.0,Lower combined pressure
66010,,,,,,,,,,,,,,,,,,,,-999.0,0.0,0.0,,,50.0154,,,,,,,,,,,,,,,,1.9629,50.0154,,,,1.9629,38.0023,2643.0,Lower combined pressure
69085,,,,,,,,,,,,,,,,,,,,-999.0,0.0,0.0,,,50.0154,,,,,,,,,,,,,,,,1.9629,50.0154,,,,1.9629,38.0023,2643.0,Lower combined pressure
69100,,,,,,,,,,,,,,,,,,,,-999.0,0.0,0.0,,,50.0154,,,,,,,,,,,,,,,,1.9629,50.0154,,,,1.9629,38.0023,2643.0,Lower combined pressure
69110,,,,,,,,,,,,,,,,,,,,-999.0,0.0,0.0,,,50.0154,,,,,,,,,,,,,,,,1.9629,50.0154,,,,1.9629,38.0023,2643.0,Lower combined pressure
69120,,,,,,,,,,,,,,,,,,,,-999.0,0.0,0.0,,,50.0154,,,,,,,,,,,,,,,,1.9629,50.0154,,,,1.9629,38.0023,2643.0,Lower combined pressure
72001,,,,,,,,,,,,,,,,,,,,-999.0,0.0,0.0,,,50.0154,,,,,,,,,,,,,,,,1.9629,50.0154,,,,1.9629,38.0023,2643.0,Lower combined pressure
72003,,,,,,,,,,,,,,,,,,,,-999.0,0.0,0.0,,,50.0154,,,,,,,,,,,,,,,,1.9629,50.0154,,,,1.9629,38.0023,2643.0,Lower combined pressure
72005,,,,,,,,,,,,,,,,,,,,-999.0,0.0,0.0,,,50.0154,,,,,,,,,,,,,,,,1.9629,50.0154,,,,1.9629,38.0023,2643.0,Lower combined pressure
72007,,,,,,,,,,,,,,,,,,,,-999.0,0.0,0.0,,,50.0154,,,,,,,,,,,,,,,,1.9629,50.0154,,,,1.9629,38.0023,2643.0,Lower combined pressure
72009,,,,,,,,,,,,,,,,,,,,-999.0,0.0,0.0,,,50.0154,,,,,,,,,,,,,,,,1.9629,50.0154,,,,1.9629,38.0023,2643.0,Lower combined pressure
72011,,,,,,,,,,,,,,,,,,,,-999.0,0.0,0.0,,,50.0154,,,,,,,,,,,,,,,,1.9629,50.0154,,,,1.9629,38.0023,2643.0,Lower combined pressure
72013,,,,,,,,,,,,,,,,,,,,-999.0,0.0,0.0,,,50.0154,,,,,,,,,,,,,,,,1.9629,50.0154,,,,1.9629,38.0023,2643.0,Lower combined pressure
72015,,,,,,,,,,,,,,,,,,,,-999.0,0.0,0.0,,,50.0154,,,,,,,,,,,,,,,,1.9629,50.0154,,,,1.9629,38.0023,2643.0,Lower combined pressure
72017,,,,,,,,,,,,,,,,,,,,-999.0,0.0,0.0,,,50.0154,,,,,,,,,,,,,,,,1.9629,50.0154,,,,1.9629,38.0023,2643.0,Lower combined pressure
72019,,,,,,,,,,,,,,,,,,,,-999.0,0.0,0.0,,,50.0154,,,,,,,,,,,,,,,,1.9629,50.0154,,,,1.9629,38.0023,2643.0,Lower combined pressure
72023,,,,,,,,,,,,,,,,,,,,-999.0,0.0,0.0,,,50.0154,,,,,,,,,,,,,,,,1.9629,50.0154,,,,1.9629,38.0023,2643.0,Lower combined pressure
72027,,,,,,,,,,,,,,,,,,,,-999.0,0.0,0.0,,,50.0154,,,,,,,,,,,,,,,,1.9629,50.0154,,,,1.9629,38.0023,2643.0,Lower combined pressure
72029,,,,,,,,,,,,,,,,,,,,-999.0,0.0,0.0,,,50.0154,,,,,,,,,,,,,,,,1.9629,50.0154,,,,1.9629,38.0023,2643.0,Lower combined pressure
72031,,,,,,,,,,,,,,,,,,,,-999.0,0.0,0.0,,,50.0154,,,,,,,,,,,,,,,,1.9629,50.0154,,,,1.9629,38.0023,2643.0,Lower combined pressure
72035,,,,,,,,,,,,,,,,,,,,-999.0,0.0,0.0,,,50.0154,,,,,,,,,,,,,,,,1.9629,50.0154,,,,1.9629,38.0023,2643.0,Lower combined pressure
72037,,,,,,,,,,,,,,,,,,,,-999.0,0.0,0.0,,,50.0154,,,,,,,,,,,,,,,,1.9629,50.0154,,,,1.9629,38.0023,2643.0,Lower combined pressure
72039,,,,,,,,,,,,,,,,,,,,-999.0,0.0,0.0,,,50.0154,,,,,,,,,,,,,,,,1.9629,50.0154,,,,1.9629,38.0023,2643.0,Lower combined pressure
72041,,,,,,,,,,,,,,,,,,,,-999.0,0.0,0.0,,,50.0154,,,,,,,,,,,,,,,,1.9629,50.0154,,,,1.9629,38.0023,2643.0,Lower combined pressure
72043,,,,,,,,,,,,,,,,,,,,-999.0,0.0,0.0,,,50.0154,,,,,,,,,,,,,,,,1.9629,50.0154,,,,1.9629,38.0023,2643.0,Lower combined pressure
72045,,,,,,,,,,,,,,,,,,,,-999.0,0.0,0.0,,,50.0154,,,,,,,,,,,,,,,,1.9629,50.0154,,,,1.9629,38.0023,2643.0,Lower combined pressure
72047,,,,,,,,,,,,,,,,,,,,-999.0,0.0,0.0,,,50.0154,,,,,,,,,,,,,,,,1.9629,50.0154,,,,1.9629,38.0023,2643.0,Lower combined pressure
72049,,,,,,,,,,,,,,,,,,,,-999.0,0.0,0.0,,,50.0154,,,,,,,,,,,,,,,,1.9629,50.0154,,,,1.9629,38.0023,2643.0,Lower combined pressure
72051,,,,,,,,,,,,,,,,,,,,-999.0,0.0,0.0,,,50.0154,,,,,,,,,,,,,,,,1.9629,50.0154,,,,1.9629,38.0023,2643.0,Lower combined pressure
72054,,,,,,,,,,,,,,,,,,,,-999.0,0.0,0.0,,,50.0154,,,,,,,,,,,,,,,,1.9629,50.0154,,,,1.9629,38.0023,2643.0,Lower combined pressure
72055,,,,,,,,,,,,,,,,,,,,-999.0,0.0,0.0,,,50.0154,,,,,,,,,,,,,,,,1.9629,50.0154,,,,1.9629,38.0023,2643.0,Lower combined pressure
72057,,,,,,,,,,,,,,,,,,,,-999.0,0.0,0.0,,,50.0154,,,,,,,,,,,,,,,,1.9629,50.0154,,,,1.9629,38.0023,2643.0,Lower combined pressure
72059,,,,,,,,,,,,,,,,,,,,-999.0,0.0,0.0,,,50.0154,,,,,,,,,,,,,,,,1.9629,50.0154,,,,1.9629,38.0023,2643.0,Lower combined pressure
72063,,,,,,,,,,,,,,,,,,,,-999.0,0.0,0.0,,,50.0154,,,,,,,,,,,,,,,,1.9629,50.0154,,,,1.9629,38.0023,2643.0,Lower combined pressure
72065,,,,,,,,,,,,,,,,,,,,-999.0,0.0,0.0,,,50.0154,,,,,,,,,,,,,,,,1.9629,50.0154,,,,1.9629,38.0023,2643.0,Lower combined pressure
72067,,,,,,,,,,,,,,,,,,,,-999.0,0.0,0.0,,,50.0154,,,,,,,,,,,,,,,,1.9629,50.0154,,,,1.9629,38.0023,2643.0,Lower combined pressure
72069,,,,,,,,,,,,,,,,,,,,-999.0,0.0,0.0,,,50.0154,,,,,,,,,,,,,,,,1.9629,50.0154,,,,1.9629,38.0023,2643.0,Lower combined pressure
72071,,,,,,,,,,,,,,,,,,,,-999.0,0.0,0.0,,,50.0154,,,,,,,,,,,,,,,,1.9629,50.0154,,,,1.9629,38.0023,2643.0,Lower combined pressure
72073,,,,,,,,,,,,,,,,,,,,-999.0,0.0,0.0,,,50.0154,,,,,,,,,,,,,,,,1.9629,50.0154,,,,1.9629,38.0023,2643.0,Lower combined pressure
72075,,,,,,,,,,,,,,,,,,,,-999.0,0.0,0.0,,,50.0154,,,,,,,,,,,,,,,,1.9629,50.0154,,,,1.9629,38.0023,2643.0,Lower combined pressure
72077,,,,,,,,,,,,,,,,,,,,-999.0,0.0,0.0,,,50.0154,,,,,,,,,,,,,,,,1.9629,50.0154,,,,1.9629,38.0023,2643.0,Lower combined pressure
72079,,,,,,,,,,,,,,,,,,,,-999.0,0.0,0.0,,,50.0154,,,,,,,,,,,,,,,,1.9629,50.0154,,,,1.9629,38.0023,2643.0,Lower combined pressure
72081,,,,,,,,,,,,,,,,,,,,-999.0,0.0,0.0,,,50.0154,,,,,,,,,,,,,,,,1.9629,50.0154,,,,1.9629,38.0023,2643.0,Lower combined pressure
72083,,,,,,,,,,,,,,,,,,,,-999.0,0.0,0.0,,,50.0154,,,,,,,,,,,,,,,,1.9629,50.0154,,,,1.9629,38.0023,2643.0,Lower combined pressure
72085,,,,,,,,,,,,,,,,,,,,-999.0,0.0,0.0,,,50.0154,,,,,,,,,,,,,,,,1.9629,50.0154,,,,1.9629,38.0023,2643.0,Lower combined pressure
72087,,,,,,,,,,,,,,,,,,,,-999.0,0.0,0.0,,,50.0154,,,,,,,,,,,,,,,,1.9629,50.0154,,,,1.9629,38.0023,2643.0,Lower combined pressure
72089,,,,,,,,,,,,,,,,,,,,-999.0,0.0,0.0,,,50.0154,,,,,,,,,,,,,,,,1.9629,50.0154,,,,1.9629,38.0023,2643.0,Lower combined pressure
72091,,,,,,,,,,,,,,,,,,,,-999.0,0.0,0.0,,,50.0154,,,,,,,,,,,,,,,,1.9629,50.0154,,,,1.9629,38.0023,2643.0,Lower combined pressure
72093,,,,,,,,,,,,,,,,,,,,-999.0,0.0,0.0,,,50.0154,,,,,,,,,,,,,,,,1.9629,50.0154,,,,1.9629,38.0023,2643.0,Lower combined pressure
72095,,,,,,,,,,,,,,,,,,,,-999.0,0.0,0.0,,,50.0154,,,,,,,,,,,,,,,,1.9629,50.0154,,,,1.9629,38.0023,2643.0,Lower combined pressure
72099,,,,,,,,,,,,,,,,,,,,-999.0,0.0,0.0,,,50.0154,,,,,,,,,,,,,,,,1.9629,50.0154,,,,1.9629,38.0023,2643.0,Lower combined pressure
72101,,,,,,,,,,,,,,,,,,,,-999.0,0.0,0.0,,,50.0154,,,,,,,,,,,,,,,,1.9629,50.0154,,,,1.9629,38.0023,2643.0,Lower combined pressure
72103,,,,,,,,,,,,,,,,,,,,-999.0,0.0,0.0,,,50.0154,,,,,,,,,,,,,,,,1.9629,50.0154,,,,1.9629,38.0023,2643.0,Lower combined pressure
72105,,,,,,,,,,,,,,,,,,,,-999.0,0.0,0.0,,,50.0154,,,,,,,,,,,,,,,,1.9629,50.0154,,,,1.9629,38.0023,2643.0,Lower combined pressure
72107,,,,,,,,,,,,,,,,,,,,-999.0,0.0,0.0,,,50.0154,,,,,,,,,,,,,,,,1.9629,50.0154,,,,1.9629,38.0023,2643.0,Lower combined pressure
72109,,,,,,,,,,,,,,,,,,,,-999.0,0.0,0.0,,,50.0154,,,,,,,,,,,,,,,,1.9629,50.0154,,,,1.9629,38.0023,2643.0,Lower combined pressure
72111,,,,,,,,,,,,,,,,,,,,-999.0,0.0,0.0,,,50.0154,,,,,,,,,,,,,,,,1.9629,50.0154,,,,1.9629,38.0023,2643.0,Lower combined pressure
72115,,,,,,,,,,,,,,,,,,,,-999.0,0.0,0.0,,,50.0154,,,,,,,,,,,,,,,,1.9629,50.0154,,,,1.9629,38.0023,2643.0,Lower combined pressure
72117,,,,,,,,,,,,,,,,,,,,-999.0,0.0,0.0,,,50.0154,,,,,,,,,,,,,,,,1.9629,50.0154,,,,1.9629,38.0023,2643.0,Lower combined pressure
72119,,,,,,,,,,,,,,,,,,,,-999.0,0.0,0.0,,,50.0154,,,,,,,,,,,,,,,,1.9629,50.0154,,,,1.9629,38.0023,2643.0,Lower combined pressure
72121,,,,,,,,,,,,,,,,,,,,-999.0,0.0,0.0,,,50.0154,,,,,,,,,,,,,,,,1.9629,50.0154,,,,1.9629,38.0023,2643.0,Lower combined pressure
72123,,,,,,,,,,,,,,,,,,,,-999.0,0.0,0.0,,,50.0154,,,,,,,,,,,,,,,,1.9629,50.0154,,,,1.9629,38.0023,2643.0,Lower combined pressure
72125,,,,,,,,,,,,,,,,,,,,-999.0,0.0,0.0,,,50.0154,,,,,,,,,,,,,,,,1.9629,50.0154,,,,1.9629,38.0023,2643.0,Lower combined pressure
72127,,,,,,,,,,,,,,,,,,,,-999.0,0.0,0.0,,,50.0154,,,,,,,,,,,,,,,,1.9629,50.0154,,,,1.9629,38.0023,2643.0,Lower combined pressure
72129,,,,,,,,,,,,,,,,,,,,-999.0,0.0,0.0,,,50.0154,,,,,,,,,,,,,,,,1.9629,50.0154,,,,1.9629,38.0023,2643.0,Lower combined pressure
72131,,,,,,,,,,,,,,,,,,,,-999.0,0.0,0.0,,,50.0154,,,,,,,,,,,,,,,,1.9629,50.0154,,,,1.9629,38.0023,2643.0,Lower combined pressure
72133,,,,,,,,,,,,,,,,,,,,-999.0,0.0,0.0,,,50.0154,,,,,,,,,,,,,,,,1.9629,50.0154,,,,1.9629,38.0023,2643.0,Lower combined pressure
72135,,,,,,,,,,,,,,,,,,,,-999.0,0.0,0.0,,,50.0154,,,,,,,,,,,,,,,,1.9629,50.0154,,,,1.9629,38.0023,2643.0,Lower combined pressure
72137,,,,,,,,,,,,,,,,,,,,-999.0,0.0,0.0,,,50.0154,,,,,,,,,,,,,,,,1.9629,50.0154,,,,1.9629,38.0023,2643.0,Lower combined pressure
72139,,,,,,,,,,,,,,,,,,,,-999.0,0.0,0.0,,,50.0154,,,,,,,,,,,,,,,,1.9629,50.0154,,,,1.9629,38.0023,2643.0,Lower combined pressure
72141,,,,,,,,,,,,,,,,,,,,-999.0,0.0,0.0,,,50.0154,,,,,,,,,,,,,,,,1.9629,50.0154,,,,1.9629,38.0023,2643.0,Lower combined pressure
72143,,,,,,,,,,,,,,,,,,,,-999.0,0.0,0.0,,,50.0154,,,,,,,,,,,,,,,,1.9629,50.0154,,,,1.9629,38.0023,2643.0,Lower combined pressure
72145,,,,,,,,,,,,,,,,,,,,-999.0,0.0,0.0,,,50.0154,,,,,,,,,,,,,,,,1.9629,50.0154,,,,1.9629,38.0023,2643.0,Lower combined pressure
72147,,,,,,,,,,,,,,,,,,,,-999.0,0.0,0.0,,,50.0154,,,,,,,,,,,,,,,,1.9629,50.0154,,,,1.9629,38.0023,2643.0,Lower combined pressure
72149,,,,,,,,,,,,,,,,,,,,-999.0,0.0,0.0,,,50.0154,,,,,,,,,,,,,,,,1.9629,50.0154,,,,1.9629,38.0023,2643.0,Lower combined pressure
72151,,,,,,,,,,,,,,,,,,,,-999.0,0.0,0.0,,,50.0154,,,,,,,,,,,,,,,,1.9629,50.0154,,,,1.9629,38.0023,2643.0,Lower combined pressure
72153,,,,,,,,,,,,,,,,,,,,-999.0,0.0,0.0,,,50.0154,,,,,,,,,,,,,,,,1.9629,50.0154,,,,1.9629,38.0023,2643.0,Lower combined pressure
78010,,,,,,,,,,,,,,,,,,,,-999.0,0.0,0.0,,,50.0154,,,,,,,,,,,,,,,,1.9629,50.0154,,,,1.9629,38.0023,2643.0,Lower combined pressure
78030,,,,,,,,,,,,,,,,,,,,-999.0,0.0,0.0,,,50.0154,,,,,,,,,,,,,,,,1.9629,50.0154,,,,1.9629,38.0023,2643.0,Lower combined pressure
34003,,,,,,,6.222,0.0441,Bergen,NJ,8.0,4.4,5.2,10.5,13.6,14.0,9.8,,,0.4685,0.0,0.0,,,50.0154,,,,,57.2351,49.6094,,,0.1522,1.2348,4.4993,1.5223,4.3978,0.2706,48.7483,42.6275,50.0154,53.4223,2.0129,48.7483,42.6275,38.001,2726.0,Lower combined pressure
46091,,,,,,,,,Marshall,SD,9.8,7.3,7.8,13.0,14.1,19.1,9.2,,,0.4385,0.0,0.0,,,50.0154,,,,,,,,,16.6272,29.5162,49.0866,18.5724,7.3917,10.3687,41.475,38.1453,50.0154,,21.9272,41.475,38.1453,37.9313,2727.0,Lower combined pressure
23009,,,,,,,1.3592,0.0407,Hancock,ME,12.1,8.3,7.9,13.7,16.5,25.5,7.5,,,0.3485,0.0,0.0,,,50.0154,,,,,13.9535,21.0938,,,94.7226,48.6637,52.1313,29.6177,37.0095,79.1779,16.3058,26.677,50.0154,17.5236,56.8871,16.3058,26.677,37.9056,2728.0,Lower combined pressure
26055,,,,,,,,,Grand Traverse,MI,11.0,7.4,6.8,13.2,16.3,25.5,5.5,,,0.3284,0.0,0.0,,,50.0154,,,,,,,,,68.9953,31.3092,25.406,21.634,33.8802,79.1779,1.184,24.5131,50.0154,,43.4004,1.184,24.5131,37.8993,2729.0,Lower combined pressure
24041,,,,,,,,,Talbot,MD,10.3,8.0,8.4,13.6,13.6,20.5,7.7,,,0.3787,0.0,0.0,,,50.0154,,,,,,,,,38.0751,42.7436,66.0521,28.366,4.3978,24.1543,18.7754,30.4791,50.0154,,33.9648,18.7754,30.4791,37.895,2730.0,Lower combined pressure
31083,,,,,,,,,Harlan,NE,9.1,8.0,8.5,13.3,13.1,16.6,8.2,,,0.505,0.0,0.0,,,50.0154,,,,,,,,,3.6874,42.7436,68.9276,23.0886,1.9621,2.5203,26.3024,48.2226,50.0154,,23.8216,26.3024,48.2226,37.8834,2731.0,Lower combined pressure
37119,,,,,,,3.3557,0.0451,Mecklenburg,NC,10.4,5.0,4.8,10.7,15.7,22.7,10.1,,,-9.5153,0.0,0.0,,,50.0154,,,,,28.8114,61.7188,,,42.6928,3.6874,1.8775,1.979,23.41,49.0528,52.3512,11.932,50.0154,45.2651,20.4499,52.3512,11.932,37.8617,2732.0,Lower combined pressure
20071,,,,,,,,,Greeley,KS,9.6,6.9,7.1,12.6,14.6,19.5,10.0,,,0.4479,0.0,0.0,,,50.0154,,,,,,,,,11.4344,22.7165,31.4276,13.7009,11.4513,13.3965,50.8796,39.5054,50.0154,,17.3545,50.8796,39.5054,37.8423,2733.0,Lower combined pressure
17079,,,,,,,,,Jasper,IL,10.2,8.1,7.3,13.7,16.4,22.6,6.9,,,0.3775,0.0,0.0,,,50.0154,,,,,,,,,33.4405,44.7903,36.3329,29.6177,35.4533,47.7165,8.4743,30.2628,50.0154,,37.8919,8.4743,30.2628,37.8017,2734.0,Lower combined pressure
49055,,,,,,,0.15,,Wayne,UT,11.1,8.1,8.3,15.5,16.7,25.6,9.0,,,0.4138,0.0,0.0,,,50.0154,,,,,1.1628,,,,73.5284,44.7903,63.1597,61.6204,40.8153,79.9222,38.7348,34.6832,50.0154,1.1628,60.6394,38.7348,34.6832,37.797,2735.0,Lower combined pressure
27143,,,,,,,,,Sibley,MN,9.9,6.7,7.2,13.1,15.6,23.4,9.0,,,0.3036,0.0,0.0,,,50.0154,,,,,,,,,20.5514,19.6719,33.8464,20.1116,22.0737,57.4256,38.7348,22.1638,50.0154,,28.9468,38.7348,22.1638,37.7749,2736.0,Lower combined pressure
20143,,,,,,,,,Ottawa,KS,10.0,8.2,7.8,13.4,15.8,20.7,8.0,,,0.3601,0.0,0.0,,,50.0154,,,,,,,,,24.8816,46.8539,49.0866,24.6786,25.3214,26.4208,23.1225,27.8825,50.0154,,32.8738,23.1225,27.8825,37.7648,2737.0,Lower combined pressure
13223,,,,,,,,,Paulding,GA,10.1,5.5,5.0,12.8,17.1,20.4,11.5,,,0.1412,0.0,0.0,,,50.0154,,,,,,,,,29.2794,6.6137,3.1461,16.1536,48.0717,22.6658,65.4093,15.2087,50.0154,,20.9884,65.4093,15.2087,37.7514,2738.0,Lower combined pressure
27125,,,,,,,,,Red Lake,MN,10.1,6.8,7.7,13.1,15.3,23.9,7.6,,,0.4006,0.0,0.0,,,50.0154,,,,,,,,,29.2794,21.0927,46.431,20.1116,18.0819,62.703,17.5237,32.983,50.0154,,32.9499,17.5237,32.983,37.7237,2739.0,Lower combined pressure
48173,,,,,,,,,Glasscock,TX,9.1,5.2,5.5,11.9,15.4,21.2,15.4,,,0.1387,0.0,0.0,,,50.0154,,,,,,,,,3.6874,4.5839,6.9858,7.2395,19.2828,32.3072,86.705,15.1159,50.0154,,12.3478,86.705,15.1159,37.6982,2740.0,Lower combined pressure
51023,,,,,,,,,Botetourt,VA,10.4,7.6,7.6,14.1,15.7,23.6,7.2,,,0.2763,0.0,0.0,,,50.0154,,,,,,,,,42.6928,35.0812,43.8092,36.6881,23.41,59.726,12.111,19.66,50.0154,,40.2346,12.111,19.66,37.6538,2741.0,Lower combined pressure
32005,,,,,,,4.7572,,Douglas,NV,10.1,8.2,8.5,14.7,14.5,18.9,8.6,,,-58.4236,0.0,0.0,,,50.0154,,,,,39.5349,,,,29.2794,46.8539,68.9276,47.3106,10.5886,9.2862,32.6286,6.5842,50.0154,39.5349,35.3744,32.6286,6.5842,37.6532,2742.0,Lower combined pressure
31119,,,,,,,,,Madison,NE,9.4,6.7,6.7,12.2,14.0,16.2,10.7,,,0.4898,0.0,0.0,,,50.0154,,,,,,,,,8.0176,19.6719,23.3593,9.4384,6.7659,1.6746,57.8654,45.7496,50.0154,,11.4879,57.8654,45.7496,37.6508,2743.0,Lower combined pressure
20197,,,,,,,,,Wabaunsee,KS,9.9,7.3,7.3,12.8,15.5,20.1,7.9,,,0.5302,0.0,0.0,,,50.0154,,,,,,,,,20.5514,29.5162,36.3329,16.1536,20.6867,18.9107,21.6171,51.4683,50.0154,,23.6919,21.6171,51.4683,37.6482,2744.0,Lower combined pressure
48469,,,,,,,,0.0395,Victoria,TX,9.6,6.9,6.8,14.9,17.4,21.6,22.5,,,-39.2979,0.0,0.0,,,50.0154,,,,,,15.1042,,,11.4344,22.7165,25.406,51.1671,54.364,36.502,97.0399,7.5734,50.0154,15.1042,33.5983,97.0399,7.5734,37.6416,2745.0,Lower combined pressure
36015,,,,,,,,,Chemung,NY,11.2,8.2,7.3,14.5,17.1,21.4,6.4,,,-39.4441,0.0,0.0,,,50.0154,,,,,,,,,77.4357,46.8539,36.3329,43.8769,48.0717,34.3369,4.8376,7.5425,50.0154,,47.818,4.8376,7.5425,37.5962,2746.0,Lower combined pressure
19153,,,,,,,6.412,0.0442,Polk,IA,9.8,5.8,5.5,12.5,17.2,21.6,7.5,,,-8.5676,0.0,0.0,,,50.0154,,,,,60.8527,52.6042,,,16.6272,9.3369,6.9858,12.4662,50.203,36.502,16.3058,12.3338,50.0154,56.7284,22.0202,16.3058,12.3338,37.5557,2747.0,Lower combined pressure
31003,,,,,,,,,Antelope,NE,9.2,8.1,8.2,13.1,13.4,16.6,8.7,,,0.4536,0.0,0.0,,,50.0154,,,,,,,,,5.1421,44.7903,60.3857,20.1116,3.3322,2.5203,34.2524,40.4946,50.0154,,22.7137,34.2524,40.4946,37.5437,2748.0,Lower combined pressure
23023,,,,,,,,0.0395,Sagadahoc,ME,12.3,8.1,7.7,13.7,16.2,27.1,7.4,,,0.3806,0.0,0.0,,,50.0154,,,,,,15.2344,,,96.2618,44.7903,46.431,29.6177,32.1719,90.5785,14.9188,30.7264,50.0154,15.2344,56.6419,14.9188,30.7264,37.5382,2749.0,Lower combined pressure
55033,,,,,,,,,Dunn,WI,10.8,6.2,6.0,12.5,16.7,25.0,7.3,,,0.3684,0.0,0.0,,,50.0154,,,,,,,,,60.2842,13.6502,12.6522,12.4662,40.8153,74.205,13.4641,28.8099,50.0154,,35.6788,13.4641,28.8099,37.5357,2750.0,Lower combined pressure
12111,,,,,,,,0.0387,St. Lucie,FL,9.9,8.3,8.4,15.3,16.4,17.0,16.0,,,-14.4573,0.0,0.0,,,50.0154,,,,,,11.4583,,,20.5514,48.6637,66.0521,58.7449,35.4533,3.6536,88.6333,10.7573,50.0154,11.4583,38.8532,88.6333,10.7573,37.5216,2751.0,Lower combined pressure
12081,,,,,,,,0.0386,Manatee,FL,9.1,8.3,8.8,14.5,15.1,17.4,13.4,,,0.4469,0.0,0.0,,,50.0154,,,,,,10.8073,,,3.6874,48.6637,75.9303,43.8769,15.8999,4.567,78.366,39.3818,50.0154,10.8073,32.1042,78.366,39.3818,37.5073,2752.0,Lower combined pressure
50017,,,,,,,,,Orange,VT,11.2,7.1,6.9,13.4,15.4,26.2,6.1,,,0.2773,0.0,0.0,,,50.0154,,,,,,,,,77.4357,25.9303,27.2666,24.6786,19.2828,84.6245,3.1969,19.9073,50.0154,,43.2031,3.1969,19.9073,37.4877,2753.0,Lower combined pressure
46035,,,,,,,,,Davison,SD,10.0,7.5,7.5,13.1,15.2,20.4,9.3,,,0.3017,0.0,0.0,,,50.0154,,,,,,,,,24.8816,33.1698,41.0859,20.1116,16.8978,22.6658,42.7943,22.0093,50.0154,,26.4688,42.7943,22.0093,37.4696,2754.0,Lower combined pressure
17031,,,,,,,3.7966,0.0453,Cook,IL,9.8,5.7,5.3,11.6,14.9,18.7,11.8,,,-1.6796,0.0,0.0,,,50.0154,,,,,31.5245,63.4115,,,16.6272,8.4574,5.1759,5.1083,14.1238,8.5758,68.0988,13.6631,50.0154,47.468,9.6781,68.0988,13.6631,37.4673,2755.0,Lower combined pressure
16037,,,,,,,0.4645,,Custer,ID,10.5,9.1,9.4,15.6,14.2,20.6,8.9,,,0.4863,0.0,0.0,,,50.0154,,,,,7.8811,,,,46.9046,63.6333,86.316,63.2273,8.0176,25.3552,37.297,45.3168,50.0154,7.8811,48.909,37.297,45.3168,37.4635,2756.0,Lower combined pressure
55091,,,,,,,,,Pepin,WI,10.6,7.4,7.9,13.7,14.8,22.6,7.2,,,0.3308,0.0,0.0,,,50.0154,,,,,,,,,51.2686,31.3092,52.1313,29.6177,13.3119,47.7165,12.111,24.8068,50.0154,,37.5592,12.111,24.8068,37.4483,2757.0,Lower combined pressure
36107,,,,,,,,,Tioga,NY,11.0,8.1,7.6,14.3,16.0,21.0,5.8,,,0.3004,0.0,0.0,,,50.0154,,,,,,,,,68.9953,44.7903,43.8092,40.3078,28.8058,29.7361,2.0298,21.8547,50.0154,,42.7408,2.0298,21.8547,37.4377,2758.0,Lower combined pressure
31109,,,,,,,7.3973,0.0437,Lancaster,NE,9.2,5.5,5.5,10.3,14.5,20.5,8.7,,,-24.3751,0.0,0.0,,,50.0154,,,,,79.9742,46.6146,,,5.1421,6.6137,6.9858,1.0656,10.5886,24.1543,34.2524,9.0572,50.0154,63.2944,9.0917,34.2524,9.0572,37.4321,2759.0,Lower combined pressure
24009,,,,,,,,0.0454,Calvert,MD,10.5,5.9,5.5,11.9,14.9,19.7,6.5,,,0.1326,0.0,0.0,,,50.0154,,,,,,64.7135,,,46.9046,10.4364,6.9858,7.2395,14.1238,15.2064,5.4635,14.9614,50.0154,64.7135,16.8161,5.4635,14.9614,37.4295,2760.0,Lower combined pressure
27097,,,,,,,,,Morrison,MN,10.3,7.2,7.7,13.5,15.3,24.2,7.7,,,0.2596,0.0,0.0,,,50.0154,,,,,,,,,38.0751,27.6894,46.431,26.6407,18.0819,65.6461,18.7754,18.8872,50.0154,,37.094,18.7754,18.8872,37.3925,2761.0,Lower combined pressure
17189,,,,,,,,,Washington,IL,10.2,7.8,7.2,13.5,16.3,22.2,6.7,,,0.4248,0.0,0.0,,,50.0154,,,,,,,,,33.4405,38.887,33.8464,26.6407,33.8802,43.1834,6.8843,35.9815,50.0154,,34.9797,6.8843,35.9815,37.3815,2762.0,Lower combined pressure
34039,,,,,,,2.7452,,Union,NJ,9.0,5.0,5.5,12.7,15.0,14.3,15.0,,,0.575,0.0,0.0,,,50.0154,,,,,24.5478,,,,2.7064,3.6874,6.9858,14.8681,14.9865,0.4398,85.4364,58.7635,50.0154,24.5478,7.279,85.4364,58.7635,37.3813,2763.0,Lower combined pressure
31077,,,,,,,,,Greeley,NE,9.0,8.0,8.3,13.2,13.5,16.5,8.9,,,0.4259,0.0,0.0,,,50.0154,,,,,,,,,2.7064,42.7436,63.1597,21.634,3.9073,2.182,37.297,36.1051,50.0154,,22.7221,37.297,36.1051,37.3672,2764.0,Lower combined pressure
19157,,,,,,,,,Poweshiek,IA,9.9,7.5,7.2,13.0,16.5,21.6,7.0,,,0.49,0.0,0.0,,,50.0154,,,,,,,,,20.5514,33.1698,33.8464,18.5724,37.0095,36.502,9.5399,45.8114,50.0154,,29.9419,9.5399,45.8114,37.367,2765.0,Lower combined pressure
27121,,,,,,,,,Pope,MN,10.0,7.1,8.1,13.2,14.7,23.5,7.2,,,0.4104,0.0,0.0,,,50.0154,,,,,,,,,24.8816,25.9303,57.747,21.634,12.3647,58.6265,12.111,34.2195,50.0154,,33.5307,12.111,34.2195,37.3604,2766.0,Lower combined pressure
46125,,,,,,,,,Turner,SD,9.9,7.1,7.3,12.6,14.6,20.4,8.3,,,0.5034,0.0,0.0,,,50.0154,,,,,,,,,20.5514,25.9303,36.3329,13.7009,11.4513,22.6658,27.8417,47.8516,50.0154,,21.7721,27.8417,47.8516,37.356,2767.0,Lower combined pressure
08035,,,,,,,4.5023,0.0529,Douglas,CO,10.5,4.0,4.3,9.6,14.2,21.1,6.3,,,0.075,0.0,0.0,,,50.0154,,,,,36.9509,98.0469,,,46.9046,0.3721,0.4398,0.2706,8.0176,31.0724,4.1779,13.9104,50.0154,67.4989,14.5129,4.1779,13.9104,37.3164,2768.0,Lower combined pressure
30067,,,,,,,,,Park,MT,10.7,7.6,7.3,14.2,15.8,22.5,8.2,,,-166.31,0.0,0.0,,,50.0154,,,,,,,,,55.8018,35.0812,36.3329,38.498,25.3214,46.3464,26.3024,4.575,50.0154,,39.5636,26.3024,4.575,37.311,2769.0,Lower combined pressure
19081,,,,,,,,,Hancock,IA,9.8,8.1,7.9,13.9,15.6,20.2,7.5,,,0.4138,0.0,0.0,,,50.0154,,,,,,,,,16.6272,44.7903,52.1313,33.2206,22.0737,20.1116,16.3058,34.7141,50.0154,,31.4924,16.3058,34.7141,37.3063,2770.0,Lower combined pressure
55035,,,,,,,6.4533,0.0406,Eau Claire,WI,10.7,5.8,5.8,11.7,16.8,26.0,7.1,,,0.2952,0.0,0.0,,,50.0154,,,,,62.4031,20.9635,,,55.8018,9.3369,10.2165,5.7679,42.7267,83.3221,10.8424,21.2674,50.0154,41.6833,34.5286,10.8424,21.2674,37.2686,2771.0,Lower combined pressure
20131,,,,,,,,,Nemaha,KS,9.9,7.6,7.5,13.0,15.7,20.6,8.0,,,0.4367,0.0,0.0,,,50.0154,,,,,,,,,20.5514,35.0812,41.0859,18.5724,23.41,25.3552,23.1225,37.898,50.0154,,27.3427,23.1225,37.898,37.2565,2772.0,Lower combined pressure
19023,,,,,,,,,Butler,IA,9.9,8.3,8.0,14.0,15.9,20.3,6.9,,,0.4113,0.0,0.0,,,50.0154,,,,,,,,,20.5514,48.6637,55.0744,34.9797,27.2327,21.2957,8.4743,34.3122,50.0154,,34.6329,8.4743,34.3122,37.2553,2773.0,Lower combined pressure
35055,,,,,,,0.7007,,Taos,NM,9.4,7.0,8.7,15.4,13.4,20.5,13.8,,,0.4411,0.0,0.0,,,50.0154,,,,,8.9147,,,,8.0176,24.3065,74.002,60.2334,3.3322,24.1543,80.362,38.6399,50.0154,8.9147,32.341,80.362,38.6399,37.2187,2774.0,Lower combined pressure
27113,,,,,,,,,Pennington,MN,10.3,6.3,6.8,12.7,16.3,24.9,7.9,,,0.3223,0.0,0.0,,,50.0154,,,,,,,,,38.0751,14.6651,25.406,14.8681,33.8802,73.1225,21.6171,23.864,50.0154,,33.3362,21.6171,23.864,37.1824,2775.0,Lower combined pressure
06067,,,,,,,2.9682,0.0392,Sacramento,CA,10.2,5.6,5.7,13.6,17.4,22.5,8.7,,,0.6024,0.0,0.0,,,50.0154,,,,,26.3566,13.0208,,,33.4405,7.5947,9.1171,28.366,54.364,46.3464,34.2524,63.5549,50.0154,19.6887,29.8714,34.2524,63.5549,37.1754,2776.0,Lower combined pressure
20209,,,,,,,2.0711,0.0406,Wyandotte,KS,10.1,7.4,6.7,14.3,17.2,17.7,17.3,,,-93.0146,0.0,0.0,,,50.0154,,,,,18.7339,20.5729,,,29.2794,31.3092,23.3593,40.3078,50.203,5.548,91.9317,5.5951,50.0154,19.6534,30.0011,91.9317,5.5951,37.1709,2777.0,Lower combined pressure
31091,,,,,,,,,Hooker,NE,9.2,8.3,8.6,13.5,13.4,16.9,8.3,,,0.4127,0.0,0.0,,,50.0154,,,,,,,,,5.1421,48.6637,71.6678,26.6407,3.3322,3.3153,27.8417,34.5286,50.0154,,26.4603,27.8417,34.5286,37.1423,2778.0,Lower combined pressure
34013,,,,,,,,,Essex,NJ,9.8,5.5,5.6,12.9,16.0,15.4,14.5,,,-8.7648,0.0,0.0,,,50.0154,,,,,,,,,16.6272,6.6137,8.0176,17.3714,28.8058,0.7781,83.6604,12.1793,50.0154,,13.0356,83.6604,12.1793,37.13,2779.0,Lower combined pressure
53037,,,,,,,1.0571,,Kittitas,WA,11.3,6.1,6.1,13.5,18.0,26.4,8.1,,,0.5047,0.0,0.0,,,50.0154,,,,,11.4987,,,,80.8863,12.7199,13.9378,26.6407,66.8978,85.8593,24.7294,48.1607,50.0154,11.4987,47.8236,24.7294,48.1607,37.1242,2780.0,Lower combined pressure
31031,,,,,,,,,Cherry,NE,9.5,8.1,8.2,13.6,14.0,17.1,8.6,,,0.386,0.0,0.0,,,50.0154,,,,,,,,,9.6583,44.7903,60.3857,28.366,6.7659,3.9073,32.6286,31.2828,50.0154,,25.6456,32.6286,31.2828,37.0762,2781.0,Lower combined pressure
36087,,,,,,,5.6092,0.0432,Rockland,NY,10.5,6.1,6.3,12.4,15.0,17.9,8.2,,,0.4353,0.0,0.0,,,50.0154,,,,,48.1912,40.7552,,,46.9046,12.7199,16.6272,11.2821,14.9865,6.1908,26.3024,37.7125,50.0154,44.4732,18.1185,26.3024,37.7125,37.0541,2782.0,Lower combined pressure
27081,,,,,,,,,Lincoln,MN,9.9,7.1,7.9,13.2,14.8,23.1,7.7,,,0.3828,0.0,0.0,,,50.0154,,,,,,,,,20.5514,25.9303,52.1313,21.634,13.3119,53.9073,18.7754,30.881,50.0154,,31.2444,18.7754,30.881,37.0418,2783.0,Lower combined pressure
31063,,,,,,,,,Frontier,NE,9.2,7.4,7.9,12.6,13.5,16.6,8.1,,,0.5691,0.0,0.0,,,50.0154,,,,,,,,,5.1421,31.3092,52.1313,13.7009,3.9073,2.5203,24.7294,57.6507,50.0154,,18.1185,24.7294,57.6507,37.0297,2784.0,Lower combined pressure
36003,,,,,,,,,Allegany,NY,11.2,8.1,7.3,14.2,17.4,21.2,6.0,,,-62.0017,0.0,0.0,,,50.0154,,,,,,,,,77.4357,44.7903,36.3329,38.498,54.364,32.3072,2.9263,6.3988,50.0154,,47.288,2.9263,6.3988,37.0122,2785.0,Lower combined pressure
18059,,,,,,,,,Hancock,IN,11.0,6.7,6.1,12.5,16.2,24.4,6.7,,,0.3833,0.0,0.0,,,50.0154,,,,,,,,,68.9953,19.6719,13.9378,12.4662,32.1719,67.5406,6.8843,30.9737,50.0154,,35.7972,6.8843,30.9737,36.9863,2786.0,Lower combined pressure
06055,,,,,,,,,Napa,CA,9.5,5.7,6.5,13.4,15.5,20.8,9.7,,,0.4054,0.0,0.0,,,50.0154,,,,,,,,,9.6583,8.4574,19.5873,24.6786,20.6867,27.4696,47.7165,33.5703,50.0154,,18.423,47.7165,33.5703,36.9854,2787.0,Lower combined pressure
31175,,,,,,,,,Valley,NE,9.3,8.2,8.5,13.4,13.3,16.6,8.6,,,0.3846,0.0,0.0,,,50.0154,,,,,,,,,6.6475,46.8539,68.9276,24.6786,2.7402,2.5203,32.6286,31.0974,50.0154,,25.3947,32.6286,31.0974,36.9678,2788.0,Lower combined pressure
31001,,,,,,,,,Adams,NE,9.2,7.0,7.1,12.4,14.0,19.7,9.8,,,0.4437,0.0,0.0,,,50.0154,,,,,,,,,5.1421,24.3065,31.4276,11.2821,6.7659,15.2064,48.7483,39.0108,50.0154,,15.6884,48.7483,39.0108,36.9369,2789.0,Lower combined pressure
22071,,,,,,,2.5541,,Orleans,LA,10.5,7.3,7.0,13.8,18.4,26.7,8.3,,,-26.5681,0.0,0.0,,,50.0154,,,,,23.1266,,,,46.9046,29.5162,29.161,31.2415,74.5264,88.0582,27.8417,8.9026,50.0154,23.1266,49.9013,27.8417,8.9026,36.936,2790.0,Lower combined pressure
38025,,,,,,,6.2687,0.0435,Dunn,ND,10.1,6.8,7.1,12.5,14.1,19.7,7.8,,,0.317,0.0,0.0,,,50.0154,,,,,58.1395,43.4896,,,29.2794,21.0927,31.4276,12.4662,7.3917,15.2064,20.2131,23.3694,50.0154,50.8146,19.4773,20.2131,23.3694,36.9358,2791.0,Lower combined pressure
30077,,,,,,,0.2837,,Powell,MT,10.4,8.1,7.6,15.1,17.0,22.2,11.2,,,0.376,0.0,0.0,,,50.0154,,,,,4.522,,,,42.6928,44.7903,43.8092,54.956,46.3972,43.1834,62.703,30.0155,50.0154,4.522,45.9715,62.703,30.0155,36.8998,2792.0,Lower combined pressure
51678,,,,,,,,,Lexington,VA,10.7,4.7,4.4,10.7,19.6,25.9,7.4,,,0.1189,0.0,0.0,,,50.0154,,,,,,,,,55.8018,2.2666,0.6597,1.979,89.6989,82.5947,14.9188,14.6832,50.0154,,38.8334,14.9188,14.6832,36.8976,2793.0,Lower combined pressure
38041,,,,,,,,,Hettinger,ND,10.2,7.5,8.1,13.0,13.9,20.0,7.3,,,0.4746,0.0,0.0,,,50.0154,,,,,,,,,33.4405,33.1698,57.747,18.5724,6.2585,17.8281,13.4641,43.4312,50.0154,,27.836,13.4641,43.4312,36.8709,2794.0,Lower combined pressure
06053,,,,,,,5.5739,0.0365,Monterey,CA,9.6,5.7,6.2,14.7,16.7,19.2,15.9,,,-28.6544,0.0,0.0,,,50.0154,,,,,47.416,5.2083,,,11.4344,8.4574,15.3248,47.3106,40.8153,10.9777,88.3288,8.5008,50.0154,26.3122,22.3867,88.3288,8.5008,36.8623,2795.0,Lower combined pressure
27077,,,,,,,,,Lake of the Woods,MN,9.9,7.3,8.1,13.2,14.3,22.8,7.0,,,0.4392,0.0,0.0,,,50.0154,,,,,,,,,20.5514,29.5162,57.747,21.634,8.7111,50.406,9.5399,38.238,50.0154,,31.4276,9.5399,38.238,36.8524,2796.0,Lower combined pressure
13077,,,,,,,,,Coweta,GA,9.9,5.9,5.7,12.9,16.1,19.3,10.8,,,0.3384,0.0,0.0,,,50.0154,,,,,,,,,20.5514,10.4364,9.1171,17.3714,30.4635,11.7388,58.8802,25.6878,50.0154,,16.6131,58.8802,25.6878,36.8196,2797.0,Lower combined pressure
25009,,,,,,,5.9699,0.0395,Essex,MA,11.5,6.3,6.2,13.0,15.3,22.3,6.2,,,0.4985,0.0,0.0,,,50.0154,,,,,53.4884,14.7135,,,86.316,14.6651,15.3248,18.5724,18.0819,44.1137,3.5859,46.8934,50.0154,34.101,32.8456,3.5859,46.8934,36.7892,2798.0,Lower combined pressure
51540,,,,,,,,,Charlottesville,VA,10.7,5.4,5.1,11.6,17.4,24.4,7.7,,,0.3501,0.0,0.0,,,50.0154,,,,,,,,,55.8018,5.7341,3.8735,5.1083,54.364,67.5406,18.7754,26.8934,50.0154,,32.0704,18.7754,26.8934,36.7855,2799.0,Lower combined pressure
53009,,,,,,,0.3442,0.0339,Clallam,WA,11.4,7.8,8.4,15.2,15.1,24.5,7.5,,,0.5425,0.0,0.0,,,50.0154,,,,,5.6848,2.6042,,,83.7957,38.887,66.0521,56.8843,15.8999,68.4709,16.3058,53.5085,50.0154,4.1445,54.9983,16.3058,53.5085,36.7717,2800.0,Lower combined pressure
08065,,,,,,,,,Lake,CO,10.2,4.7,4.9,11.4,15.1,21.6,11.9,,,0.2155,0.0,0.0,,,50.0154,,,,,,,,,33.4405,2.2666,2.4865,4.2963,15.8999,36.502,68.8092,17.2179,50.0154,,15.8153,68.8092,17.2179,36.7482,2801.0,Lower combined pressure
27045,,,,,,,,,Fillmore,MN,10.1,6.9,7.5,13.1,15.4,23.7,7.6,,,0.3556,0.0,0.0,,,50.0154,,,,,,,,,29.2794,22.7165,41.0859,20.1116,19.2828,60.8762,17.5237,27.1716,50.0154,,32.2254,17.5237,27.1716,36.7073,2802.0,Lower combined pressure
48201,,,,,,,4.217,0.0408,Harris,TX,9.2,5.5,5.4,12.9,16.5,19.7,21.3,,,-3.8546,0.0,0.0,,,50.0154,,,,,34.7545,21.875,,,5.1421,6.6137,6.0386,17.3714,37.0095,15.2064,96.3464,13.3539,50.0154,28.3148,14.5636,96.3464,13.3539,36.6942,2803.0,Lower combined pressure
27109,,,,,,,8.1582,0.0424,Olmsted,MN,9.7,4.7,5.5,10.4,13.8,24.1,6.7,,,0.2623,0.0,0.0,,,50.0154,,,,,88.2429,33.0729,,,13.5487,2.2666,6.9858,1.2348,5.7003,64.5636,6.8843,19.0417,50.0154,60.6579,15.7166,6.8843,19.0417,36.6909,2804.0,Lower combined pressure
27093,,,,,,,,,Meeker,MN,9.9,6.8,7.4,12.6,15.4,23.8,7.8,,,0.3915,0.0,0.0,,,50.0154,,,,,,,,,20.5514,21.0927,38.6671,13.7009,19.2828,61.8234,20.2131,31.8702,50.0154,,29.1864,20.2131,31.8702,36.6794,2805.0,Lower combined pressure
36067,,,,,,,5.1202,0.0408,Onondaga,NY,11.3,6.8,6.5,13.2,16.5,22.0,5.8,,,0.459,0.0,0.0,,,50.0154,,,,,43.1525,22.0052,,,80.8863,21.0927,19.5873,21.634,37.0095,41.0183,2.0298,41.051,50.0154,32.5788,36.8713,2.0298,41.051,36.6752,2806.0,Lower combined pressure
37125,,,,,,,,,Moore,NC,10.3,7.0,7.3,12.2,14.7,23.5,8.4,,,0.2895,0.0,0.0,,,50.0154,,,,,,,,,38.0751,24.3065,36.3329,9.4384,12.3647,58.6265,29.4147,20.7728,50.0154,,29.8574,29.4147,20.7728,36.6503,2807.0,Lower combined pressure
51153,,,,,,,,0.0441,Prince William,VA,9.8,4.7,4.8,11.6,14.9,20.0,10.4,,,-10.5723,0.0,0.0,,,50.0154,,,,,,50.0,,,16.6272,2.2666,1.8775,5.1083,14.1238,17.8281,55.5819,11.7465,50.0154,50.0,9.6386,55.5819,11.7465,36.6471,2808.0,Lower combined pressure
38049,,,,,,,,,McHenry,ND,10.0,7.6,7.8,13.4,13.7,19.8,7.5,,,0.4767,0.0,0.0,,,50.0154,,,,,,,,,24.8816,35.0812,49.0866,24.6786,5.0406,16.1536,16.3058,43.8022,50.0154,,25.8204,16.3058,43.8022,36.6274,2809.0,Lower combined pressure
31097,,,,,,,,,Johnson,NE,8.5,6.9,6.8,12.5,13.7,15.7,12.3,,,0.3308,0.0,0.0,,,50.0154,,,,,,,,,0.5074,22.7165,25.406,12.4662,5.0406,0.9811,71.7355,24.8068,50.0154,,11.1863,71.7355,24.8068,36.6072,2810.0,Lower combined pressure
13085,,,,,,,,0.0424,Dawson,GA,9.5,6.8,6.6,13.5,16.1,21.0,10.9,,,0.1744,0.0,0.0,,,50.0154,,,,,,32.6823,,,9.6583,21.0927,21.4141,26.6407,30.4635,29.7361,59.8275,15.8269,50.0154,32.6823,23.1676,59.8275,15.8269,36.5325,2811.0,Lower combined pressure
51550,,,,,,,,,Chesapeake,VA,11.0,5.9,5.6,12.7,16.5,21.6,8.3,,,0.31,0.0,0.0,,,50.0154,,,,,,,,,68.9953,10.4364,8.0176,14.8681,37.0095,36.502,27.8417,22.7512,50.0154,,29.3048,27.8417,22.7512,36.5201,2812.0,Lower combined pressure
53035,,,,,,,3.9334,,Kitsap,WA,11.2,5.4,5.8,12.5,16.0,25.1,7.0,,,0.4204,0.0,0.0,,,50.0154,,,,,33.0749,,,,77.4357,5.7341,10.2165,12.4662,28.8058,75.1691,9.5399,35.4869,50.0154,33.0749,34.9712,9.5399,35.4869,36.5188,2813.0,Lower combined pressure
27135,,,,,,,,,Roseau,MN,10.0,6.8,7.2,12.9,15.4,23.1,7.8,,,0.3963,0.0,0.0,,,50.0154,,,,,,,,,24.8816,21.0927,33.8464,17.3714,19.2828,53.9073,20.2131,32.4575,50.0154,,28.397,20.2131,32.4575,36.4946,2814.0,Lower combined pressure
19131,,,,,,,,,Mitchell,IA,9.9,7.9,7.8,13.5,15.7,19.4,6.8,,,0.4763,0.0,0.0,,,50.0154,,,,,,,,,20.5514,40.8829,49.0866,26.6407,23.41,12.5677,7.6286,43.7094,50.0154,,28.8566,7.6286,43.7094,36.4701,2815.0,Lower combined pressure
37129,,,,,,,5.8687,0.0411,New Hanover,NC,10.5,6.5,6.3,11.7,16.3,25.0,8.4,,,-18.2013,0.0,0.0,,,50.0154,,,,,51.938,23.1771,,,46.9046,17.1685,16.6272,5.7679,33.8802,74.205,29.4147,10.1082,50.0154,37.5575,32.4256,29.4147,10.1082,36.4527,2816.0,Lower combined pressure
46077,,,,,,,,,Kingsbury,SD,9.9,7.4,7.9,12.9,14.3,20.1,8.5,,,0.3768,0.0,0.0,,,50.0154,,,,,,,,,20.5514,31.3092,52.1313,17.3714,8.7111,18.9107,31.0047,30.2009,50.0154,,24.8309,31.0047,30.2009,36.4439,2817.0,Lower combined pressure
29043,,,,,,,,,Christian,MO,10.3,7.2,6.3,13.5,16.8,24.7,7.4,,,0.1627,0.0,0.0,,,50.0154,,,,,,,,,38.0751,27.6894,16.6272,26.6407,42.7267,70.6867,14.9188,15.6105,50.0154,,37.0743,14.9188,15.6105,36.4348,2818.0,Lower combined pressure
19119,,,,,,,,,Lyon,IA,10.3,7.3,7.2,13.5,17.0,21.0,7.5,,,0.2994,0.0,0.0,,,50.0154,,,,,,,,,38.0751,29.5162,33.8464,26.6407,46.3972,29.7361,16.3058,21.7311,50.0154,,34.0353,16.3058,21.7311,36.4228,2819.0,Lower combined pressure
55087,,,,,,,6.1109,0.0416,Outagamie,WI,10.6,5.9,6.0,12.3,15.5,23.7,7.1,,,0.3728,0.0,0.0,,,50.0154,,,,,56.2016,27.3438,,,51.2686,10.4364,12.6522,10.2842,20.6867,60.8762,10.8424,29.5827,50.0154,41.7727,27.7007,10.8424,29.5827,36.4155,2820.0,Lower combined pressure
55045,,,,,,,,,Green,WI,10.5,6.8,7.0,13.1,15.0,23.0,7.1,,,0.4162,0.0,0.0,,,50.0154,,,,,,,,,46.9046,21.0927,29.161,20.1116,14.9865,52.8417,10.8424,35.0232,50.0154,,30.8497,10.8424,35.0232,36.4048,2821.0,Lower combined pressure
51065,,,,,,,,,Fluvanna,VA,10.9,6.8,6.7,13.5,16.0,23.5,7.3,,,0.1937,0.0,0.0,,,50.0154,,,,,,,,,64.4621,21.0927,23.3593,26.6407,28.8058,58.6265,13.4641,16.4297,50.0154,,37.1645,13.4641,16.4297,36.3802,2822.0,Lower combined pressure
31035,,,,,,,,,Clay,NE,9.2,7.2,7.3,12.8,13.7,16.9,9.6,,,0.4301,0.0,0.0,,,50.0154,,,,,,,,,5.1421,27.6894,36.3329,16.1536,5.0406,3.3153,46.6509,36.7852,50.0154,,15.6123,46.6509,36.7852,36.3351,2823.0,Lower combined pressure
19037,,,,,,,,,Chickasaw,IA,9.7,8.0,7.9,13.7,15.6,19.0,7.7,,,0.3991,0.0,0.0,,,50.0154,,,,,,,,,13.5487,42.7436,52.1313,29.6177,22.0737,9.8275,18.7754,32.8284,50.0154,,28.3237,18.7754,32.8284,36.3279,2824.0,Lower combined pressure
42047,,,,,,,,0.041,Elk,PA,,,,,,,,,,0.3675,0.0,0.0,,,50.0154,,,,,,22.9167,,,,,,,,,,28.7481,50.0154,22.9167,,,28.7481,36.3209,2825.0,Lower combined pressure
26037,,,,,,,,0.0419,Clinton,MI,11.2,7.3,6.6,13.1,16.6,27.0,5.8,,,0.3031,0.0,0.0,,,50.0154,,,,,,29.2969,,,77.4357,29.5162,21.4141,20.1116,38.7855,90.0203,2.0298,22.1329,50.0154,29.2969,46.2139,2.0298,22.1329,36.2986,2826.0,Lower combined pressure
38087,,,,,,,,,Slope,ND,9.8,9.4,10.3,14.6,12.4,18.6,6.9,,,0.1787,0.0,0.0,,,50.0154,,,,,,,,,16.6272,68.3694,95.3654,45.4838,0.4567,8.1867,8.4743,15.9505,50.0154,,39.0815,8.4743,15.9505,36.29,2827.0,Lower combined pressure
13177,,,,,,,,,Lee,GA,10.0,5.9,5.5,12.6,16.7,20.2,10.5,,,0.2127,0.0,0.0,,,50.0154,,,,,,,,,24.8816,10.4364,6.9858,13.7009,40.8153,20.1116,56.2585,17.1252,50.0154,,19.4886,56.2585,17.1252,36.2869,2828.0,Lower combined pressure
27131,,,,,,,,,Rice,MN,9.9,5.5,6.0,11.8,15.8,23.0,8.7,,,0.4246,0.0,0.0,,,50.0154,,,,,,,,,20.5514,6.6137,12.6522,6.5122,25.3214,52.8417,34.2524,35.9196,50.0154,,20.7488,34.2524,35.9196,36.2787,2829.0,Lower combined pressure
31129,,,,,,,,,Nuckolls,NE,9.0,7.9,8.4,13.0,12.8,16.9,8.4,,,0.4338,0.0,0.0,,,50.0154,,,,,,,,,2.7064,40.8829,66.0521,18.5724,1.0487,3.3153,29.4147,37.3725,50.0154,,22.0963,29.4147,37.3725,36.2766,2830.0,Lower combined pressure
27009,,,,,,,,,Benton,MN,10.3,5.9,5.9,12.1,16.8,25.7,8.0,,,0.2558,0.0,0.0,,,50.0154,,,,,,,,,38.0751,10.4364,11.3498,8.6096,42.7267,80.8525,23.1225,18.7017,50.0154,,32.0083,23.1225,18.7017,36.2522,2831.0,Lower combined pressure
02020,,,,,,,5.1194,,Anchorage,AK,10.7,5.3,5.1,12.1,16.1,21.3,9.5,,,-999.0,0.0,0.0,,,50.0154,,,,,43.0233,,,,55.8018,5.1421,3.8735,8.6096,30.4635,33.3897,45.3484,1.9629,50.0154,43.0233,22.88,45.3484,1.9629,36.2116,2832.0,Lower combined pressure
19087,,,,,,,,,Henry,IA,9.7,7.8,7.5,13.5,16.3,20.1,7.8,,,0.37,0.0,0.0,,,50.0154,,,,,,,,,13.5487,38.887,41.0859,26.6407,33.8802,18.9107,20.2131,29.2117,50.0154,,28.8256,20.2131,29.2117,36.2047,2833.0,Lower combined pressure
31039,,,,,,,,,Cuming,NE,8.9,7.3,7.7,12.8,13.5,16.7,10.1,,,0.3501,0.0,0.0,,,50.0154,,,,,,,,,1.9452,29.5162,46.431,16.1536,3.9073,2.8248,52.3512,26.9243,50.0154,,16.7963,52.3512,26.9243,36.175,2834.0,Lower combined pressure
20113,,,,,,,,,McPherson,KS,9.9,6.8,6.7,12.3,15.8,21.1,7.9,,,0.4831,0.0,0.0,,,50.0154,,,,,,,,,20.5514,21.0927,23.3593,10.2842,25.3214,31.0724,21.6171,44.7604,50.0154,,21.9469,21.6171,44.7604,36.1721,2835.0,Lower combined pressure
51163,,,,,,,0.314,0.0402,Rockbridge,VA,10.4,8.8,8.7,15.3,15.9,23.3,7.7,,,0.3955,0.0,0.0,,,50.0154,,,,,5.0388,17.7083,,,42.6928,58.2206,74.002,58.7449,27.2327,56.2754,18.7754,32.3029,50.0154,11.3735,52.8614,18.7754,32.3029,36.1712,2836.0,Lower combined pressure
01051,,,,,,,,0.0403,Elmore,AL,10.0,7.5,6.7,13.8,17.5,23.0,9.2,,,0.3897,0.0,0.0,,,50.0154,,,,,,18.3594,,,24.8816,33.1698,23.3593,31.2415,56.8166,52.8417,41.475,31.6229,50.0154,18.3594,37.0518,41.475,31.6229,36.1672,2837.0,Lower combined pressure
27063,,,,,,,,,Jackson,MN,9.8,6.6,7.5,12.6,14.6,22.6,7.7,,,0.4521,0.0,0.0,,,50.0154,,,,,,,,,16.6272,18.4202,41.0859,13.7009,11.4513,47.7165,18.7754,40.2164,50.0154,,24.8337,18.7754,40.2164,36.1496,2838.0,Lower combined pressure
19183,,,,,,,,,Washington,IA,9.8,7.6,7.3,13.5,15.9,20.7,7.8,,,0.3804,0.0,0.0,,,50.0154,,,,,,,,,16.6272,35.0812,36.3329,26.6407,27.2327,26.4208,20.2131,30.6337,50.0154,,28.0559,20.2131,30.6337,36.1377,2839.0,Lower combined pressure
31011,,,,,,,,,Boone,NE,8.9,8.0,8.2,13.1,13.2,16.8,9.2,,,0.333,0.0,0.0,,,50.0154,,,,,,,,,1.9452,42.7436,60.3857,20.1116,2.3512,2.9939,41.475,25.0386,50.0154,,21.7552,41.475,25.0386,36.1264,2840.0,Lower combined pressure
37029,,,,,,,,,Camden,NC,10.6,6.5,6.1,12.1,16.1,24.6,8.2,,,0.1244,0.0,0.0,,,50.0154,,,,,,,,,51.2686,17.1685,13.9378,8.6096,30.4635,69.5873,26.3024,14.8377,50.0154,,31.8392,26.3024,14.8377,36.1046,2841.0,Lower combined pressure
27069,,,,,,,,,Kittson,MN,9.9,7.1,8.2,13.0,14.4,23.1,7.0,,,0.3963,0.0,0.0,,,50.0154,,,,,,,,,20.5514,25.9303,60.3857,18.5724,9.6583,53.9073,9.5399,32.4266,50.0154,,31.5009,9.5399,32.4266,36.102,2842.0,Lower combined pressure
38045,,,,,,,,,LaMoure,ND,9.9,8.0,8.8,13.3,12.9,18.8,7.3,,,0.4167,0.0,0.0,,,50.0154,,,,,,,,,20.5514,42.7436,75.9303,23.0886,1.3024,8.8464,13.4641,35.1159,50.0154,,28.7438,13.4641,35.1159,36.0648,2843.0,Lower combined pressure
20161,,,,,,,,,Riley,KS,10.1,4.9,4.3,10.5,18.8,23.2,9.3,,,-58.351,0.0,0.0,,,50.0154,,,,,,,,,29.2794,3.1123,0.4398,1.5223,80.7341,55.1252,42.7943,6.6151,50.0154,,28.3689,42.7943,6.6151,36.0504,2844.0,Lower combined pressure
17155,,,,,,,,,Putnam,IL,9.9,7.8,7.6,13.4,15.5,21.1,7.4,,,0.3783,0.0,0.0,,,50.0154,,,,,,,,,20.5514,38.887,43.8092,24.6786,20.6867,31.0724,14.9188,30.4482,50.0154,,29.9476,14.9188,30.4482,36.0376,2845.0,Lower combined pressure
51121,,,,,,,,,Montgomery,VA,10.5,6.0,5.3,12.1,18.5,25.3,7.7,,,-43.2113,0.0,0.0,,,50.0154,,,,,,,,,46.9046,11.6373,5.1759,8.6096,76.387,76.979,18.7754,7.3879,50.0154,,37.6156,18.7754,7.3879,36.0331,2846.0,Lower combined pressure
33017,,,,,,,,,Strafford,NH,10.7,6.0,5.3,11.1,17.5,26.3,6.7,,,0.3078,0.0,0.0,,,50.0154,,,,,,,,,55.8018,11.6373,5.1759,3.0954,56.8166,85.2334,6.8843,22.5348,50.0154,,36.2934,6.8843,22.5348,36.0265,2847.0,Lower combined pressure
17043,,,,,,,8.1333,0.0436,DuPage,IL,8.9,5.0,5.3,10.2,13.4,17.4,7.2,,,0.3208,0.0,0.0,,,50.0154,,,,,87.9845,44.9219,,,1.9452,3.6874,5.1759,0.9641,3.3322,4.567,12.111,23.6785,50.0154,66.4532,3.2786,12.111,23.6785,36.0165,2848.0,Lower combined pressure
19025,,,,,,,,,Calhoun,IA,9.8,8.0,7.8,13.5,15.8,19.7,7.1,,,0.4247,0.0,0.0,,,50.0154,,,,,,,,,16.6272,42.7436,49.0866,26.6407,25.3214,15.2064,10.8424,35.9505,50.0154,,29.271,10.8424,35.9505,36.0022,2849.0,Lower combined pressure
28073,,,,,,,,,Lamar,MS,9.3,7.1,6.4,13.0,16.2,21.3,9.5,,,0.2511,0.0,0.0,,,50.0154,,,,,,,,,6.6475,25.9303,17.8958,18.5724,32.1719,33.3897,45.3484,18.4544,50.0154,,22.4346,45.3484,18.4544,35.9914,2850.0,Lower combined pressure
46067,,,,,,,,,Hutchinson,SD,10.0,7.3,7.7,12.7,14.4,20.3,8.0,,,0.4214,0.0,0.0,,,50.0154,,,,,,,,,24.8816,29.5162,46.431,14.8681,9.6583,21.2957,23.1225,35.6414,50.0154,,24.4418,23.1225,35.6414,35.9886,2851.0,Lower combined pressure
55095,,,,,,,,,Polk,WI,10.7,7.3,7.5,13.5,15.0,22.6,7.2,,,0.2362,0.0,0.0,,,50.0154,,,,,,,,,55.8018,29.5162,41.0859,26.6407,14.9865,47.7165,12.111,17.7434,50.0154,,35.9579,12.111,17.7434,35.9727,2852.0,Lower combined pressure
51099,,,,,,,,,King George,VA,10.7,6.1,5.8,12.8,16.7,23.1,8.2,,,0.1046,0.0,0.0,,,50.0154,,,,,,,,,55.8018,12.7199,10.2165,16.1536,40.8153,53.9073,26.3024,14.4049,50.0154,,31.6024,26.3024,14.4049,35.9679,2853.0,Lower combined pressure
21061,,,,,,,0.3679,0.0447,Edmonson,KY,,,,,,,,,,-199.3715,0.0,0.0,,,50.0154,,,,,6.3307,57.0312,,,,,,,,,,4.3895,50.0154,31.681,,,4.3895,35.9443,2854.0,Lower combined pressure
29099,,,,,,,0.9742,0.0423,Jefferson,MO,10.5,7.9,6.6,14.0,17.4,23.9,7.9,,,0.3316,0.0,0.0,,,50.0154,,,,,10.5943,32.2917,,,46.9046,40.8829,21.4141,34.9797,54.364,62.703,21.6171,24.8841,50.0154,21.443,43.5414,21.6171,24.8841,35.9008,2855.0,Lower combined pressure
55073,,,,,,,5.4984,0.0418,Marathon,WI,10.2,6.7,6.9,13.1,14.8,24.0,7.7,,,0.2977,0.0,0.0,,,50.0154,,,,,46.6408,29.0365,,,33.4405,19.6719,27.2666,20.1116,13.3119,63.6164,18.7754,21.5456,50.0154,37.8386,29.5698,18.7754,21.5456,35.8888,2856.0,Lower combined pressure
36121,,,,,,,,,Wyoming,NY,10.9,8.1,7.3,14.3,16.5,20.7,7.0,,,-82.9472,0.0,0.0,,,50.0154,,,,,,,,,64.4621,44.7903,36.3329,40.3078,37.0095,26.4208,9.5399,5.6878,50.0154,,41.5539,9.5399,5.6878,35.8878,2857.0,Lower combined pressure
27005,,,,,,,6.1673,0.0373,Becker,MN,10.1,7.2,7.8,13.2,15.5,23.9,7.5,,,0.3383,0.0,0.0,,,50.0154,,,,,56.4599,6.6406,,,29.2794,27.6894,49.0866,21.634,20.6867,62.703,16.3058,25.626,50.0154,31.5503,35.1799,16.3058,25.626,35.8803,2858.0,Lower combined pressure
31181,,,,,,,,,Webster,NE,9.3,7.7,7.6,13.2,13.7,17.6,8.8,,,0.4045,0.0,0.0,,,50.0154,,,,,,,,,6.6475,36.9249,43.8092,21.634,5.0406,5.2097,35.8085,33.5085,50.0154,,19.8776,35.8085,33.5085,35.8743,2859.0,Lower combined pressure
25027,,,,,,,5.3972,0.0404,Worcester,MA,12.1,6.3,6.0,13.4,17.2,25.6,5.4,,,-10.0429,0.0,0.0,,,50.0154,,,,,45.6072,18.75,,,94.7226,14.6651,12.6522,24.6786,50.203,79.9222,0.9811,11.9011,50.0154,32.1786,46.1406,0.9811,11.9011,35.8726,2860.0,Lower combined pressure
50015,,,,,,,,,Lamoille,VT,11.3,6.2,6.0,12.6,15.7,27.5,6.1,,,0.212,0.0,0.0,,,50.0154,,,,,,,,,80.8863,13.6502,12.6522,13.7009,23.41,92.5237,3.1969,17.0325,50.0154,,39.4706,3.1969,17.0325,35.8603,2861.0,Lower combined pressure
46061,,,,,,,,,Hanson,SD,10.4,7.4,6.9,13.1,15.8,21.8,8.3,,,0.0314,0.0,0.0,,,50.0154,,,,,,,,,42.6928,31.3092,27.2666,20.1116,25.3214,38.8363,27.8417,13.7558,50.0154,,30.923,27.8417,13.7558,35.8602,2862.0,Lower combined pressure
19055,,,,,,,,,Delaware,IA,9.9,8.3,7.9,13.8,16.1,19.7,7.0,,,0.3493,0.0,0.0,,,50.0154,,,,,,,,,20.5514,48.6637,52.1313,31.2415,30.4635,15.2064,9.5399,26.7388,50.0154,,33.043,9.5399,26.7388,35.8576,2863.0,Lower combined pressure
27027,,,,,,,,,Clay,MN,10.4,5.2,5.5,10.9,16.5,26.0,7.2,,,0.3971,0.0,0.0,,,50.0154,,,,,,,,,42.6928,4.5839,6.9858,2.571,37.0095,83.3221,12.111,32.6121,50.0154,,29.5275,12.111,32.6121,35.8117,2864.0,Lower combined pressure
72021,,,,,,,6.5469,0.0166,,,,,,,,,,,,-999.0,0.0,0.0,,,50.0154,,,,,64.3411,0.2604,,,,,,,,,,1.9629,50.0154,32.3008,,,1.9629,35.8094,2865.0,Lower combined pressure
46135,,,,,,,,,Yankton,SD,9.8,6.7,7.1,12.3,14.4,20.2,8.8,,,0.4349,0.0,0.0,,,50.0154,,,,,,,,,16.6272,19.6719,31.4276,10.2842,9.6583,20.1116,35.8085,37.5889,50.0154,,17.9635,35.8085,37.5889,35.7803,2866.0,Lower combined pressure
19159,,,,,,,,,Ringgold,IA,9.9,7.7,7.7,13.4,15.4,20.5,6.4,,,0.46,0.0,0.0,,,50.0154,,,,,,,,,20.5514,36.9249,46.431,24.6786,19.2828,24.1543,4.8376,41.2056,50.0154,,28.6705,4.8376,41.2056,35.7021,2867.0,Lower combined pressure
29051,,,,,,,,,Cole,MO,10.2,7.1,6.3,13.1,16.4,23.2,7.6,,,0.3041,0.0,0.0,,,50.0154,,,,,,,,,33.4405,25.9303,16.6272,20.1116,35.4533,55.1252,17.5237,22.2566,50.0154,,31.1147,17.5237,22.2566,35.6818,2868.0,Lower combined pressure
24031,,,,,,,5.8387,0.0455,Montgomery,MD,9.2,4.5,5.3,10.5,12.0,17.0,8.7,,,0.2594,0.0,0.0,,,50.0154,,,,,51.292,65.4948,,,5.1421,1.5392,5.1759,1.5223,0.1353,3.6536,34.2524,18.8563,50.0154,58.3934,2.8614,34.2524,18.8563,35.6292,2869.0,Lower combined pressure
20091,,,,,,,7.6166,0.0452,Johnson,KS,9.3,4.6,5.0,9.6,13.2,18.4,6.6,,,-25.7335,0.0,0.0,,,50.0154,,,,,82.8165,62.5,,,6.6475,1.8775,3.1461,0.2706,2.3512,7.5271,6.1401,8.9335,50.0154,72.6583,3.6367,6.1401,8.9335,35.5857,2870.0,Lower combined pressure
37053,,,,,,,,,Currituck,NC,10.4,6.7,6.3,12.2,15.8,24.7,8.1,,,0.1455,0.0,0.0,,,50.0154,,,,,,,,,42.6928,19.6719,16.6272,9.4384,25.3214,70.6867,24.7294,15.2396,50.0154,,30.7397,24.7294,15.2396,35.5819,2871.0,Lower combined pressure
27139,,,,,,,7.6852,0.0433,Scott,MN,9.5,4.3,4.8,10.5,14.3,22.3,6.6,,,0.1123,0.0,0.0,,,50.0154,,,,,83.8501,41.7969,,,9.6583,0.9811,1.8775,1.5223,8.7111,44.1137,6.1401,14.5904,50.0154,62.8235,11.144,6.1401,14.5904,35.5695,2872.0,Lower combined pressure
18063,,,,,,,,0.0438,Hendricks,IN,10.7,6.1,5.6,11.8,15.4,21.3,6.9,,,0.3115,0.0,0.0,,,50.0154,,,,,,47.0052,,,55.8018,12.7199,8.0176,6.5122,19.2828,33.3897,8.4743,22.813,50.0154,47.0052,22.6207,8.4743,22.813,35.5398,2873.0,Lower combined pressure
50027,,,,,,,,,Windsor,VT,10.8,6.7,6.7,12.2,14.8,26.6,5.7,,,0.3392,0.0,0.0,,,50.0154,,,,,,,,,60.2842,19.6719,23.3593,9.4384,13.3119,87.4493,1.6407,25.7496,50.0154,,35.5858,1.6407,25.7496,35.5201,2874.0,Lower combined pressure
17129,,,,,,,,,Menard,IL,10.4,7.9,7.0,13.5,16.4,22.5,6.7,,,0.2176,0.0,0.0,,,50.0154,,,,,,,,,42.6928,40.8829,29.161,26.6407,35.4533,46.3464,6.8843,17.2488,50.0154,,36.8629,6.8843,17.2488,35.5115,2875.0,Lower combined pressure
27095,,,,,,,,0.0398,Mille Lacs,MN,10.5,7.1,7.2,13.3,16.3,24.8,8.3,,,0.4351,0.0,0.0,,,50.0154,,,,,,16.5365,,,46.9046,25.9303,33.8464,23.0886,33.8802,71.8539,27.8417,37.6507,50.0154,16.5365,39.2507,27.8417,37.6507,35.5006,2876.0,Lower combined pressure
27171,,,,,,,6.7573,0.0428,Wright,MN,10.0,4.9,5.2,10.7,15.2,24.4,6.8,,,0.129,0.0,0.0,,,50.0154,,,,,69.7674,36.1979,,,24.8816,3.1123,4.4993,1.979,16.8978,67.5406,7.6286,14.8686,50.0154,52.9827,19.8184,7.6286,14.8686,35.4546,2877.0,Lower combined pressure
48259,,,,,,,,,Kendall,TX,9.3,5.5,6.1,11.7,14.3,20.4,11.5,,,0.3175,0.0,0.0,,,50.0154,,,,,,,,,6.6475,6.6137,13.9378,5.7679,8.7111,22.6658,65.4093,23.4312,50.0154,,10.724,65.4093,23.4312,35.4262,2878.0,Lower combined pressure
19135,,,,,,,,,Monroe,IA,10.0,7.5,7.2,13.3,16.1,20.5,6.6,,,0.4427,0.0,0.0,,,50.0154,,,,,,,,,24.8816,33.1698,33.8464,23.0886,30.4635,24.1543,6.1401,38.8253,50.0154,,28.2674,6.1401,38.8253,35.424,2879.0,Lower combined pressure
36063,,,,,,,,0.0426,Niagara,NY,11.3,7.7,7.0,14.3,16.2,21.1,5.8,,,-14.8193,0.0,0.0,,,50.0154,,,,,,34.7656,,,80.8863,36.9249,29.161,40.3078,32.1719,31.0724,2.0298,10.6955,50.0154,34.7656,41.7541,2.0298,10.6955,35.4071,2880.0,Lower combined pressure
19071,,,,,,,,,Fremont,IA,10.0,8.1,8.0,13.7,15.5,20.1,6.6,,,0.3648,0.0,0.0,,,50.0154,,,,,,,,,24.8816,44.7903,55.0744,29.6177,20.6867,18.9107,6.1401,28.5008,50.0154,,32.3269,6.1401,28.5008,35.4006,2881.0,Lower combined pressure
30081,,,,,,,1.8492,,Ravalli,MT,10.5,7.6,7.5,14.7,15.3,22.3,9.1,,,0.3123,0.0,0.0,,,50.0154,,,,,17.5711,,,,46.9046,35.0812,41.0859,47.3106,18.0819,44.1137,40.1218,22.9057,50.0154,17.5711,38.763,40.1218,22.9057,35.3909,2882.0,Lower combined pressure
45013,,,,,,,,,Beaufort,SC,8.5,7.0,7.5,12.6,13.1,18.0,10.6,,,0.2991,0.0,0.0,,,50.0154,,,,,,,,,0.5074,24.3065,41.0859,13.7009,1.9621,6.4953,56.935,21.6692,50.0154,,14.6764,56.935,21.6692,35.3789,2883.0,Lower combined pressure
20179,,,,,,,,,Sheridan,KS,9.8,7.5,7.8,13.0,15.2,20.0,7.8,,,0.3894,0.0,0.0,,,50.0154,,,,,,,,,16.6272,33.1698,49.0866,18.5724,16.8978,17.8281,20.2131,31.592,50.0154,,25.3637,20.2131,31.592,35.3681,2884.0,Lower combined pressure
12057,,,,,,,2.9811,0.0416,Hillsborough,FL,9.4,6.0,6.0,13.1,16.4,16.6,16.1,,,-20.5223,0.0,0.0,,,50.0154,,,,,26.615,27.0833,,,8.0176,11.6373,12.6522,20.1116,35.4533,2.5203,88.9885,9.7991,50.0154,26.8492,15.0654,88.9885,9.7991,35.362,2885.0,Lower combined pressure
25015,,,,,,,4.2646,0.0424,Hampshire,MA,12.1,5.6,5.5,11.7,17.4,27.4,4.2,,,-28.2241,0.0,0.0,,,50.0154,,,,,35.6589,32.8125,,,94.7226,7.5947,6.9858,5.7679,54.364,92.067,0.1691,8.6862,50.0154,34.2357,43.5837,0.1691,8.6862,35.345,2886.0,Lower combined pressure
12129,,,,,,,0.5693,0.0369,Wakulla,FL,10.0,7.8,6.9,14.9,17.6,18.0,12.8,,,0.3176,0.0,0.0,,,50.0154,,,,,8.5271,5.9896,,,24.8816,38.887,27.2666,51.1671,59.0325,6.4953,74.8647,23.4621,50.0154,7.2584,34.6217,74.8647,23.4621,35.3073,2887.0,Lower combined pressure
31185,,,,,,,,,York,NE,9.4,7.0,7.1,12.3,14.3,17.3,9.2,,,0.4303,0.0,0.0,,,50.0154,,,,,,,,,8.0176,24.3065,31.4276,10.2842,8.7111,4.3302,41.475,36.8161,50.0154,,14.5129,41.475,36.8161,35.2826,2888.0,Lower combined pressure
19165,,,,,,,,,Shelby,IA,10.0,7.9,7.9,13.8,15.5,19.9,7.0,,,0.351,0.0,0.0,,,50.0154,,,,,,,,,24.8816,40.8829,52.1313,31.2415,20.6867,16.9317,9.5399,27.017,50.0154,,31.126,9.5399,27.017,35.2557,2889.0,Lower combined pressure
46045,,,,,,,,,Edmunds,SD,9.9,7.6,8.1,12.9,13.9,19.8,7.6,,,0.3998,0.0,0.0,,,50.0154,,,,,,,,,20.5514,35.0812,57.747,17.3714,6.2585,16.1536,17.5237,32.8903,50.0154,,25.5272,17.5237,32.8903,35.2371,2890.0,Lower combined pressure
29019,,,,,,,,0.0428,Boone,MO,10.4,6.0,5.2,11.9,17.3,24.1,7.5,,,0.2715,0.0,0.0,,,50.0154,,,,,,36.0677,,,42.6928,11.6373,4.4993,7.2395,52.3681,64.5636,16.3058,19.4745,50.0154,36.0677,30.5001,16.3058,19.4745,35.2246,2891.0,Lower combined pressure
06087,,,,,,,6.1551,0.0351,Santa Cruz,CA,9.8,5.4,5.9,13.0,16.7,22.8,8.7,,,0.3977,0.0,0.0,,,50.0154,,,,,56.3307,3.9062,,,16.6272,5.7341,11.3498,18.5724,40.8153,50.406,34.2524,32.6739,50.0154,30.1185,23.9175,34.2524,32.6739,35.2062,2892.0,Lower combined pressure
38055,,,,,,,,,McLean,ND,9.9,7.2,8.1,12.8,12.9,19.8,6.6,,,0.5181,0.0,0.0,,,50.0154,,,,,,,,,20.5514,27.6894,57.747,16.1536,1.3024,16.1536,6.1401,49.6754,50.0154,,23.2662,6.1401,49.6754,35.2036,2893.0,Lower combined pressure
06083,,,,,,,5.2805,0.0344,Santa Barbara,CA,9.7,5.6,6.0,13.8,17.2,21.7,11.7,,,-18.0067,0.0,0.0,,,50.0154,,,,,45.0904,3.3854,,,13.5487,7.5947,12.6522,31.2415,50.203,37.7368,67.1516,10.1391,50.0154,24.2379,25.4962,67.1516,10.1391,35.1672,2894.0,Lower combined pressure
19161,,,,,,,,,Sac,IA,9.9,8.1,8.1,13.7,15.6,19.8,7.0,,,0.326,0.0,0.0,,,50.0154,,,,,,,,,20.5514,44.7903,57.747,29.6177,22.0737,16.1536,9.5399,24.2658,50.0154,,31.8223,9.5399,24.2658,35.121,2895.0,Lower combined pressure
20015,,,,,,,,,Butler,KS,10.2,6.6,6.2,12.4,16.6,21.2,8.3,,,0.3152,0.0,0.0,,,50.0154,,,,,,,,,33.4405,18.4202,15.3248,11.2821,38.7855,32.3072,27.8417,23.1839,50.0154,,24.9267,27.8417,23.1839,35.1185,2896.0,Lower combined pressure
27085,,,,,,,,,McLeod,MN,9.9,6.3,6.8,12.4,15.3,23.3,8.3,,,0.3284,0.0,0.0,,,50.0154,,,,,,,,,20.5514,14.6651,25.406,11.2821,18.0819,56.2754,27.8417,24.544,50.0154,,24.377,27.8417,24.544,35.1166,2897.0,Lower combined pressure
08037,,,,,,,,,Eagle,CO,10.3,5.0,5.1,11.5,14.7,20.4,11.3,,,0.0798,0.0,0.0,,,50.0154,,,,,,,,,38.0751,3.6874,3.8735,4.7023,12.3647,22.6658,63.7686,13.9722,50.0154,,14.2281,63.7686,13.9722,35.1143,2898.0,Lower combined pressure
17027,,,,,,,,,Clinton,IL,10.3,7.4,6.6,13.1,16.5,21.7,7.5,,,0.2758,0.0,0.0,,,50.0154,,,,,,,,,38.0751,31.3092,21.4141,20.1116,37.0095,37.7368,16.3058,19.6291,50.0154,,30.9427,16.3058,19.6291,35.1117,2899.0,Lower combined pressure
17013,,,,,,,,,Calhoun,IL,10.1,7.8,7.5,13.5,15.4,21.2,6.4,,,0.3769,0.0,0.0,,,50.0154,,,,,,,,,29.2794,38.887,41.0859,26.6407,19.2828,32.3072,4.8376,30.2318,50.0154,,31.2472,4.8376,30.2318,35.0978,2900.0,Lower combined pressure
38043,,,,,,,,,Kidder,ND,9.9,8.1,8.9,13.7,13.2,19.7,7.4,,,0.2583,0.0,0.0,,,50.0154,,,,,,,,,20.5514,44.7903,77.7233,29.6177,2.3512,15.2064,14.9188,18.7944,50.0154,,31.7067,14.9188,18.7944,35.0702,2901.0,Lower combined pressure
26089,,,,,,,,,Leelanau,MI,10.5,7.8,8.3,13.0,13.4,23.6,4.7,,,0.1964,0.0,0.0,,,50.0154,,,,,,,,,46.9046,38.887,63.1597,18.5724,3.3322,59.726,0.3552,16.5379,50.0154,,38.4303,0.3552,16.5379,35.0687,2902.0,Lower combined pressure
23031,,,,,,,,0.0394,York,ME,12.7,7.8,7.2,13.1,16.9,25.4,7.3,,,0.287,0.0,0.0,,,50.0154,,,,,,14.3229,,,98.2409,38.887,33.8464,20.1116,44.5704,78.1461,13.4641,20.5873,50.0154,14.3229,52.3004,13.4641,20.5873,35.0656,2903.0,Lower combined pressure
09160,,,,,,,,,Northwest Hills,CT,11.0,6.5,6.6,13.3,15.2,21.6,7.1,,,0.3364,0.0,0.0,,,50.0154,,,,,,,,,68.9953,17.1685,21.4141,23.0886,16.8978,36.502,10.8424,25.3478,50.0154,,30.6777,10.8424,25.3478,35.0574,2904.0,Lower combined pressure
48157,,,,,,,,,Fort Bend,TX,9.0,4.2,4.6,10.5,14.3,17.5,12.6,,,0.3815,0.0,0.0,,,50.0154,,,,,,,,,2.7064,0.7612,1.0995,1.5223,8.7111,4.8545,73.7991,30.7883,50.0154,,3.2758,73.7991,30.7883,35.0431,2905.0,Lower combined pressure
34041,,,,,,,5.7474,0.0411,Warren,NJ,9.3,5.8,6.1,12.7,15.3,17.8,9.1,,,0.4504,0.0,0.0,,,50.0154,,,,,49.7416,23.4375,,,6.6475,9.3369,13.9378,14.8681,18.0819,5.8525,40.1218,39.9382,50.0154,36.5896,11.4541,40.1218,39.9382,35.0215,2906.0,Lower combined pressure
24017,,,,,,,,0.0442,Charles,MD,10.7,5.5,5.2,11.8,16.0,17.5,7.5,,,-28.3055,0.0,0.0,,,50.0154,,,,,,52.2135,,,55.8018,6.6137,4.4993,6.5122,28.8058,4.8545,16.3058,8.6244,50.0154,52.2135,17.8479,16.3058,8.6244,35.013,2907.0,Lower combined pressure
48397,,,,,,,,0.0427,Rockwall,TX,9.7,4.5,4.5,10.7,15.5,21.8,11.3,,,0.1366,0.0,0.0,,,50.0154,,,,,,35.5469,,,13.5487,1.5392,0.8796,1.979,20.6867,38.8363,63.7686,15.0541,50.0154,35.5469,12.9116,63.7686,15.0541,35.0015,2908.0,Lower combined pressure
17063,,,,,,,,,Grundy,IL,10.1,6.4,5.7,12.4,16.8,22.0,8.3,,,0.3045,0.0,0.0,,,50.0154,,,,,,,,,29.2794,15.9168,9.1171,11.2821,42.7267,41.0183,27.8417,22.3184,50.0154,,24.8901,27.8417,22.3184,34.9909,2909.0,Lower combined pressure
27017,,,,,,,5.0761,0.0378,Carlton,MN,10.5,6.4,6.8,12.8,15.9,26.5,8.0,,,0.308,0.0,0.0,,,50.0154,,,,,42.5065,7.8125,,,46.9046,15.9168,25.406,16.1536,27.2327,86.6543,23.1225,22.5966,50.0154,25.1595,36.378,23.1225,22.5966,34.9609,2910.0,Lower combined pressure
31131,,,,,,,,,Otoe,NE,9.2,6.8,7.0,12.6,13.6,17.7,9.0,,,0.4525,0.0,0.0,,,50.0154,,,,,,,,,5.1421,21.0927,29.161,13.7009,4.3978,5.548,38.7348,40.34,50.0154,,13.1738,38.7348,40.34,34.9407,2911.0,Lower combined pressure
17179,,,,,,,,,Tazewell,IL,10.3,7.3,6.6,13.0,16.3,23.0,6.9,,,0.3054,0.0,0.0,,,50.0154,,,,,,,,,38.0751,29.5162,21.4141,18.5724,33.8802,52.8417,8.4743,22.4111,50.0154,,32.3833,8.4743,22.4111,34.9187,2912.0,Lower combined pressure
20051,,,,,,,,,Ellis,KS,9.9,6.6,6.1,11.8,17.2,20.7,8.6,,,0.3057,0.0,0.0,,,50.0154,,,,,,,,,20.5514,18.4202,13.9378,6.5122,50.203,26.4208,32.6286,22.473,50.0154,,22.6742,32.6286,22.473,34.9111,2913.0,Lower combined pressure
06069,,,,,,,1.4514,0.0411,San Benito,CA,9.2,4.7,5.3,13.8,16.6,20.2,13.9,,,0.3578,0.0,0.0,,,50.0154,,,,,14.5995,23.5677,,,5.1421,2.2666,5.1759,31.2415,38.7855,20.1116,80.8356,27.5116,50.0154,19.0836,17.1205,80.8356,27.5116,34.8904,2914.0,Lower combined pressure
36113,,,,,,,,,Warren,NY,10.9,7.4,7.2,13.7,15.3,21.0,5.3,,,0.3232,0.0,0.0,,,50.0154,,,,,,,,,64.4621,31.3092,33.8464,29.6177,18.0819,29.7361,0.8288,24.0185,50.0154,,34.5089,0.8288,24.0185,34.8221,2915.0,Lower combined pressure
55089,,,,,,,4.2386,0.0461,Ozaukee,WI,10.2,5.4,6.3,11.2,13.5,21.8,5.5,,,0.2945,0.0,0.0,,,50.0154,,,,,35.1421,71.3542,,,33.4405,5.7341,16.6272,3.4844,3.9073,38.8363,1.184,21.2056,50.0154,53.2481,17.005,1.184,21.2056,34.8069,2916.0,Lower combined pressure
46013,,,,,,,5.2182,,Brown,SD,9.7,6.3,6.5,12.0,14.8,20.2,8.2,,,0.3272,0.0,0.0,,,50.0154,,,,,44.0568,,,,13.5487,14.6651,19.5873,7.933,13.3119,20.1116,26.3024,24.4204,50.0154,44.0568,14.8596,26.3024,24.4204,34.806,2917.0,Lower combined pressure
20045,,,,,,,,,Douglas,KS,10.1,5.3,4.8,10.7,17.1,24.5,7.5,,,0.3762,0.0,0.0,,,50.0154,,,,,,,,,29.2794,5.1421,1.8775,1.979,48.0717,68.4709,16.3058,30.1082,50.0154,,25.8035,16.3058,30.1082,34.7959,2918.0,Lower combined pressure
20193,,,,,,,,,Thomas,KS,9.9,6.5,6.4,11.9,16.4,20.9,8.3,,,0.3767,0.0,0.0,,,50.0154,,,,,,,,,20.5514,17.1685,17.8958,7.2395,35.4533,28.5521,27.8417,30.17,50.0154,,21.1434,27.8417,30.17,34.7889,2919.0,Lower combined pressure
27059,,,,,,,,,Isanti,MN,10.0,6.3,6.5,12.8,16.0,24.5,8.0,,,0.1676,0.0,0.0,,,50.0154,,,,,,,,,24.8816,14.6651,19.5873,16.1536,28.8058,68.4709,23.1225,15.7342,50.0154,,28.7607,23.1225,15.7342,34.774,2920.0,Lower combined pressure
08119,,,,,,,,,Teller,CO,11.0,6.8,6.9,12.9,14.4,22.0,7.6,,,0.1696,0.0,0.0,,,50.0154,,,,,,,,,68.9953,21.0927,27.2666,17.3714,9.6583,41.0183,17.5237,15.7651,50.0154,,30.9004,17.5237,15.7651,34.7448,2921.0,Lower combined pressure
55097,,,,,,,,,Portage,WI,10.7,6.1,6.2,12.0,16.2,24.6,7.2,,,0.2352,0.0,0.0,,,50.0154,,,,,,,,,55.8018,12.7199,15.3248,7.933,32.1719,69.5873,12.111,17.6816,50.0154,,32.2564,12.111,17.6816,34.7307,2922.0,Lower combined pressure
23013,,,,,,,,0.0376,Knox,ME,11.9,8.6,8.1,13.7,15.3,25.4,7.6,,,0.3181,0.0,0.0,,,50.0154,,,,,,7.2917,,,92.9465,54.6854,57.747,29.6177,18.0819,78.1461,17.5237,23.493,50.0154,7.2917,55.2041,17.5237,23.493,34.7302,2923.0,Lower combined pressure
27147,,,,,,,,,Steele,MN,9.9,6.1,6.7,12.3,15.1,23.1,8.2,,,0.3533,0.0,0.0,,,50.0154,,,,,,,,,20.5514,12.7199,23.3593,10.2842,15.8999,53.9073,26.3024,27.1097,50.0154,,22.787,26.3024,27.1097,34.7235,2924.0,Lower combined pressure
38063,,,,,,,,,Nelson,ND,9.7,7.5,8.5,12.8,12.3,19.4,6.9,,,0.4623,0.0,0.0,,,50.0154,,,,,,,,,13.5487,33.1698,68.9276,16.1536,0.3214,12.5677,8.4743,41.5765,50.0154,,24.1148,8.4743,41.5765,34.7179,2925.0,Lower combined pressure
38073,,,,,,,,,Ransom,ND,9.9,7.4,7.8,13.0,13.8,19.9,7.7,,,0.3937,0.0,0.0,,,50.0154,,,,,,,,,20.5514,31.3092,49.0866,18.5724,5.7003,16.9317,18.7754,32.1484,50.0154,,23.6919,18.7754,32.1484,34.6933,2926.0,Lower combined pressure
39041,,,,,,,,0.0453,Delaware,OH,9.5,4.9,5.0,9.8,13.5,21.0,5.0,,,0.1641,0.0,0.0,,,50.0154,,,,,,63.8021,,,9.6583,3.1123,3.1461,0.4567,3.9073,29.7361,0.5751,15.6723,50.0154,63.8021,8.3362,0.5751,15.6723,34.6639,2927.0,Lower combined pressure
27073,,,,,,,,,Lac qui Parle,MN,9.7,7.0,8.3,12.7,14.1,22.3,7.3,,,0.3487,0.0,0.0,,,50.0154,,,,,,,,,13.5487,24.3065,63.1597,14.8681,7.3917,44.1137,13.4641,26.7079,50.0154,,27.8981,13.4641,26.7079,34.6618,2928.0,Lower combined pressure
36039,,,,,,,,,Greene,NY,10.8,8.0,7.6,14.5,15.5,20.3,6.6,,,-55.1703,0.0,0.0,,,50.0154,,,,,,,,,60.2842,42.7436,43.8092,43.8769,20.6867,21.2957,6.1401,6.8006,50.0154,,38.7827,6.1401,6.8006,34.6592,2929.0,Lower combined pressure
19079,,,,,,,,,Hamilton,IA,9.8,7.3,7.3,13.1,15.2,19.5,7.5,,,0.4389,0.0,0.0,,,50.0154,,,,,,,,,16.6272,29.5162,36.3329,20.1116,16.8978,13.3965,16.3058,38.2071,50.0154,,22.147,16.3058,38.2071,34.6569,2930.0,Lower combined pressure
22033,,,,,,,2.7814,0.0408,East Baton Rouge,LA,10.3,6.8,6.3,13.2,18.8,25.9,7.6,,,-8.7034,0.0,0.0,,,50.0154,,,,,24.8062,21.6146,,,38.0751,21.0927,16.6272,21.634,80.7341,82.5947,17.5237,12.272,50.0154,23.2104,43.4596,17.5237,12.272,34.6517,2931.0,Lower combined pressure
36075,,,,,,,,0.0379,Oswego,NY,11.3,8.3,7.2,14.7,18.0,21.9,6.4,,,0.4423,0.0,0.0,,,50.0154,,,,,,8.2031,,,80.8863,48.6637,33.8464,47.3106,66.8978,39.885,4.8376,38.7326,50.0154,8.2031,52.915,4.8376,38.7326,34.6412,2932.0,Lower combined pressure
12086,,,,,,,3.3252,0.039,Miami-Dade,FL,8.5,5.3,6.8,14.6,14.4,13.5,25.6,,,-12.256,0.0,0.0,,,50.0154,,,,,28.553,12.3698,,,0.5074,5.1421,25.406,45.4838,9.6583,0.1691,97.8857,11.3138,50.0154,20.4614,14.3945,97.8857,11.3138,34.6385,2933.0,Lower combined pressure
48039,,,,,,,1.2973,0.0387,Brazoria,TX,9.4,5.1,5.1,12.0,16.1,19.9,16.2,,,0.4968,0.0,0.0,,,50.0154,,,,,13.4367,10.9375,,,8.0176,4.0934,3.8735,7.933,30.4635,16.9317,89.4114,46.7079,50.0154,12.1871,11.8854,89.4114,46.7079,34.6347,2934.0,Lower combined pressure
53073,,,,,,,1.1073,0.035,Whatcom,WA,10.7,5.4,5.7,12.9,17.9,29.5,7.8,,,0.5356,0.0,0.0,,,50.0154,,,,,11.7571,3.776,,,55.8018,5.7341,9.1171,17.3714,64.9019,96.3464,20.2131,52.2102,50.0154,7.7666,41.5454,20.2131,52.2102,34.575,2935.0,Lower combined pressure
38011,,,,,,,,,Bowman,ND,9.9,7.4,7.8,12.7,13.1,19.2,7.9,,,0.4077,0.0,0.0,,,50.0154,,,,,,,,,20.5514,31.3092,49.0866,14.8681,1.9621,10.9777,21.6171,33.9722,50.0154,,21.4592,21.6171,33.9722,34.5711,2936.0,Lower combined pressure
36117,,,,,,,,0.0409,Wayne,NY,11.1,7.7,7.3,14.1,16.1,20.9,6.2,,,0.4154,0.0,0.0,,,50.0154,,,,,,22.3958,,,73.5284,36.9249,36.3329,36.6881,30.4635,28.5521,3.5859,34.9923,50.0154,22.3958,40.415,3.5859,34.9923,34.5651,2937.0,Lower combined pressure
12061,,,,,,,,0.0386,Indian River,FL,9.1,8.8,9.7,14.9,14.1,16.6,12.2,,,-22.2172,0.0,0.0,,,50.0154,,,,,,10.4167,,,3.6874,58.2206,90.6461,51.1671,7.3917,2.5203,70.9912,9.5209,50.0154,10.4167,35.6055,70.9912,9.5209,34.5614,2938.0,Lower combined pressure
45015,,,,,,,,0.0413,Berkeley,SC,9.5,6.2,5.6,13.0,16.7,22.4,11.6,,,-20.4098,0.0,0.0,,,50.0154,,,,,,25.1302,,,9.6583,13.6502,8.0176,18.5724,40.8153,45.1455,66.1874,9.8609,50.0154,25.1302,22.6432,66.1874,9.8609,34.5528,2939.0,Lower combined pressure
13057,,,,,,,,,Cherokee,GA,9.5,5.6,5.7,12.2,16.0,20.2,10.7,,,0.1764,0.0,0.0,,,50.0154,,,,,,,,,9.6583,7.5947,9.1171,9.4384,28.8058,20.1116,57.8654,15.8578,50.0154,,14.121,57.8654,15.8578,34.5429,2940.0,Lower combined pressure
56039,,,,,,,1.6742,0.0487,Teton,WY,9.0,4.5,5.0,10.1,12.7,18.0,9.2,,,0.0722,0.0,0.0,,,50.0154,,,,,16.2791,90.4948,,,2.7064,1.5392,3.1461,0.8796,0.8627,6.4953,41.475,13.8794,50.0154,53.3869,2.6049,41.475,13.8794,34.538,2941.0,Lower combined pressure
38105,,,,,,,,,Williams,ND,10.2,5.4,5.1,11.3,16.0,21.2,9.5,,,0.2543,0.0,0.0,,,50.0154,,,,,,,,,33.4405,5.7341,3.8735,3.8904,28.8058,32.3072,45.3484,18.609,50.0154,,18.0086,45.3484,18.609,34.5367,2942.0,Lower combined pressure
30029,,,,,,,1.5995,0.0405,Flathead,MT,10.7,7.0,6.5,13.6,15.8,23.7,9.0,,,0.3133,0.0,0.0,,,50.0154,,,,,15.6331,19.6615,,,55.8018,24.3065,19.5873,28.366,25.3214,60.8762,38.7348,23.0603,50.0154,17.6473,35.7099,38.7348,23.0603,34.5234,2943.0,Lower combined pressure
27035,,,,,,,5.8762,0.0401,Crow Wing,MN,10.2,6.9,7.9,12.5,14.4,22.8,7.0,,,0.3157,0.0,0.0,,,50.0154,,,,,52.1964,17.4479,,,33.4405,22.7165,52.1313,12.4662,9.6583,50.406,9.5399,23.2148,50.0154,34.8221,30.1364,9.5399,23.2148,34.5197,2944.0,Lower combined pressure
36053,,,,,,,,,Madison,NY,11.0,7.1,6.7,13.2,16.3,21.1,5.3,,,0.3079,0.0,0.0,,,50.0154,,,,,,,,,68.9953,25.9303,23.3593,21.634,33.8802,31.0724,0.8288,22.5657,50.0154,,34.1452,0.8288,22.5657,34.5072,2945.0,Lower combined pressure
55063,,,,,,,,0.0414,La Crosse,WI,11.2,6.0,6.1,12.3,16.3,25.1,6.6,,,0.3855,0.0,0.0,,,50.0154,,,,,,25.9115,,,77.4357,11.6373,13.9378,10.2842,33.8802,75.1691,6.1401,31.1592,50.0154,25.9115,37.0574,6.1401,31.1592,34.4768,2946.0,Lower combined pressure
27057,,,,,,,,,Hubbard,MN,9.9,7.3,8.3,13.0,14.1,22.0,6.9,,,0.3326,0.0,0.0,,,50.0154,,,,,,,,,20.5514,29.5162,63.1597,18.5724,7.3917,41.0183,8.4743,24.9459,50.0154,,30.035,8.4743,24.9459,34.4738,2947.0,Lower combined pressure
22125,,,,,,,,,West Feliciana,LA,9.1,6.9,6.9,13.7,16.9,21.8,8.7,,,-142.3972,0.0,0.0,,,50.0154,,,,,,,,,3.6874,22.7165,27.2666,29.6177,44.5704,38.8363,34.2524,4.7604,50.0154,,27.7825,34.2524,4.7604,34.4687,2948.0,Lower combined pressure
55125,,,,,,,,0.0401,Vilas,WI,10.8,8.3,9.4,14.8,13.6,22.4,6.3,,,0.3277,0.0,0.0,,,50.0154,,,,,,17.3177,,,60.2842,48.6637,86.316,49.2896,4.3978,45.1455,4.1779,24.4822,50.0154,17.3177,49.0161,4.1779,24.4822,34.4541,2949.0,Lower combined pressure
06017,,,,,,,0.1966,0.0508,El Dorado,CA,9.8,6.0,6.8,13.3,15.5,22.3,5.7,,,-17.7989,0.0,0.0,,,50.0154,,,,,2.8424,95.9635,,,16.6272,11.6373,25.406,23.0886,20.6867,44.1137,1.6407,10.2318,50.0154,49.403,23.5933,1.6407,10.2318,34.4409,2950.0,Lower combined pressure
53029,,,,,,,,,Island,WA,10.4,5.9,6.8,12.8,14.8,23.2,7.1,,,0.3711,0.0,0.0,,,50.0154,,,,,,,,,42.6928,10.4364,25.406,16.1536,13.3119,55.1252,10.8424,29.4281,50.0154,,27.1876,10.8424,29.4281,34.4381,2951.0,Lower combined pressure
46081,,,,,,,,,Lawrence,SD,10.0,7.1,7.6,12.6,14.0,20.4,8.0,,,0.3573,0.0,0.0,,,50.0154,,,,,,,,,24.8816,25.9303,43.8092,13.7009,6.7659,22.6658,23.1225,27.4189,50.0154,,22.959,23.1225,27.4189,34.398,2952.0,Lower combined pressure
48491,,,,,,,,,Williamson,TX,9.0,4.3,4.5,10.5,15.5,20.4,12.2,,,0.19,0.0,0.0,,,50.0154,,,,,,,,,2.7064,0.9811,0.8796,1.5223,20.6867,22.6658,70.9912,16.2906,50.0154,,8.2403,70.9912,16.2906,34.3905,2953.0,Lower combined pressure
19041,,,,,,,,,Clay,IA,9.9,7.8,7.6,13.4,15.7,19.9,6.9,,,0.3692,0.0,0.0,,,50.0154,,,,,,,,,20.5514,38.887,43.8092,24.6786,23.41,16.9317,8.4743,29.0263,50.0154,,28.0447,8.4743,29.0263,34.3545,2954.0,Lower combined pressure
26093,,,,,,,,,Livingston,MI,11.0,6.8,6.2,12.3,15.5,25.3,4.7,,,0.247,0.0,0.0,,,50.0154,,,,,,,,,68.9953,21.0927,15.3248,10.2842,20.6867,76.979,0.3552,18.2689,50.0154,,35.5604,0.3552,18.2689,34.3429,2955.0,Lower combined pressure
19195,,,,,,,,,Worth,IA,9.8,7.8,7.7,13.4,15.6,20.0,6.8,,,0.376,0.0,0.0,,,50.0154,,,,,,,,,16.6272,38.887,46.431,24.6786,22.0737,17.8281,7.6286,30.0464,50.0154,,27.7543,7.6286,30.0464,34.2809,2956.0,Lower combined pressure
31041,,,,,,,,,Custer,NE,9.2,7.5,7.7,12.4,13.6,16.6,8.3,,,0.4262,0.0,0.0,,,50.0154,,,,,,,,,5.1421,33.1698,46.431,11.2821,4.3978,2.5203,27.8417,36.136,50.0154,,17.1572,27.8417,36.136,34.2556,2957.0,Lower combined pressure
51013,,,,,,,6.6993,0.045,Arlington,VA,9.0,3.2,3.8,8.8,13.4,21.2,6.4,,,-13.9297,0.0,0.0,,,50.0154,,,,,68.2171,60.2865,,,2.7064,0.0338,0.1522,0.0338,3.3322,32.3072,4.8376,10.881,50.0154,64.2518,6.4276,4.8376,10.881,34.2463,2958.0,Lower combined pressure
51800,,,,,,,,0.0396,Suffolk,VA,11.6,6.3,5.9,13.3,16.9,21.2,8.5,,,0.3904,0.0,0.0,,,50.0154,,,,,,16.0156,,,88.5149,14.6651,11.3498,23.0886,44.5704,32.3072,31.0047,31.7774,50.0154,16.0156,35.7493,31.0047,31.7774,34.2241,2959.0,Lower combined pressure
36029,,,,,,,3.1636,0.0438,Erie,NY,11.5,6.9,6.5,13.1,16.0,20.6,5.9,,,-11.0193,0.0,0.0,,,50.0154,,,,,27.6486,47.1354,,,86.316,22.7165,19.5873,20.1116,28.8058,25.3552,2.5203,11.6538,50.0154,37.392,33.8154,2.5203,11.6538,34.2239,2960.0,Lower combined pressure
28071,,,,,,,,,Lafayette,MS,9.5,6.2,5.4,12.0,17.3,20.5,9.2,,,0.2347,0.0,0.0,,,50.0154,,,,,,,,,9.6583,13.6502,6.0386,7.933,52.3681,24.1543,41.475,17.6507,50.0154,,18.9671,41.475,17.6507,34.2119,2961.0,Lower combined pressure
51107,,,,,,,6.9017,0.0452,Loudoun,VA,8.9,3.7,4.2,9.9,13.0,18.4,6.8,,,-13.2433,0.0,0.0,,,50.0154,,,,,71.9638,62.6302,,,1.9452,0.2199,0.3045,0.5244,1.59,7.5271,7.6286,11.0665,50.0154,67.297,2.0185,7.6286,11.0665,34.203,2962.0,Lower combined pressure
51059,,,,,,,6.6494,0.0451,Fairfax,VA,9.1,4.1,5.0,10.3,12.2,18.4,7.4,,,-14.4583,0.0,0.0,,,50.0154,,,,,66.5375,61.0677,,,3.6874,0.5582,3.1461,1.0656,0.2368,7.5271,14.9188,10.7264,50.0154,63.8026,2.7035,14.9188,10.7264,34.1957,2963.0,Lower combined pressure
33005,,,,,,,5.7725,0.0386,Cheshire,NH,10.5,7.1,6.6,12.7,15.8,23.6,7.0,,,0.3243,0.0,0.0,,,50.0154,,,,,50.7752,10.6771,,,46.9046,25.9303,21.4141,14.8681,25.3214,59.726,9.5399,24.1422,50.0154,30.7261,32.3607,9.5399,24.1422,34.1446,2964.0,Lower combined pressure
34001,,,,,,,2.2547,0.0393,Atlantic,NJ,9.5,6.5,6.8,13.8,15.9,16.3,11.9,,,0.4002,0.0,0.0,,,50.0154,,,,,20.801,13.4115,,,9.6583,17.1685,25.406,31.2415,27.2327,1.8099,68.8092,32.9212,50.0154,17.1062,18.7528,68.8092,32.9212,34.1424,2965.0,Lower combined pressure
34009,,,,,,,,,Cape May,NJ,9.5,7.2,7.8,13.7,14.3,17.6,8.3,,,0.3225,0.0,0.0,,,50.0154,,,,,,,,,9.6583,27.6894,49.0866,29.6177,8.7111,5.2097,27.8417,23.9258,50.0154,,21.6622,27.8417,23.9258,34.1292,2966.0,Lower combined pressure
13145,,,,,,,,,Harris,GA,9.7,6.3,6.4,13.0,15.3,18.8,9.6,,,0.293,0.0,0.0,,,50.0154,,,,,,,,,13.5487,14.6651,17.8958,18.5724,18.0819,8.8464,46.6509,21.0819,50.0154,,15.2684,46.6509,21.0819,34.1267,2967.0,Lower combined pressure
38101,,,,,,,6.5865,0.0422,Ward,ND,9.9,5.2,5.3,11.0,14.4,20.5,7.7,,,0.3137,0.0,0.0,,,50.0154,,,,,65.2455,31.901,,,20.5514,4.5839,5.1759,2.8417,9.6583,24.1543,18.7754,23.0912,50.0154,48.5733,11.1609,18.7754,23.0912,34.1248,2968.0,Lower combined pressure
50023,,,,,,,,,Washington,VT,10.7,6.3,6.1,11.8,15.5,27.6,5.8,,,0.2475,0.0,0.0,,,50.0154,,,,,,,,,55.8018,14.6651,13.9378,6.5122,20.6867,92.9127,2.0298,18.2998,50.0154,,34.086,2.0298,18.2998,34.0788,2969.0,Lower combined pressure
51043,,,,,,,,,Clarke,VA,10.1,6.8,7.1,13.3,14.9,23.3,7.4,,,0.2316,0.0,0.0,,,50.0154,,,,,,,,,29.2794,21.0927,31.4276,23.0886,14.1238,56.2754,14.9188,17.5889,50.0154,,29.2146,14.9188,17.5889,34.0787,2970.0,Lower combined pressure
53067,,,,,,,2.728,0.0343,Thurston,WA,11.2,5.3,5.8,13.4,16.9,27.2,7.3,,,0.433,0.0,0.0,,,50.0154,,,,,24.4186,3.2552,,,77.4357,5.1421,10.2165,24.6786,44.5704,91.1198,13.4641,37.187,50.0154,13.8369,42.1938,13.4641,37.187,34.0774,2971.0,Lower combined pressure
36095,,,,,,,,,Schoharie,NY,11.0,7.9,7.6,13.9,16.1,20.0,5.9,,,-124.5206,0.0,0.0,,,50.0154,,,,,,,,,68.9953,40.8829,43.8092,33.2206,30.4635,17.8281,2.5203,4.915,50.0154,,39.1999,2.5203,4.915,34.0642,2972.0,Lower combined pressure
38065,,,,,,,6.2803,0.0392,Oliver,ND,9.8,7.0,7.9,12.4,12.8,19.0,6.4,,,0.5034,0.0,0.0,,,50.0154,,,,,58.5271,13.2812,,,16.6272,24.3065,52.1313,11.2821,1.0487,9.8275,4.8376,47.7898,50.0154,35.9042,19.2039,4.8376,47.7898,34.0444,2973.0,Lower combined pressure
12011,,,,,,,3.2083,0.0379,Broward,FL,9.2,6.3,6.7,13.8,15.7,15.6,16.7,,,-1.9958,0.0,0.0,,,50.0154,,,,,27.907,7.9427,,,5.1421,14.6651,23.3593,31.2415,23.41,0.8965,90.68,13.6012,50.0154,17.9248,16.4524,90.68,13.6012,34.0271,2974.0,Lower combined pressure
31009,,,,,,,,,Blaine,NE,9.4,8.1,8.3,13.5,13.7,17.4,7.9,,,0.2765,0.0,0.0,,,50.0154,,,,,,,,,8.0176,44.7903,63.1597,26.6407,5.0406,4.567,21.6171,19.7836,50.0154,,25.3693,21.6171,19.7836,33.9827,2975.0,Lower combined pressure
20083,,,,,,,,,Hodgeman,KS,9.5,6.9,7.2,12.3,14.6,19.0,8.1,,,0.4452,0.0,0.0,,,50.0154,,,,,,,,,9.6583,22.7165,33.8464,10.2842,11.4513,9.8275,24.7294,39.1036,50.0154,,16.2974,24.7294,39.1036,33.9497,2976.0,Lower combined pressure
36021,,,,,,,,,Columbia,NY,10.5,7.7,7.8,13.5,14.3,19.3,5.7,,,0.3556,0.0,0.0,,,50.0154,,,,,,,,,46.9046,36.9249,49.0866,26.6407,8.7111,11.7388,1.6407,27.2025,50.0154,,30.0011,1.6407,27.2025,33.8523,2977.0,Lower combined pressure
08039,,,,,,,,,Elbert,CO,11.1,5.9,5.9,12.2,15.2,21.7,7.9,,,0.1743,0.0,0.0,,,50.0154,,,,,,,,,73.5284,10.4364,11.3498,9.4384,16.8978,37.7368,21.6171,15.796,50.0154,,26.5646,21.6171,15.796,33.8494,2978.0,Lower combined pressure
31007,,,,,,,,,Banner,NE,9.1,7.5,8.2,12.9,12.3,16.3,8.9,,,0.233,0.0,0.0,,,50.0154,,,,,,,,,3.6874,33.1698,60.3857,17.3714,0.3214,1.8099,37.297,17.6198,50.0154,,19.4576,37.297,17.6198,33.8143,2979.0,Lower combined pressure
51003,,,,,,,6.6097,0.0431,Albemarle,VA,10.0,5.2,5.7,11.1,14.3,20.9,6.4,,,0.2314,0.0,0.0,,,50.0154,,,,,65.8915,40.2344,,,24.8816,4.5839,9.1171,3.0954,8.7111,28.5521,4.8376,17.558,50.0154,53.0629,13.1569,4.8376,17.558,33.7991,2980.0,Lower combined pressure
55049,,,,,,,,,Iowa,WI,10.5,6.8,7.0,13.1,15.1,23.5,6.7,,,0.191,0.0,0.0,,,50.0154,,,,,,,,,46.9046,21.0927,29.161,20.1116,15.8999,58.6265,6.8843,16.3524,50.0154,,31.9661,6.8843,16.3524,33.7597,2981.0,Lower combined pressure
10003,,,,,,,3.4338,0.0433,New Castle,DE,10.4,6.0,5.9,12.3,15.5,21.0,8.6,,,-6.4639,0.0,0.0,,,50.0154,,,,,29.7158,41.9271,,,42.6928,11.6373,11.3498,10.2842,20.6867,29.7361,32.6286,12.6739,50.0154,35.8214,21.0645,32.6286,12.6739,33.7563,2982.0,Lower combined pressure
41067,,,,,,,4.1878,0.0357,Washington,OR,11.2,5.0,5.0,12.4,16.1,24.9,7.8,,,0.4218,0.0,0.0,,,50.0154,,,,,34.2377,4.6875,,,77.4357,3.6874,3.1461,11.2821,30.4635,73.1225,20.2131,35.6723,50.0154,19.4626,33.1896,20.2131,35.6723,33.7562,2983.0,Lower combined pressure
38091,,,,,,,,,Steele,ND,9.8,7.9,8.7,13.2,13.1,19.5,7.1,,,0.3005,0.0,0.0,,,50.0154,,,,,,,,,16.6272,40.8829,74.002,21.634,1.9621,13.3965,10.8424,21.932,50.0154,,28.0841,10.8424,21.932,33.7375,2984.0,Lower combined pressure
50013,,,,,,,,,Grand Isle,VT,10.9,6.6,6.7,12.3,15.0,25.1,5.5,,,0.1626,0.0,0.0,,,50.0154,,,,,,,,,64.4621,18.4202,23.3593,10.2842,14.9865,75.1691,1.184,15.5796,50.0154,,34.4469,1.184,15.5796,33.7236,2985.0,Lower combined pressure
19027,,,,,,,,,Carroll,IA,9.8,7.7,7.5,13.6,15.8,19.8,6.9,,,0.3393,0.0,0.0,,,50.0154,,,,,,,,,16.6272,36.9249,41.0859,28.366,25.3214,16.1536,8.4743,25.7805,50.0154,,27.4132,8.4743,25.7805,33.7112,2986.0,Lower combined pressure
25007,,,,,,,0.2669,0.0431,Dukes,MA,11.5,6.8,7.3,12.7,14.7,23.4,3.9,,,0.425,0.0,0.0,,,50.0154,,,,,4.3928,40.1042,,,86.316,21.0927,36.3329,14.8681,12.3647,57.4256,0.1015,36.0124,50.0154,22.2485,38.0666,0.1015,36.0124,33.6948,2987.0,Lower combined pressure
51145,,,,,,,,,Powhatan,VA,10.5,6.7,6.7,13.4,15.8,22.4,7.1,,,0.1132,0.0,0.0,,,50.0154,,,,,,,,,46.9046,19.6719,23.3593,24.6786,25.3214,45.1455,10.8424,14.6213,50.0154,,30.8469,10.8424,14.6213,33.6836,2988.0,Lower combined pressure
20087,,,,,,,,,Jefferson,KS,9.9,7.3,7.1,12.7,15.4,20.7,7.5,,,0.3515,0.0,0.0,,,50.0154,,,,,,,,,20.5514,29.5162,31.4276,14.8681,19.2828,26.4208,16.3058,27.0479,50.0154,,23.6778,16.3058,27.0479,33.6793,2989.0,Lower combined pressure
36031,,,,,,,0.9108,0.0426,Essex,NY,10.7,8.3,8.1,14.4,15.1,20.4,5.8,,,0.3472,0.0,0.0,,,50.0154,,,,,10.0775,35.2865,,,55.8018,48.6637,57.747,42.1685,15.8999,22.6658,2.0298,26.6151,50.0154,22.682,40.4911,2.0298,26.6151,33.6624,2990.0,Lower combined pressure
46101,,,,,,,,,Moody,SD,10.1,6.7,7.2,12.5,14.2,19.3,8.1,,,0.373,0.0,0.0,,,50.0154,,,,,,,,,29.2794,19.6719,33.8464,12.4662,8.0176,11.7388,24.7294,29.6136,50.0154,,19.17,24.7294,29.6136,33.6419,2991.0,Lower combined pressure
31143,,,,,,,,,Polk,NE,9.0,7.2,7.6,12.5,13.3,16.5,9.1,,,0.3209,0.0,0.0,,,50.0154,,,,,,,,,2.7064,27.6894,43.8092,12.4662,2.7402,2.182,40.1218,23.7094,50.0154,,15.2656,40.1218,23.7094,33.6055,2992.0,Lower combined pressure
33003,,,,,,,,,Carroll,NH,10.0,7.5,7.8,13.0,13.8,21.5,6.2,,,0.3644,0.0,0.0,,,50.0154,,,,,,,,,24.8816,33.1698,49.0866,18.5724,5.7003,35.318,3.5859,28.408,50.0154,,27.7881,3.5859,28.408,33.5347,2993.0,Lower combined pressure
55027,,,,,,,1.2789,0.0384,Dodge,WI,10.7,7.0,7.0,13.5,16.0,22.8,8.5,,,0.4181,0.0,0.0,,,50.0154,,,,,13.3075,10.1562,,,55.8018,24.3065,29.161,26.6407,28.8058,50.406,31.0047,35.3323,50.0154,11.7319,35.8536,31.0047,35.3323,33.5347,2994.0,Lower combined pressure
02130,,,,,,,,,Ketchikan Gateway,AK,10.3,6.6,6.4,13.8,15.0,18.9,9.5,,,-999.0,0.0,0.0,,,50.0154,,,,,,,,,38.0751,18.4202,17.8958,31.2415,14.9865,9.2862,45.3484,1.9629,50.0154,,21.6509,45.3484,1.9629,33.5313,2995.0,Lower combined pressure
38039,,,,,,,,,Griggs,ND,9.4,7.7,9.0,12.8,11.9,18.1,6.5,,,0.4106,0.0,0.0,,,50.0154,,,,,,,,,8.0176,36.9249,79.5839,16.1536,0.1015,6.7321,5.4635,34.2504,50.0154,,24.5856,5.4635,34.2504,33.4965,2996.0,Lower combined pressure
08117,,,,,,,,,Summit,CO,10.4,5.0,5.0,11.1,15.3,22.1,9.1,,,0.0598,0.0,0.0,,,50.0154,,,,,,,,,42.6928,3.6874,3.1461,3.0954,18.0819,42.1516,40.1218,13.8176,50.0154,,18.8092,40.1218,13.8176,33.4678,2997.0,Lower combined pressure
44009,,,,,,,4.5331,0.0425,Washington,RI,10.8,6.3,6.4,11.3,14.4,22.1,4.9,,,0.3957,0.0,0.0,,,50.0154,,,,,37.2093,34.5052,,,60.2842,14.6651,17.8958,3.8904,9.6583,42.1516,0.5074,32.3648,50.0154,35.8573,24.7576,0.5074,32.3648,33.4455,2998.0,Lower combined pressure
51179,,,,,,,,0.0425,Stafford,VA,10.3,4.8,4.8,11.7,15.8,22.1,8.8,,,0.1533,0.0,0.0,,,50.0154,,,,,,33.9844,,,38.0751,2.6387,1.8775,5.7679,25.3214,42.1516,35.8085,15.3632,50.0154,33.9844,19.3054,35.8085,15.3632,33.4442,2999.0,Lower combined pressure
06061,,,,,,,5.7504,0.0444,Placer,CA,9.9,5.2,5.9,12.4,15.3,21.3,5.6,,,-10.4747,0.0,0.0,,,50.0154,,,,,49.8708,53.9062,,,20.5514,4.5839,11.3498,11.2821,18.0819,33.3897,1.387,11.8393,50.0154,51.8885,16.5398,1.387,11.8393,33.4343,3000.0,Lower combined pressure
31149,,,,,,,,,Rock,NE,9.1,7.7,8.2,12.8,12.7,16.6,8.0,,,0.3531,0.0,0.0,,,50.0154,,,,,,,,,3.6874,36.9249,60.3857,16.1536,0.8627,2.5203,23.1225,27.0788,50.0154,,20.0891,23.1225,27.0788,33.396,3001.0,Lower combined pressure
19189,,,,,,,,,Winnebago,IA,9.9,7.4,7.2,13.0,15.8,20.3,7.0,,,0.3612,0.0,0.0,,,50.0154,,,,,,,,,20.5514,31.3092,33.8464,18.5724,25.3214,21.2957,9.5399,28.0062,50.0154,,25.1494,9.5399,28.0062,33.3954,3002.0,Lower combined pressure
12073,,,,,,,3.2334,0.0382,Leon,FL,10.5,5.9,5.5,12.1,18.2,18.2,11.2,,,-12.2439,0.0,0.0,,,50.0154,,,,,28.0362,9.5052,,,46.9046,10.4364,6.9858,8.6096,70.6698,7.0196,62.703,11.3447,50.0154,18.7707,25.1043,62.703,11.3447,33.3781,3003.0,Lower combined pressure
27041,,,,,,,,,Douglas,MN,10.0,6.4,7.3,12.1,14.5,24.4,6.9,,,0.3172,0.0,0.0,,,50.0154,,,,,,,,,24.8816,15.9168,36.3329,8.6096,10.5886,67.5406,8.4743,23.4003,50.0154,,27.3117,8.4743,23.4003,33.36,3004.0,Lower combined pressure
36061,,,,,,,7.3438,0.0433,New York,NY,9.6,4.4,4.9,11.1,14.5,18.5,6.8,,,-28.4393,0.0,0.0,,,50.0154,,,,,79.199,42.3177,,,11.4344,1.2348,2.4865,3.0954,10.5886,7.7808,7.6286,8.5626,50.0154,60.7583,6.1034,7.6286,8.5626,33.3392,3005.0,Lower combined pressure
37055,,,,,,,,,Dare,NC,10.1,7.0,7.1,12.0,14.2,24.1,7.3,,,0.2257,0.0,0.0,,,50.0154,,,,,,,,,29.2794,24.3065,31.4276,7.933,8.0176,64.5636,13.4641,17.4652,50.0154,,27.588,13.4641,17.4652,33.3261,3006.0,Lower combined pressure
38021,,,,,,,,,Dickey,ND,10.1,7.0,7.3,12.6,14.2,20.3,7.4,,,0.3724,0.0,0.0,,,50.0154,,,,,,,,,29.2794,24.3065,36.3329,13.7009,8.0176,21.2957,14.9188,29.5209,50.0154,,22.1555,14.9188,29.5209,33.3166,3007.0,Lower combined pressure
45079,,,,,,,3.3328,0.0402,Richland,SC,9.9,5.8,5.4,12.6,16.6,22.3,11.1,,,-30.0842,0.0,0.0,,,50.0154,,,,,28.6822,17.5781,,,20.5514,9.3369,6.0386,13.7009,38.7855,44.1137,61.6204,8.3771,50.0154,23.1301,22.0878,61.6204,8.3771,33.3089,3008.0,Lower combined pressure
46039,,,,,,,,,Deuel,SD,9.9,7.3,7.6,12.6,14.4,20.1,8.2,,,0.2014,0.0,0.0,,,50.0154,,,,,,,,,20.5514,29.5162,43.8092,13.7009,9.6583,18.9107,26.3024,16.7233,50.0154,,22.6911,26.3024,16.7233,33.3066,3009.0,Lower combined pressure
38017,,,,,,,6.6635,0.0421,Cass,ND,9.8,4.5,4.8,9.6,13.9,23.8,6.3,,,0.2716,0.0,0.0,,,50.0154,,,,,67.1835,30.7292,,,16.6272,1.5392,1.8775,0.2706,6.2585,61.8234,4.1779,19.5054,50.0154,48.9563,14.7327,4.1779,19.5054,33.2952,3010.0,Lower combined pressure
36093,,,,,,,,,Schenectady,NY,11.0,6.4,6.1,12.5,15.8,19.3,6.2,,,0.4087,0.0,0.0,,,50.0154,,,,,,,,,68.9953,15.9168,13.9378,12.4662,25.3214,11.7388,3.5859,34.0649,50.0154,,24.7294,3.5859,34.0649,33.2694,3011.0,Lower combined pressure
17019,,,,,,,3.18,0.0429,Champaign,IL,10.1,5.6,5.0,11.1,17.3,22.6,7.5,,,0.3384,0.0,0.0,,,50.0154,,,,,27.7778,36.849,,,29.2794,7.5947,3.1461,3.0954,52.3681,47.7165,16.3058,25.6569,50.0154,32.3134,23.8667,16.3058,25.6569,33.2459,3012.0,Lower combined pressure
13029,,,,,,,,,Bryan,GA,9.6,5.0,4.7,12.0,16.7,20.5,10.6,,,-110.7393,0.0,0.0,,,50.0154,,,,,,,,,11.4344,3.6874,1.387,7.933,40.8153,24.1543,56.935,5.0696,50.0154,,14.9019,56.935,5.0696,33.2407,3013.0,Lower combined pressure
24047,,,,,,,,,Worcester,MD,10.1,8.0,8.1,13.9,14.5,20.4,7.1,,,-58.3425,0.0,0.0,,,50.0154,,,,,,,,,29.2794,42.7436,57.747,33.2206,10.5886,22.6658,10.8424,6.6461,50.0154,,32.7075,10.8424,6.6461,33.2404,3014.0,Lower combined pressure
02110,,,,,,,5.0508,,Juneau,AK,10.2,5.9,5.7,12.4,14.8,21.0,8.5,,,-999.0,0.0,0.0,,,50.0154,,,,,41.8605,,,,33.4405,10.4364,9.1171,11.2821,13.3119,29.7361,31.0047,1.9629,50.0154,41.8605,17.8873,31.0047,1.9629,33.2383,3015.0,Lower combined pressure
45019,,,,,,,3.3988,0.0425,Charleston,SC,8.8,5.7,5.5,11.4,14.4,21.3,9.5,,,0.3819,0.0,0.0,,,50.0154,,,,,29.199,34.1146,,,1.3363,8.4574,6.9858,4.2963,9.6583,33.3897,45.3484,30.8192,50.0154,31.6568,10.6873,45.3484,30.8192,33.2074,3016.0,Lower combined pressure
30031,,,,,,,3.63,,Gallatin,MT,10.7,4.5,4.3,10.8,16.7,22.8,8.3,,,0.1614,0.0,0.0,,,50.0154,,,,,30.2326,,,,55.8018,1.5392,0.4398,2.2835,40.8153,50.406,27.8417,15.5487,50.0154,30.2326,25.2143,27.8417,15.5487,33.2054,3017.0,Lower combined pressure
46119,,,,,,,,,Sully,SD,9.6,7.1,8.1,12.4,13.4,18.8,7.7,,,0.3799,0.0,0.0,,,50.0154,,,,,,,,,11.4344,25.9303,57.747,11.2821,3.3322,8.8464,18.7754,30.5719,50.0154,,19.7621,18.7754,30.5719,33.1732,3018.0,Lower combined pressure
55029,,,,,,,,0.0419,Door,WI,10.5,7.5,8.5,13.3,13.0,20.7,6.3,,,0.2793,0.0,0.0,,,50.0154,,,,,,29.5573,,,46.9046,33.1698,68.9276,23.0886,1.59,26.4208,4.1779,20.1236,50.0154,29.5573,33.3502,4.1779,20.1236,33.1617,3019.0,Lower combined pressure
44003,,,,,,,3.8736,0.0406,Kent,RI,11.7,7.0,6.4,12.8,15.8,24.7,6.3,,,-25.1685,0.0,0.0,,,50.0154,,,,,32.4289,20.7031,,,90.3586,24.3065,17.8958,16.1536,25.3214,70.6867,4.1779,8.9645,50.0154,26.566,40.7871,4.1779,8.9645,33.1571,3020.0,Lower combined pressure
36041,,,,,,,,0.0392,Hamilton,NY,10.9,9.4,9.3,15.2,14.5,19.4,5.4,,,0.3228,0.0,0.0,,,50.0154,,,,,,12.8906,,,64.4621,68.3694,84.7936,56.8843,10.5886,12.5677,0.9811,23.9876,50.0154,12.8906,49.611,0.9811,23.9876,33.1269,3021.0,Lower combined pressure
09190,,,,,,,,,Western Connecticut,CT,9.8,4.6,5.0,10.9,13.9,17.7,9.9,,,0.4054,0.0,0.0,,,50.0154,,,,,,,,,16.6272,1.8775,3.1461,2.571,6.2585,5.548,49.7124,33.6012,50.0154,,6.0047,49.7124,33.6012,33.1162,3022.0,Lower combined pressure
53055,,,,,,,,,San Juan,WA,10.4,6.4,8.0,13.0,13.0,22.5,6.0,,,0.2782,0.0,0.0,,,50.0154,,,,,,,,,42.6928,15.9168,55.0744,18.5724,1.59,46.3464,2.9263,20.0927,50.0154,,30.0321,2.9263,20.0927,33.0861,3023.0,Lower combined pressure
24037,,,,,,,,,St. Mary's,MD,10.7,5.9,5.7,11.9,16.4,21.2,7.6,,,0.2381,0.0,0.0,,,50.0154,,,,,,,,,55.8018,10.4364,9.1171,7.2395,35.4533,32.3072,17.5237,17.8362,50.0154,,25.0592,17.5237,17.8362,33.0739,3024.0,Lower combined pressure
22005,,,,,,,,0.0391,Ascension,LA,9.7,6.6,5.9,13.5,18.7,26.9,7.9,,,0.3626,0.0,0.0,,,50.0154,,,,,,12.5,,,13.5487,18.4202,11.3498,26.6407,79.2456,89.3437,21.6171,28.2226,50.0154,12.5,39.7581,21.6171,28.2226,33.0531,3025.0,Lower combined pressure
08007,,,,,,,,0.0366,Archuleta,CO,10.9,7.7,7.9,14.1,14.3,21.2,9.6,,,0.3162,0.0,0.0,,,50.0154,,,,,,5.599,,,64.4621,36.9249,52.1313,36.6881,8.7111,32.3072,46.6509,23.2457,50.0154,5.599,38.5374,46.6509,23.2457,33.0284,3026.0,Lower combined pressure
38003,,,,,,,,,Barnes,ND,9.9,7.0,7.5,12.3,13.5,20.0,6.8,,,0.4571,0.0,0.0,,,50.0154,,,,,,,,,20.5514,24.3065,41.0859,10.2842,3.9073,17.8281,7.6286,40.8655,50.0154,,19.6606,7.6286,40.8655,33.0256,3027.0,Lower combined pressure
12091,,,,,,,,0.0406,Okaloosa,FL,9.6,6.6,6.1,12.9,17.4,19.1,11.7,,,-20.4927,0.0,0.0,,,50.0154,,,,,,20.1823,,,11.4344,18.4202,13.9378,17.3714,54.364,10.3687,67.1516,9.83,50.0154,20.1823,20.9827,67.1516,9.83,32.994,3028.0,Lower combined pressure
37031,,,,,,,,0.0404,Carteret,NC,10.4,8.1,8.1,13.3,14.7,24.1,8.0,,,-31.9198,0.0,0.0,,,50.0154,,,,,,18.4896,,,42.6928,44.7903,57.747,23.0886,12.3647,64.5636,23.1225,8.2844,50.0154,18.4896,40.8745,23.1225,8.2844,32.9863,3029.0,Lower combined pressure
31059,,,,,,,,,Fillmore,NE,9.3,7.3,7.6,12.8,13.1,16.6,8.1,,,0.3806,0.0,0.0,,,50.0154,,,,,,,,,6.6475,29.5162,43.8092,16.1536,1.9621,2.5203,24.7294,30.6646,50.0154,,16.7682,24.7294,30.6646,32.9814,3030.0,Lower combined pressure
50001,,,,,,,,,Addison,VT,10.8,6.0,6.0,11.8,15.1,24.7,5.9,,,0.2872,0.0,0.0,,,50.0154,,,,,,,,,60.2842,11.6373,12.6522,6.5122,15.8999,70.6867,2.5203,20.6491,50.0154,,29.6121,2.5203,20.6491,32.9661,3031.0,Lower combined pressure
31075,,,,,,,,,Grant,NE,9.1,7.3,7.8,12.4,12.9,17.0,7.3,,,0.4685,0.0,0.0,,,50.0154,,,,,,,,,3.6874,29.5162,49.0866,11.2821,1.3024,3.6536,13.4641,42.6584,50.0154,,16.4214,13.4641,42.6584,32.963,3032.0,Lower combined pressure
27103,,,,,,,,,Nicollet,MN,10.1,5.5,6.0,11.4,15.9,24.8,7.3,,,0.283,0.0,0.0,,,50.0154,,,,,,,,,29.2794,6.6137,12.6522,4.2963,27.2327,71.8539,13.4641,20.3091,50.0154,,25.3214,13.4641,20.3091,32.9497,3033.0,Lower combined pressure
46107,,,,,,,,,Potter,SD,9.7,7.4,8.5,12.8,13.5,19.1,7.2,,,0.3307,0.0,0.0,,,50.0154,,,,,,,,,13.5487,31.3092,68.9276,16.1536,3.9073,10.3687,12.111,24.7604,50.0154,,24.0359,12.111,24.7604,32.9343,3034.0,Lower combined pressure
25021,,,,,,,5.0939,0.0442,Norfolk,MA,10.7,4.9,5.2,10.8,14.6,21.9,3.8,,,-6.1537,0.0,0.0,,,50.0154,,,,,42.7649,51.3021,,,55.8018,3.1123,4.4993,2.2835,11.4513,39.885,0.0677,12.7975,50.0154,47.0335,19.5055,0.0677,12.7975,32.9259,3035.0,Lower combined pressure
38069,,,,,,,,,Pierce,ND,10.1,7.5,8.0,13.1,13.4,20.2,7.0,,,0.2802,0.0,0.0,,,50.0154,,,,,,,,,29.2794,33.1698,55.0744,20.1116,3.3322,20.1116,9.5399,20.1855,50.0154,,26.8465,9.5399,20.1855,32.9184,3036.0,Lower combined pressure
06095,,,,,,,6.3911,0.0346,Solano,CA,10.1,5.3,5.8,13.2,16.6,19.4,9.1,,,-19.5764,0.0,0.0,,,50.0154,,,,,60.0775,3.5156,,,29.2794,5.1421,10.2165,21.634,38.7855,12.5677,40.1218,10.0464,50.0154,31.7966,19.6042,40.1218,10.0464,32.8716,3037.0,Lower combined pressure
19105,,,,,,,,,Jones,IA,9.8,7.7,7.4,13.4,16.0,19.8,6.9,,,0.2804,0.0,0.0,,,50.0154,,,,,,,,,16.6272,36.9249,38.6671,24.6786,28.8058,16.1536,8.4743,20.2473,50.0154,,26.9762,8.4743,20.2473,32.8278,3038.0,Lower combined pressure
39159,,,,,,,,,Union,OH,10.4,5.7,5.2,11.4,16.1,24.2,6.3,,,0.3496,0.0,0.0,,,50.0154,,,,,,,,,42.6928,8.4574,4.4993,4.2963,30.4635,65.6461,4.1779,26.8315,50.0154,,26.0092,4.1779,26.8315,32.8105,3039.0,Lower combined pressure
31115,,,,,,,,,Loup,NE,8.8,7.8,8.7,12.7,12.2,15.9,7.0,,,0.3923,0.0,0.0,,,50.0154,,,,,,,,,1.3363,38.887,74.002,14.8681,0.2368,1.2517,9.5399,32.0247,50.0154,,21.7636,9.5399,32.0247,32.8027,3040.0,Lower combined pressure
19077,,,,,,,,,Guthrie,IA,9.8,7.6,7.7,13.3,15.2,19.2,6.4,,,0.3691,0.0,0.0,,,50.0154,,,,,,,,,16.6272,35.0812,46.431,23.0886,16.8978,10.9777,4.8376,28.9954,50.0154,,24.8506,4.8376,28.9954,32.8008,3041.0,Lower combined pressure
33001,,,,,,,5.2883,0.0379,Belknap,NH,10.3,7.5,7.0,12.9,15.1,23.1,6.6,,,0.3428,0.0,0.0,,,50.0154,,,,,45.2196,8.724,,,38.0751,33.1698,29.161,17.3714,15.8999,53.9073,6.1401,26.1824,50.0154,26.9718,31.2641,6.1401,26.1824,32.7958,3042.0,Lower combined pressure
51127,,,,,,,,,New Kent,VA,10.6,6.1,6.1,12.5,15.8,22.5,7.2,,,0.1792,0.0,0.0,,,50.0154,,,,,,,,,51.2686,12.7199,13.9378,12.4662,25.3214,46.3464,12.111,15.9815,50.0154,,27.01,12.111,15.9815,32.7552,3043.0,Lower combined pressure
08079,,,,,,,,,Mineral,CO,10.7,6.9,7.3,12.6,13.8,21.5,6.9,,,0.1935,0.0,0.0,,,50.0154,,,,,,,,,55.8018,22.7165,36.3329,13.7009,5.7003,35.318,8.4743,16.3833,50.0154,,28.2617,8.4743,16.3833,32.7411,3044.0,Lower combined pressure
34019,,,,,,,7.1637,0.0428,Hunterdon,NJ,8.8,4.9,5.8,11.2,13.3,16.5,6.6,,,0.2769,0.0,0.0,,,50.0154,,,,,76.7442,36.3281,,,1.3363,3.1123,10.2165,3.4844,2.7402,2.182,6.1401,19.8764,50.0154,56.5362,3.8453,6.1401,19.8764,32.7016,3045.0,Lower combined pressure
38019,,,,,,,,,Cavalier,ND,9.7,7.2,8.5,12.6,12.4,19.0,6.6,,,0.4016,0.0,0.0,,,50.0154,,,,,,,,,13.5487,27.6894,68.9276,13.7009,0.4567,9.8275,6.1401,33.0757,50.0154,,22.3585,6.1401,33.0757,32.6878,3046.0,Lower combined pressure
46057,,,,,,,,,Hamlin,SD,9.9,6.1,6.2,11.9,15.2,20.1,9.1,,,0.2006,0.0,0.0,,,50.0154,,,,,,,,,20.5514,12.7199,15.3248,7.2395,16.8978,18.9107,40.1218,16.6924,50.0154,,15.274,40.1218,16.6924,32.6727,3047.0,Lower combined pressure
44005,,,,,,,,,Newport,RI,10.6,6.3,6.9,11.6,13.9,22.4,5.4,,,0.3891,0.0,0.0,,,50.0154,,,,,,,,,51.2686,14.6651,27.2666,5.1083,6.2585,45.1455,0.9811,31.5301,50.0154,,24.9521,0.9811,31.5301,32.6583,3048.0,Lower combined pressure
02195,,,,,,,,,Petersburg,AK,9.8,6.8,7.1,13.1,14.4,18.2,9.8,,,-999.0,0.0,0.0,,,50.0154,,,,,,,,,16.6272,21.0927,31.4276,20.1116,9.6583,7.0196,48.7483,1.9629,50.0154,,17.6562,48.7483,1.9629,32.6531,3049.0,Lower combined pressure
36101,,,,,,,1.1481,0.0387,Steuben,NY,11.0,8.3,7.5,14.4,16.4,21.7,5.9,,,0.3765,0.0,0.0,,,50.0154,,,,,12.5323,11.0677,,,68.9953,48.6637,41.0859,42.1685,35.4533,37.7368,2.5203,30.1391,50.0154,11.8,45.6839,2.5203,30.1391,32.6415,3050.0,Lower combined pressure
36103,,,,,,,5.7598,0.0439,Suffolk,NY,10.2,5.4,5.7,11.9,14.4,16.0,7.2,,,-7.5216,0.0,0.0,,,50.0154,,,,,50.646,48.3073,,,33.4405,5.7341,9.1171,7.2395,9.6583,1.387,12.111,12.4575,50.0154,49.4766,11.0961,12.111,12.4575,32.6046,3051.0,Lower combined pressure
31023,,,,,,,,,Butler,NE,9.2,7.0,7.1,12.3,13.5,16.3,8.8,,,0.3479,0.0,0.0,,,50.0154,,,,,,,,,5.1421,24.3065,31.4276,10.2842,3.9073,1.8099,35.8085,26.6461,50.0154,,12.8129,35.8085,26.6461,32.6044,3052.0,Lower combined pressure
31073,,,,,,,,,Gosper,NE,9.0,7.2,8.0,12.6,12.8,16.4,8.0,,,0.3654,0.0,0.0,,,50.0154,,,,,,,,,2.7064,27.6894,55.0744,13.7009,1.0487,1.979,23.1225,28.5626,50.0154,,17.0332,23.1225,28.5626,32.5752,3053.0,Lower combined pressure
27049,,,,,,,,0.0418,Goodhue,MN,10.0,6.4,6.9,12.6,15.3,23.1,7.7,,,0.2851,0.0,0.0,,,50.0154,,,,,,28.776,,,24.8816,15.9168,27.2666,13.7009,18.0819,53.9073,18.7754,20.4637,50.0154,28.776,25.6258,18.7754,20.4637,32.529,3054.0,Lower combined pressure
13073,,,,,,,,0.0414,Columbia,GA,9.6,5.5,5.4,12.4,16.1,19.4,10.1,,,0.3273,0.0,0.0,,,50.0154,,,,,,26.1719,,,11.4344,6.6137,6.0386,11.2821,30.4635,12.5677,52.3512,24.4513,50.0154,26.1719,13.0666,52.3512,24.4513,32.4945,3055.0,Lower combined pressure
16081,,,,,,,,,Teton,ID,10.0,5.4,5.3,11.9,14.1,20.7,9.6,,,0.109,0.0,0.0,,,50.0154,,,,,,,,,24.8816,5.7341,5.1759,7.2395,7.3917,26.4208,46.6509,14.5286,50.0154,,12.8073,46.6509,14.5286,32.4325,3056.0,Lower combined pressure
36111,,,,,,,,,Ulster,NY,10.4,6.9,6.8,13.3,15.2,19.4,6.5,,,0.3596,0.0,0.0,,,50.0154,,,,,,,,,42.6928,22.7165,25.406,23.0886,16.8978,12.5677,5.4635,27.8207,50.0154,,23.8949,5.4635,27.8207,32.409,3057.0,Lower combined pressure
55015,,,,,,,,,Calumet,WI,10.7,5.9,6.1,12.2,15.1,23.4,7.0,,,0.1579,0.0,0.0,,,50.0154,,,,,,,,,55.8018,10.4364,13.9378,9.4384,15.8999,57.4256,9.5399,15.4869,50.0154,,27.1566,9.5399,15.4869,32.3953,3058.0,Lower combined pressure
36083,,,,,,,,,Rensselaer,NY,10.9,6.5,6.0,12.6,16.0,20.0,5.7,,,0.3471,0.0,0.0,,,50.0154,,,,,,,,,64.4621,17.1685,12.6522,13.7009,28.8058,17.8281,1.6407,26.5842,50.0154,,25.7696,1.6407,26.5842,32.3594,3059.0,Lower combined pressure
38009,,,,,,,,,Bottineau,ND,10.0,7.3,8.0,12.6,13.0,19.2,6.7,,,0.3672,0.0,0.0,,,50.0154,,,,,,,,,24.8816,29.5162,55.0744,13.7009,1.59,10.9777,6.8843,28.7172,50.0154,,22.6235,6.8843,28.7172,32.2942,3060.0,Lower combined pressure
55093,,,,,,,,,Pierce,WI,10.7,5.8,5.9,12.0,15.8,23.5,6.7,,,0.1204,0.0,0.0,,,50.0154,,,,,,,,,55.8018,9.3369,11.3498,7.933,25.3214,58.6265,6.8843,14.7141,50.0154,,28.0616,6.8843,14.7141,32.2398,3061.0,Lower combined pressure
19031,,,,,,,,,Cedar,IA,10.0,7.4,7.2,13.2,15.9,20.7,6.5,,,0.2115,0.0,0.0,,,50.0154,,,,,,,,,24.8816,31.3092,33.8464,21.634,27.2327,26.4208,5.4635,16.9706,50.0154,,27.5541,5.4635,16.9706,32.1821,3062.0,Lower combined pressure
19163,,,,,,,2.899,0.0413,Scott,IA,10.5,6.7,6.3,12.6,16.2,20.5,6.9,,,0.4182,0.0,0.0,,,50.0154,,,,,25.969,25.0,,,46.9046,19.6719,16.6272,13.7009,32.1719,24.1543,8.4743,35.3941,50.0154,25.4845,25.5385,8.4743,35.3941,32.1472,3063.0,Lower combined pressure
09130,,,,,,,,,Lower Connecticut River Valley,CT,10.7,5.6,6.1,11.7,14.6,22.4,6.4,,,0.3594,0.0,0.0,,,50.0154,,,,,,,,,55.8018,7.5947,13.9378,5.7679,11.4513,45.1455,4.8376,27.7589,50.0154,,23.2832,4.8376,27.7589,32.1134,3064.0,Lower combined pressure
06079,,,,,,,4.9787,0.041,San Luis Obispo,CA,9.9,5.8,6.4,13.0,16.7,22.8,7.5,,,-28.6224,0.0,0.0,,,50.0154,,,,,41.3437,23.0469,,,20.5514,9.3369,17.8958,18.5724,40.8153,50.406,16.3058,8.5317,50.0154,32.1953,26.263,16.3058,8.5317,32.1029,3065.0,Lower combined pressure
19099,,,,,,,,,Jasper,IA,10.0,7.6,7.1,13.4,16.5,20.4,7.2,,,-99.5476,0.0,0.0,,,50.0154,,,,,,,,,24.8816,35.0812,31.4276,24.6786,37.0095,22.6658,12.111,5.3787,50.0154,,29.2907,12.111,5.3787,32.1017,3066.0,Lower combined pressure
25001,,,,,,,0.2419,0.0423,Barnstable,MA,11.5,7.3,8.0,13.4,13.8,22.5,3.6,,,0.3093,0.0,0.0,,,50.0154,,,,,3.876,32.1615,,,86.316,29.5162,55.0744,24.6786,5.7003,46.3464,0.0338,22.6893,50.0154,18.0187,41.272,0.0338,22.6893,32.0996,3067.0,Lower combined pressure
36059,,,,,,,6.2482,,Nassau,NY,9.6,4.8,5.4,11.2,13.2,13.4,6.0,,,-6.7639,0.0,0.0,,,50.0154,,,,,57.7519,,,,11.4344,2.6387,6.0386,3.4844,2.3512,0.1353,2.9263,12.6121,50.0154,57.7519,4.3471,2.9263,12.6121,32.0832,3068.0,Lower combined pressure
38031,,,,,,,,,Foster,ND,10.0,7.2,7.8,12.7,13.1,19.8,6.6,,,0.3625,0.0,0.0,,,50.0154,,,,,,,,,24.8816,27.6894,49.0866,14.8681,1.9621,16.1536,6.1401,28.1917,50.0154,,22.4402,6.1401,28.1917,32.0638,3069.0,Lower combined pressure
38077,,,,,,,,,Richland,ND,10.0,6.6,7.0,12.1,14.3,21.6,7.1,,,0.3495,0.0,0.0,,,50.0154,,,,,,,,,24.8816,18.4202,29.161,8.6096,8.7111,36.502,10.8424,26.8006,50.0154,,21.0476,10.8424,26.8006,32.0411,3070.0,Lower combined pressure
36085,,,,,,,6.628,0.0406,Richmond,NY,10.2,6.0,5.8,12.8,14.6,15.3,7.6,,,-23.5909,0.0,0.0,,,50.0154,,,,,66.4083,20.4427,,,33.4405,11.6373,10.2165,16.1536,11.4513,0.6935,17.5237,9.3045,50.0154,43.4255,13.9321,17.5237,9.3045,32.0268,3071.0,Lower combined pressure
27031,,,,,,,4.1999,,Cook,MN,9.8,6.6,8.1,12.4,13.2,22.4,6.3,,,0.1982,0.0,0.0,,,50.0154,,,,,34.4961,,,,16.6272,18.4202,57.747,11.2821,2.3512,45.1455,4.1779,16.5997,50.0154,34.4961,25.2622,4.1779,16.5997,32.022,3072.0,Lower combined pressure
31117,,,,,,,,,McPherson,NE,9.2,8.2,9.2,13.3,12.7,16.7,6.9,,,0.0943,0.0,0.0,,,50.0154,,,,,,,,,5.1421,46.8539,83.2544,23.0886,0.8627,2.8248,8.4743,14.1267,50.0154,,27.0044,8.4743,14.1267,32.0211,3073.0,Lower combined pressure
44001,,,,,,,,,Bristol,RI,10.7,5.9,6.0,11.3,14.5,23.4,5.0,,,0.3411,0.0,0.0,,,50.0154,,,,,,,,,55.8018,10.4364,12.6522,3.8904,10.5886,57.4256,0.5751,25.9351,50.0154,,25.1325,0.5751,25.9351,31.9184,3074.0,Lower combined pressure
19017,,,,,,,,0.0437,Bremer,IA,9.6,6.3,6.4,11.7,15.4,19.5,5.8,,,0.2054,0.0,0.0,,,50.0154,,,,,,46.224,,,11.4344,14.6651,17.8958,5.7679,19.2828,13.3965,2.0298,16.8161,50.0154,46.224,13.7404,2.0298,16.8161,31.8803,3075.0,Lower combined pressure
49017,,,,,,,0.1386,,Garfield,UT,10.6,6.6,7.3,13.9,15.4,24.7,9.0,,,0.3902,0.0,0.0,,,50.0154,,,,,0.9044,,,,51.2686,18.4202,36.3329,33.2206,19.2828,70.6867,38.7348,31.7156,50.0154,0.9044,38.202,38.7348,31.7156,31.8263,3076.0,Lower combined pressure
24035,,,,,,,,,Queen Anne's,MD,9.9,6.8,6.7,12.4,14.9,22.4,6.7,,,0.3356,0.0,0.0,,,50.0154,,,,,,,,,20.5514,21.0927,23.3593,11.2821,14.1238,45.1455,6.8843,25.1932,50.0154,,22.5925,6.8843,25.1932,31.814,3077.0,Lower combined pressure
36051,,,,,,,,,Livingston,NY,11.0,7.1,6.6,13.0,16.3,20.8,5.7,,,-110.7327,0.0,0.0,,,50.0154,,,,,,,,,68.9953,25.9303,21.4141,18.5724,33.8802,27.4696,1.6407,5.1005,50.0154,,32.7103,1.6407,5.1005,31.8084,3078.0,Lower combined pressure
02230,,,,,,,,,Skagway,AK,10.0,6.3,6.1,12.8,14.5,19.4,9.7,,,-999.0,0.0,0.0,,,50.0154,,,,,,,,,24.8816,14.6651,13.9378,16.1536,10.5886,12.5677,47.7165,1.9629,50.0154,,15.4657,47.7165,1.9629,31.7853,3079.0,Lower combined pressure
28121,,,,,,,,,Rankin,MS,9.1,6.4,6.0,12.4,15.5,19.3,8.9,,,0.2621,0.0,0.0,,,50.0154,,,,,,,,,3.6874,15.9168,12.6522,11.2821,20.6867,11.7388,37.297,19.0108,50.0154,,12.6607,37.297,19.0108,31.7341,3080.0,Lower combined pressure
27079,,,,,,,,,Le Sueur,MN,9.8,5.8,6.5,11.9,14.8,23.5,7.7,,,0.2085,0.0,0.0,,,50.0154,,,,,,,,,16.6272,9.3369,19.5873,7.2395,13.3119,58.6265,18.7754,16.9088,50.0154,,20.7882,18.7754,16.9088,31.6935,3081.0,Lower combined pressure
27137,,,,,,,2.3831,0.0386,St. Louis,MN,10.5,6.5,7.0,12.8,16.5,25.0,6.8,,,0.35,0.0,0.0,,,50.0154,,,,,21.8346,10.2865,,,46.9046,17.1685,29.161,16.1536,37.0095,74.205,7.6286,26.8624,50.0154,16.0605,36.767,7.6286,26.8624,31.6606,3082.0,Lower combined pressure
56029,,,,,,,0.726,,Park,WY,9.8,7.3,7.4,13.2,14.2,20.9,10.0,,,0.402,0.0,0.0,,,50.0154,,,,,9.1731,,,,16.6272,29.5162,38.6671,21.634,8.0176,28.5521,50.8796,33.1376,50.0154,9.1731,23.8357,50.8796,33.1376,31.6585,3083.0,Lower combined pressure
36069,,,,,,,,,Ontario,NY,10.6,6.8,6.8,12.8,15.2,20.3,5.4,,,0.3127,0.0,0.0,,,50.0154,,,,,,,,,51.2686,21.0927,25.406,16.1536,16.8978,21.2957,0.9811,22.9985,50.0154,,25.3524,0.9811,22.9985,31.6542,3084.0,Lower combined pressure
19095,,,,,,,,,Iowa,IA,9.9,7.3,7.1,13.0,15.9,20.2,6.6,,,0.2764,0.0,0.0,,,50.0154,,,,,,,,,20.5514,29.5162,31.4276,18.5724,27.2327,20.1116,6.1401,19.7218,50.0154,,24.5687,6.1401,19.7218,31.644,3085.0,Lower combined pressure
27157,,,,,,,,,Wabasha,MN,9.9,6.5,7.4,12.4,14.5,22.4,7.0,,,0.2358,0.0,0.0,,,50.0154,,,,,,,,,20.5514,17.1685,38.6671,11.2821,10.5886,45.1455,9.5399,17.7125,50.0154,,23.9005,9.5399,17.7125,31.6067,3086.0,Lower combined pressure
41051,,,,,,,1.3971,0.0339,Multnomah,OR,11.7,5.3,5.2,12.3,18.1,29.9,7.5,,,-4.4968,0.0,0.0,,,50.0154,,,,,14.4703,2.7344,,,90.3586,5.1421,4.4993,10.2842,68.7415,96.9384,16.3058,13.1066,50.0154,8.6023,45.994,16.3058,13.1066,31.595,3087.0,Lower combined pressure
06051,,,,,,,1.2323,,Mono,CA,9.9,6.0,6.3,13.5,16.9,22.8,8.2,,,0.4223,0.0,0.0,,,50.0154,,,,,13.0491,,,,20.5514,11.6373,16.6272,26.6407,44.5704,50.406,26.3024,35.7342,50.0154,13.0491,28.4055,26.3024,35.7342,31.5719,3088.0,Lower combined pressure
51085,,,,,,,,0.0429,Hanover,VA,10.1,6.1,6.1,12.4,15.0,21.7,6.6,,,0.2456,0.0,0.0,,,50.0154,,,,,,36.4583,,,29.2794,12.7199,13.9378,11.2821,14.9865,37.7368,6.1401,18.2071,50.0154,36.4583,19.9904,6.1401,18.2071,31.5515,3089.0,Lower combined pressure
38081,,,,,,,,,Sargent,ND,9.7,7.0,7.7,12.8,13.4,19.5,7.5,,,0.2948,0.0,0.0,,,50.0154,,,,,,,,,13.5487,24.3065,46.431,16.1536,3.3322,13.3965,16.3058,21.2365,50.0154,,19.5281,16.3058,21.2365,31.5212,3090.0,Lower combined pressure
46079,,,,,,,,,Lake,SD,9.7,6.8,7.5,12.1,13.6,19.4,7.7,,,0.3359,0.0,0.0,,,50.0154,,,,,,,,,13.5487,21.0927,41.0859,8.6096,4.3978,12.5677,18.7754,25.2859,50.0154,,16.8837,18.7754,25.2859,31.5089,3091.0,Lower combined pressure
17147,,,,,,,,,Piatt,IL,10.0,6.9,6.6,12.4,15.5,21.7,6.2,,,0.3293,0.0,0.0,,,50.0154,,,,,,,,,24.8816,22.7165,21.4141,11.2821,20.6867,37.7368,3.5859,24.6368,50.0154,,23.1196,3.5859,24.6368,31.4757,3092.0,Lower combined pressure
06059,,,,,,,3.323,0.0432,Orange,CA,9.0,4.7,5.5,12.5,16.0,19.0,8.9,,,-1.1266,0.0,0.0,,,50.0154,,,,,28.2946,41.4062,,,2.7064,2.2666,6.9858,12.4662,28.8058,9.8275,37.297,13.7249,50.0154,34.8504,10.5097,37.297,13.7249,31.4468,3093.0,Lower combined pressure
37135,,,,,,,,,Orange,NC,10.2,5.0,5.2,10.0,15.3,24.4,7.5,,,0.1802,0.0,0.0,,,50.0154,,,,,,,,,33.4405,3.6874,4.4993,0.6935,18.0819,67.5406,16.3058,16.0124,50.0154,,21.3239,16.3058,16.0124,31.4232,3094.0,Lower combined pressure
23005,,,,,,,2.2496,0.0377,Cumberland,ME,11.8,6.1,6.0,12.0,16.7,25.6,6.4,,,0.2972,0.0,0.0,,,50.0154,,,,,20.2842,7.4219,,,91.8133,12.7199,12.6522,7.933,40.8153,79.9222,4.8376,21.5147,50.0154,13.8531,40.976,4.8376,21.5147,31.3471,3095.0,Lower combined pressure
20121,,,,,,,,,Miami,KS,9.8,6.7,6.5,12.0,15.6,20.9,7.7,,,0.2518,0.0,0.0,,,50.0154,,,,,,,,,16.6272,19.6719,19.5873,7.933,22.0737,28.5521,18.7754,18.5471,50.0154,,19.0742,18.7754,18.5471,31.3406,3096.0,Lower combined pressure
27055,,,,,,,,,Houston,MN,10.0,6.4,7.2,12.5,14.2,22.6,6.8,,,0.2283,0.0,0.0,,,50.0154,,,,,,,,,24.8816,15.9168,33.8464,12.4662,8.0176,47.7165,7.6286,17.527,50.0154,,23.8075,7.6286,17.527,31.2961,3097.0,Lower combined pressure
19149,,,,,,,,,Plymouth,IA,9.7,6.8,6.8,12.4,15.5,18.9,7.0,,,0.397,0.0,0.0,,,50.0154,,,,,,,,,13.5487,21.0927,25.406,11.2821,20.6867,9.2862,9.5399,32.5811,50.0154,,16.8837,9.5399,32.5811,31.2502,3098.0,Lower combined pressure
31183,,,,,,,,,Wheeler,NE,8.8,7.6,8.5,12.6,11.8,15.8,7.5,,,0.2195,0.0,0.0,,,50.0154,,,,,,,,,1.3363,35.0812,68.9276,13.7009,0.0677,1.1164,16.3058,17.2798,50.0154,,20.0383,16.3058,17.2798,31.1637,3099.0,Lower combined pressure
08107,,,,,,,,,Routt,CO,10.6,5.4,5.5,11.5,14.8,21.8,7.5,,,0.2079,0.0,0.0,,,50.0154,,,,,,,,,51.2686,5.7341,6.9858,4.7023,13.3119,38.8363,16.3058,16.8779,50.0154,,20.1398,16.3058,16.8779,31.1439,3100.0,Lower combined pressure
36027,,,,,,,,0.0434,Dutchess,NY,10.4,5.9,6.0,11.9,14.8,18.9,6.5,,,-24.0299,0.0,0.0,,,50.0154,,,,,,42.5781,,,42.6928,10.4364,12.6522,7.2395,13.3119,9.2862,5.4635,9.1499,50.0154,42.5781,15.9365,5.4635,9.1499,31.0946,3101.0,Lower combined pressure
31019,,,,,,,,,Buffalo,NE,9.2,5.8,5.9,11.6,14.7,18.1,9.2,,,0.2775,0.0,0.0,,,50.0154,,,,,,,,,5.1421,9.3369,11.3498,5.1083,12.3647,6.7321,41.475,19.9691,50.0154,,8.339,41.475,19.9691,30.9784,3102.0,Lower combined pressure
31005,,,,,,,,,Arthur,NE,9.3,7.5,8.0,12.6,13.7,17.5,7.3,,,0.2712,0.0,0.0,,,50.0154,,,,,,,,,6.6475,33.1698,55.0744,13.7009,5.0406,4.8545,13.4641,19.4436,50.0154,,19.748,13.4641,19.4436,30.9765,3103.0,Lower combined pressure
17203,,,,,,,,,Woodford,IL,10.1,6.8,6.4,12.3,15.8,22.0,6.1,,,0.2492,0.0,0.0,,,50.0154,,,,,,,,,29.2794,21.0927,17.8958,10.2842,25.3214,41.0183,3.1969,18.3926,50.0154,,24.1486,3.1969,18.3926,30.9343,3104.0,Lower combined pressure
38035,,,,,,,,,Grand Forks,ND,10.4,5.3,5.4,11.0,15.3,23.0,7.1,,,0.2401,0.0,0.0,,,50.0154,,,,,,,,,42.6928,5.1421,6.0386,2.8417,18.0819,52.8417,10.8424,17.898,50.0154,,21.2731,10.8424,17.898,30.9293,3105.0,Lower combined pressure
02016,,,,,,,,,Aleutians West,AK,7.8,4.3,4.5,11.4,13.2,13.3,13.0,,,-999.0,0.0,0.0,,,50.0154,,,,,,,,,0.0507,0.9811,0.8796,4.2963,2.3512,0.1015,76.2686,1.9629,50.0154,,1.4434,76.2686,1.9629,30.9182,3106.0,Lower combined pressure
01117,,,,,,,,0.0435,Shelby,AL,9.3,5.5,5.7,11.3,14.6,21.6,7.1,,,-36.0198,0.0,0.0,,,50.0154,,,,,,43.75,,,6.6475,6.6137,9.1171,3.8904,11.4513,36.502,10.8424,7.8825,50.0154,43.75,12.3703,10.8424,7.8825,30.9072,3107.0,Lower combined pressure
13089,,,,,,,2.0434,0.0395,DeKalb,GA,10.4,5.2,5.1,11.9,15.8,16.9,11.9,,,-9.3685,0.0,0.0,,,50.0154,,,,,18.6047,14.974,,,42.6928,4.5839,3.8735,7.2395,25.3214,3.3153,68.8092,11.9629,50.0154,16.7893,14.5044,68.8092,11.9629,30.9053,3108.0,Lower combined pressure
31071,,,,,,,,,Garfield,NE,9.0,7.5,8.4,12.5,12.5,16.2,7.2,,,0.2923,0.0,0.0,,,50.0154,,,,,,,,,2.7064,33.1698,66.0521,12.4662,0.592,1.6746,12.111,21.0201,50.0154,,19.4435,12.111,21.0201,30.9048,3109.0,Lower combined pressure
36119,,,,,,,5.869,0.0436,Westchester,NY,9.3,4.9,5.6,11.2,13.3,15.5,7.5,,,-20.2452,0.0,0.0,,,50.0154,,,,,52.0672,45.3125,,,6.6475,3.1123,8.0176,3.4844,2.7402,0.8457,16.3058,9.9227,50.0154,48.6898,4.1413,16.3058,9.9227,30.8353,3110.0,Lower combined pressure
19019,,,,,,,,,Buchanan,IA,10.0,7.0,6.7,12.7,15.9,20.2,6.4,,,0.2774,0.0,0.0,,,50.0154,,,,,,,,,24.8816,24.3065,23.3593,14.8681,27.2327,20.1116,4.8376,19.9382,50.0154,,22.46,4.8376,19.9382,30.7963,3111.0,Lower combined pressure
27025,,,,,,,,,Chisago,MN,10.0,5.7,6.2,11.8,15.2,24.1,7.0,,,0.082,0.0,0.0,,,50.0154,,,,,,,,,24.8816,8.4574,15.3248,6.5122,16.8978,64.5636,9.5399,14.0031,50.0154,,22.7729,9.5399,14.0031,30.7362,3112.0,Lower combined pressure
49029,,,,,,,,,Morgan,UT,10.5,4.4,4.7,11.0,15.6,24.7,6.5,,,0.1036,0.0,0.0,,,50.0154,,,,,,,,,46.9046,1.2348,1.387,2.8417,22.0737,70.6867,5.4635,14.374,50.0154,,24.1881,5.4635,14.374,30.7139,3113.0,Lower combined pressure
51095,,,,,,,,,James City,VA,10.3,6.2,7.1,12.4,13.9,21.4,6.5,,,0.2524,0.0,0.0,,,50.0154,,,,,,,,,38.0751,13.6502,31.4276,11.2821,6.2585,34.3369,5.4635,18.5781,50.0154,,22.5051,5.4635,18.5781,30.7134,3114.0,Lower combined pressure
06097,,,,,,,3.4036,0.0324,Sonoma,CA,9.8,5.8,6.4,13.1,15.8,22.9,8.4,,,0.3748,0.0,0.0,,,50.0154,,,,,29.3282,1.9531,,,16.6272,9.3369,17.8958,20.1116,25.3214,51.7253,29.4147,29.7991,50.0154,15.6406,23.503,29.4147,29.7991,30.7119,3115.0,Lower combined pressure
55131,,,,,,,,,Washington,WI,10.5,5.9,6.5,12.0,14.6,22.3,6.2,,,0.2426,0.0,0.0,,,50.0154,,,,,,,,,46.9046,10.4364,19.5873,7.933,11.4513,44.1137,3.5859,18.0526,50.0154,,23.4044,3.5859,18.0526,30.6928,3116.0,Lower combined pressure
19167,,,,,,,,,Sioux,IA,9.6,6.0,5.9,11.8,15.9,20.3,7.9,,,0.2945,0.0,0.0,,,50.0154,,,,,,,,,11.4344,11.6373,11.3498,6.5122,27.2327,21.2957,21.6171,21.1747,50.0154,,14.9104,21.6171,21.1747,30.6818,3117.0,Lower combined pressure
33009,,,,,,,4.6793,0.0366,Grafton,NH,10.4,6.4,6.4,11.5,15.0,23.7,6.7,,,0.369,0.0,0.0,,,50.0154,,,,,38.6305,5.4688,,,42.6928,15.9168,17.8958,4.7023,14.9865,60.8762,6.8843,28.9335,50.0154,22.0496,26.1784,6.8843,28.9335,30.6434,3118.0,Lower combined pressure
46087,,,,,,,,,McCook,SD,9.7,6.4,6.7,12.0,14.2,20.5,7.9,,,0.2709,0.0,0.0,,,50.0154,,,,,,,,,13.5487,15.9168,23.3593,7.933,8.0176,24.1543,21.6171,19.3818,50.0154,,15.4883,21.6171,19.3818,30.6354,3119.0,Lower combined pressure
31167,,,,,,,,,Stanton,NE,9.1,6.8,7.1,12.3,13.3,16.4,8.7,,,0.1458,0.0,0.0,,,50.0154,,,,,,,,,3.6874,21.0927,31.4276,10.2842,2.7402,1.979,34.2524,15.2705,50.0154,,11.8685,34.2524,15.2705,30.5654,3120.0,Lower combined pressure
46059,,,,,,,,,Hand,SD,9.7,7.0,7.9,12.3,13.6,19.6,7.1,,,0.2555,0.0,0.0,,,50.0154,,,,,,,,,13.5487,24.3065,52.1313,10.2842,4.3978,14.2422,10.8424,18.6708,50.0154,,19.8184,10.8424,18.6708,30.5474,3121.0,Lower combined pressure
38089,,,,,,,,,Stark,ND,9.8,6.0,6.0,11.7,14.6,19.7,8.5,,,0.225,0.0,0.0,,,50.0154,,,,,,,,,16.6272,11.6373,12.6522,5.7679,11.4513,15.2064,31.0047,17.3725,50.0154,,12.2237,31.0047,17.3725,30.531,3122.0,Lower combined pressure
31179,,,,,,,,,Wayne,NE,9.2,5.8,5.8,11.1,15.5,18.2,8.9,,,0.2485,0.0,0.0,,,50.0154,,,,,,,,,5.1421,9.3369,10.2165,3.0954,20.6867,7.0196,37.297,18.3617,50.0154,,9.2495,37.297,18.3617,30.5105,3123.0,Lower combined pressure
55009,,,,,,,0.9858,0.0414,Brown,WI,10.7,6.1,6.2,12.5,15.5,23.2,8.2,,,-16.8113,0.0,0.0,,,50.0154,,,,,10.7235,25.7812,,,55.8018,12.7199,15.3248,12.4662,20.6867,55.1252,26.3024,10.3555,50.0154,18.2524,28.6874,26.3024,10.3555,30.4054,3124.0,Lower combined pressure
31045,,,,,,,,,Dawes,NE,9.4,6.3,6.5,11.7,14.7,18.2,7.8,,,0.3707,0.0,0.0,,,50.0154,,,,,,,,,8.0176,14.6651,19.5873,5.7679,12.3647,7.0196,20.2131,29.3354,50.0154,,11.237,20.2131,29.3354,30.3583,3125.0,Lower combined pressure
34005,,,,,,,,,Burlington,NJ,9.2,5.2,5.6,12.3,15.0,15.7,8.3,,,0.3862,0.0,0.0,,,50.0154,,,,,,,,,5.1421,4.5839,8.0176,10.2842,14.9865,0.9811,27.8417,31.3447,50.0154,,7.3325,27.8417,31.3447,30.3419,3126.0,Lower combined pressure
31027,,,,,,,,,Cedar,NE,9.0,6.9,7.3,11.8,13.0,15.9,7.5,,,0.3886,0.0,0.0,,,50.0154,,,,,,,,,2.7064,22.7165,36.3329,6.5122,1.59,1.2517,16.3058,31.4683,50.0154,,11.8516,16.3058,31.4683,30.3266,3127.0,Lower combined pressure
02100,,,,,,,,,Haines,AK,10.1,7.2,7.6,13.3,13.3,18.8,7.7,,,-999.0,0.0,0.0,,,50.0154,,,,,,,,,29.2794,27.6894,43.8092,23.0886,2.7402,8.8464,18.7754,1.9629,50.0154,,22.5756,18.7754,1.9629,30.2965,3128.0,Lower combined pressure
31139,,,,,,,,,Pierce,NE,9.1,6.8,7.0,12.2,13.7,17.1,7.9,,,0.3347,0.0,0.0,,,50.0154,,,,,,,,,3.6874,21.0927,29.161,9.4384,5.0406,3.9073,21.6171,25.1005,50.0154,,12.0546,21.6171,25.1005,30.2534,3129.0,Lower combined pressure
31055,,,,,,,2.8784,0.0402,Douglas,NE,8.7,5.6,5.3,11.1,14.6,18.9,10.3,,,0.3509,0.0,0.0,,,50.0154,,,,,25.7106,17.8385,,,0.9472,7.5947,5.1759,3.0954,11.4513,9.2862,54.7023,26.9861,50.0154,21.7746,6.2585,54.7023,26.9861,30.1817,3130.0,Lower combined pressure
38075,,,,,,,,,Renville,ND,9.9,6.9,7.2,12.4,13.7,19.7,7.0,,,0.2958,0.0,0.0,,,50.0154,,,,,,,,,20.5514,22.7165,33.8464,11.2821,5.0406,15.2064,9.5399,21.3601,50.0154,,18.1072,9.5399,21.3601,30.1619,3131.0,Lower combined pressure
02150,,,,,,,,,Kodiak Island,AK,9.3,5.5,5.4,12.1,14.5,17.2,10.5,,,-999.0,0.0,0.0,,,50.0154,,,,,,,,,6.6475,6.6137,6.0386,8.6096,10.5886,4.1272,56.2585,1.9629,50.0154,,7.1042,56.2585,1.9629,30.1371,3132.0,Lower combined pressure
55025,,,,,,,1.9575,0.0446,Dane,WI,9.9,4.4,4.8,10.4,14.8,24.3,6.6,,,-23.7491,0.0,0.0,,,50.0154,,,,,18.0879,55.4688,,,20.5514,1.2348,1.8775,1.2348,13.3119,66.6441,6.1401,9.2736,50.0154,36.7783,17.4758,6.1401,9.2736,30.1095,3133.0,Lower combined pressure
27039,,,,,,,,,Dodge,MN,9.9,5.1,5.7,11.2,15.2,24.1,7.1,,,0.1549,0.0,0.0,,,50.0154,,,,,,,,,20.5514,4.0934,9.1171,3.4844,16.8978,64.5636,10.8424,15.456,50.0154,,19.7846,10.8424,15.456,30.1075,3134.0,Lower combined pressure
02170,,,,,,,0.7091,,Matanuska-Susitna,AK,10.7,6.7,6.0,13.6,16.2,21.9,9.7,,,-999.0,0.0,0.0,,,50.0154,,,,,9.0439,,,,55.8018,19.6719,12.6522,28.366,32.1719,39.885,47.7165,1.9629,50.0154,9.0439,31.4248,47.7165,1.9629,30.0897,3135.0,Lower combined pressure
33013,,,,,,,,0.0404,Merrimack,NH,11.0,6.4,5.9,11.7,15.5,23.6,6.7,,,0.278,0.0,0.0,,,50.0154,,,,,,19.0104,,,68.9953,15.9168,11.3498,5.7679,20.6867,59.726,6.8843,20.0618,50.0154,19.0104,30.4071,6.8843,20.0618,30.0536,3136.0,Lower combined pressure
27141,,,,,,,,,Sherburne,MN,9.8,4.9,5.0,11.0,16.0,24.1,7.1,,,0.098,0.0,0.0,,,50.0154,,,,,,,,,16.6272,3.1123,3.1461,2.8417,28.8058,64.5636,10.8424,14.2504,50.0154,,19.8495,10.8424,14.2504,29.9684,3137.0,Lower combined pressure
02063,,,,,,,,,Chugach,AK,10.0,6.3,6.2,12.9,14.3,18.4,8.8,,,-999.0,0.0,0.0,,,50.0154,,,,,,,,,24.8816,14.6651,15.3248,17.3714,8.7111,7.5271,35.8085,1.9629,50.0154,,14.7468,35.8085,1.9629,29.958,3138.0,Lower combined pressure
19011,,,,,,,,,Benton,IA,9.8,7.1,7.0,12.8,15.6,20.0,6.1,,,0.2453,0.0,0.0,,,50.0154,,,,,,,,,16.6272,25.9303,29.161,16.1536,22.0737,17.8281,3.1969,18.1762,50.0154,,21.2957,3.1969,18.1762,29.9545,3139.0,Lower combined pressure
50025,,,,,,,0.1949,,Windham,VT,10.8,7.5,7.1,13.3,15.7,26.1,6.3,,,0.393,0.0,0.0,,,50.0154,,,,,2.7132,,,,60.2842,33.1698,31.4276,23.0886,23.41,83.9986,4.1779,32.1175,50.0154,2.7132,42.5631,4.1779,32.1175,29.9532,3140.0,Lower combined pressure
51735,,,,,,,,,Poquoson,VA,10.0,6.1,6.4,12.3,15.1,23.1,6.3,,,0.0587,0.0,0.0,,,50.0154,,,,,,,,,24.8816,12.7199,17.8958,10.2842,15.8999,53.9073,4.1779,13.7867,50.0154,,22.5981,4.1779,13.7867,29.9342,3141.0,Lower combined pressure
20149,,,,,,,,,Pottawatomie,KS,9.7,6.1,5.9,11.4,15.7,19.9,7.7,,,0.2961,0.0,0.0,,,50.0154,,,,,,,,,13.5487,12.7199,11.3498,4.2963,23.41,16.9317,18.7754,21.391,50.0154,,13.7094,18.7754,21.391,29.9315,3142.0,Lower combined pressure
08091,,,,,,,,,Ouray,CO,10.6,6.2,7.0,12.0,12.9,21.1,6.2,,,0.1226,0.0,0.0,,,50.0154,,,,,,,,,51.2686,13.6502,29.161,7.933,1.3024,31.0724,3.5859,14.745,50.0154,,22.3979,3.5859,14.745,29.9163,3143.0,Lower combined pressure
13113,,,,,,,,,Fayette,GA,9.3,5.3,6.0,11.6,13.9,17.6,9.0,,,0.2422,0.0,0.0,,,50.0154,,,,,,,,,6.6475,5.1421,12.6522,5.1083,6.2585,5.2097,38.7348,17.9907,50.0154,,6.8364,38.7348,17.9907,29.8484,3144.0,Lower combined pressure
19059,,,,,,,,,Dickinson,IA,9.7,7.5,7.9,12.6,14.1,18.5,5.6,,,0.2663,0.0,0.0,,,50.0154,,,,,,,,,13.5487,33.1698,52.1313,13.7009,7.3917,7.7808,1.387,19.1654,50.0154,,21.2872,1.387,19.1654,29.8422,3145.0,Lower combined pressure
19015,,,,,,,,,Boone,IA,9.8,6.8,6.6,12.5,15.6,20.2,6.2,,,0.3054,0.0,0.0,,,50.0154,,,,,,,,,16.6272,21.0927,21.4141,12.4662,22.0737,20.1116,3.5859,22.3802,50.0154,,18.9643,3.5859,22.3802,29.7897,3146.0,Lower combined pressure
02220,,,,,,,,,Sitka,AK,10.1,6.0,6.1,12.4,14.3,19.1,8.8,,,-999.0,0.0,0.0,,,50.0154,,,,,,,,,29.2794,11.6373,13.9378,11.2821,8.7111,10.3687,35.8085,1.9629,50.0154,,14.2028,35.8085,1.9629,29.7766,3147.0,Lower combined pressure
12109,,,,,,,,,St. Johns,FL,9.3,6.0,6.5,12.3,14.4,17.4,8.9,,,-19.7434,0.0,0.0,,,50.0154,,,,,,,,,6.6475,11.6373,19.5873,10.2842,9.6583,4.567,37.297,9.9845,50.0154,,10.3969,37.297,9.9845,29.776,3148.0,Lower combined pressure
31093,,,,,,,,,Howard,NE,9.1,7.0,7.3,12.5,13.4,16.8,7.8,,,0.2434,0.0,0.0,,,50.0154,,,,,,,,,3.6874,24.3065,36.3329,12.4662,3.3322,2.9939,20.2131,18.0835,50.0154,,13.8532,20.2131,18.0835,29.7301,3149.0,Lower combined pressure
19061,,,,,,,,,Dubuque,IA,9.9,6.8,6.5,11.9,15.7,19.5,6.4,,,0.3194,0.0,0.0,,,50.0154,,,,,,,,,20.5514,21.0927,19.5873,7.2395,23.41,13.3965,4.8376,23.6167,50.0154,,17.5462,4.8376,23.6167,29.6488,3150.0,Lower combined pressure
28089,,,,,,,,,Madison,MS,9.3,5.8,5.7,11.4,14.6,17.7,8.1,,,0.3576,0.0,0.0,,,50.0154,,,,,,,,,6.6475,9.3369,9.1171,4.2963,11.4513,5.548,24.7294,27.4807,50.0154,,7.7329,24.7294,27.4807,29.5451,3151.0,Lower combined pressure
38059,,,,,,,,,Morton,ND,10.2,5.9,6.2,11.3,14.1,21.0,7.1,,,0.2617,0.0,0.0,,,50.0154,,,,,,,,,33.4405,10.4364,15.3248,3.8904,7.3917,29.7361,10.8424,18.9181,50.0154,,16.7033,10.8424,18.9181,29.542,3152.0,Lower combined pressure
15001,,,,,,,1.7336,,Hawaii,HI,11.0,7.1,7.6,14.8,15.6,20.0,6.6,,,-999.0,0.0,0.0,,,50.0154,,,,,16.7959,,,,68.9953,25.9303,43.8092,49.2896,22.0737,17.8281,6.1401,1.9629,50.0154,16.7959,37.9877,6.1401,1.9629,29.5108,3153.0,Lower combined pressure
49051,,,,,,,4.7122,0.0405,Wasatch,UT,10.0,4.5,5.0,11.4,14.5,22.4,8.4,,,-99.801,0.0,0.0,,,50.0154,,,,,39.0181,19.2708,,,24.8816,1.5392,3.1461,4.2963,10.5886,45.1455,29.4147,5.3478,50.0154,29.1445,14.9329,29.4147,5.3478,29.5002,3154.0,Lower combined pressure
34023,,,,,,,0.9162,0.0435,Middlesex,NJ,8.4,4.4,5.1,11.0,13.8,12.7,10.8,,,-4.7354,0.0,0.0,,,50.0154,,,,,10.2067,43.3594,,,0.3214,1.2348,3.8735,2.8417,5.7003,0.0677,58.8802,13.0448,50.0154,26.783,2.3399,58.8802,13.0448,29.4779,3155.0,Lower combined pressure
46011,,,,,,,5.7064,0.0368,Brookings,SD,9.8,4.9,5.0,10.0,15.9,23.5,7.3,,,0.1772,0.0,0.0,,,50.0154,,,,,49.0956,5.7292,,,16.6272,3.1123,3.1461,0.6935,27.2327,58.6265,13.4641,15.8887,50.0154,27.4124,18.2397,13.4641,15.8887,29.3529,3156.0,Lower combined pressure
11001,,,,,,,4.1957,0.0431,District of Columbia,DC,10.2,4.0,3.8,9.2,14.1,21.6,6.5,,,-9.2658,0.0,0.0,,,50.0154,,,,,34.3669,40.3646,,,33.4405,0.3721,0.1522,0.0846,7.3917,36.502,5.4635,12.0556,50.0154,37.3658,12.9905,5.4635,12.0556,29.3456,3157.0,Lower combined pressure
34025,,,,,,,,0.043,Monmouth,NJ,8.8,5.0,5.7,10.9,13.6,14.3,7.7,,,0.2829,0.0,0.0,,,50.0154,,,,,,38.0208,,,1.3363,3.6874,9.1171,2.571,4.3978,0.4398,18.7754,20.2782,50.0154,38.0208,3.5916,18.7754,20.2782,29.3131,3158.0,Lower combined pressure
17093,,,,,,,,,Kendall,IL,9.5,4.7,4.4,10.8,15.4,19.4,8.8,,,0.1055,0.0,0.0,,,50.0154,,,,,,,,,9.6583,2.2666,0.6597,2.2835,19.2828,12.5677,35.8085,14.4668,50.0154,,7.7864,35.8085,14.4668,29.305,3159.0,Lower combined pressure
24027,,,,,,,5.585,,Howard,MD,9.1,4.0,4.8,9.5,12.4,17.7,5.7,,,0.212,0.0,0.0,,,50.0154,,,,,47.5452,,,,3.6874,0.3721,1.8775,0.1522,0.4567,5.548,1.6407,17.0015,50.0154,47.5452,2.0157,1.6407,17.0015,29.2591,3160.0,Lower combined pressure
08053,,,,,,,,,Hinsdale,CO,10.4,6.0,7.5,11.8,12.5,20.2,6.0,,,0.1463,0.0,0.0,,,50.0154,,,,,,,,,42.6928,11.6373,41.0859,6.5122,0.592,20.1116,2.9263,15.3014,50.0154,,20.4387,2.9263,15.3014,29.2494,3161.0,Lower combined pressure
55109,,,,,,,,,St. Croix,WI,10.4,5.5,5.7,11.7,14.6,22.6,6.1,,,0.0982,0.0,0.0,,,50.0154,,,,,,,,,42.6928,6.6137,9.1171,5.7679,11.4513,47.7165,3.1969,14.3122,50.0154,,20.5599,3.1969,14.3122,29.194,3162.0,Lower combined pressure
36109,,,,,,,,0.0417,Tompkins,NY,10.5,4.8,4.8,10.5,16.1,22.5,4.7,,,0.2268,0.0,0.0,,,50.0154,,,,,,27.6042,,,46.9046,2.6387,1.8775,1.5223,30.4635,46.3464,0.3552,17.4961,50.0154,27.6042,21.6255,0.3552,17.4961,29.0972,3163.0,Lower combined pressure
36001,,,,,,,2.168,0.0413,Albany,NY,10.8,5.7,5.5,11.6,15.4,21.1,5.5,,,0.3725,0.0,0.0,,,50.0154,,,,,18.9922,25.3906,,,60.2842,8.4574,6.9858,5.1083,19.2828,31.0724,1.184,29.5518,50.0154,22.1914,21.8651,1.184,29.5518,29.0923,3164.0,Lower combined pressure
51075,,,,,,,,,Goochland,VA,10.1,6.1,6.8,12.2,13.8,21.0,6.0,,,0.2445,0.0,0.0,,,50.0154,,,,,,,,,29.2794,12.7199,25.406,9.4384,5.7003,29.7361,2.9263,18.1144,50.0154,,18.7134,2.9263,18.1144,29.0494,3165.0,Lower combined pressure
25017,,,,,,,4.8559,0.0386,Middlesex,MA,11.1,4.6,4.9,10.0,14.8,23.7,4.0,,,-8.0575,0.0,0.0,,,50.0154,,,,,40.4393,10.5469,,,73.5284,1.8775,2.4865,0.6935,13.3119,60.8762,0.1353,12.3648,50.0154,25.4931,25.4623,0.1353,12.3648,28.9935,3166.0,Lower combined pressure
27075,,,,,,,0.9353,0.0379,Lake,MN,9.8,7.4,8.4,13.4,14.4,22.9,7.2,,,0.2888,0.0,0.0,,,50.0154,,,,,10.3359,8.0729,,,16.6272,31.3092,66.0521,24.6786,9.6583,51.7253,12.111,20.711,50.0154,9.2044,33.3418,12.111,20.711,28.9234,3167.0,Lower combined pressure
31099,,,,,,,,,Kearney,NE,9.0,6.2,6.7,11.4,12.8,16.8,7.8,,,0.3439,0.0,0.0,,,50.0154,,,,,,,,,2.7064,13.6502,23.3593,4.2963,1.0487,2.9939,20.2131,26.3369,50.0154,,8.0091,20.2131,26.3369,28.8826,3168.0,Lower combined pressure
26083,,,,,,,0.1822,,Keweenaw,MI,10.6,9.0,9.5,14.0,14.1,24.4,4.7,,,-499.4119,0.0,0.0,,,50.0154,,,,,1.8088,,,,51.2686,61.8572,87.8383,34.9797,7.3917,67.5406,0.3552,3.9258,50.0154,1.8088,51.8127,0.3552,3.9258,28.8381,3169.0,Lower combined pressure
19125,,,,,,,,,Marion,IA,9.6,6.4,6.5,12.0,15.7,21.0,5.9,,,0.245,0.0,0.0,,,50.0154,,,,,,,,,11.4344,15.9168,19.5873,7.933,23.41,29.7361,2.5203,18.1453,50.0154,,18.0029,2.5203,18.1453,28.7626,3170.0,Lower combined pressure
19129,,,,,,,,,Mills,IA,9.8,6.7,6.7,12.2,15.2,19.7,5.9,,,0.2911,0.0,0.0,,,50.0154,,,,,,,,,16.6272,19.6719,23.3593,9.4384,16.8978,15.2064,2.5203,20.9274,50.0154,,16.8668,2.5203,20.9274,28.7548,3171.0,Lower combined pressure
46127,,,,,,,,,Union,SD,9.6,5.9,6.4,11.2,13.8,19.9,7.6,,,0.2836,0.0,0.0,,,50.0154,,,,,,,,,11.4344,10.4364,17.8958,3.4844,5.7003,16.9317,17.5237,20.3709,50.0154,,10.9805,17.5237,20.3709,28.7189,3172.0,Lower combined pressure
34037,,,,,,,,,Sussex,NJ,9.4,5.4,5.8,11.8,14.9,18.2,8.3,,,0.1659,0.0,0.0,,,50.0154,,,,,,,,,8.0176,5.7341,10.2165,6.5122,14.1238,7.0196,27.8417,15.7032,50.0154,,8.604,27.8417,15.7032,28.6801,3173.0,Lower combined pressure
25019,,,,,,,,,Nantucket,MA,10.9,4.6,5.1,10.6,14.3,22.0,4.5,,,0.0831,0.0,0.0,,,50.0154,,,,,,,,,64.4621,1.8775,3.8735,1.7591,8.7111,41.0183,0.2368,14.034,50.0154,,20.2836,0.2368,14.034,28.6701,3174.0,Lower combined pressure
49043,,,,,,,,,Summit,UT,10.1,4.3,5.0,10.6,13.6,22.7,7.3,,,0.1091,0.0,0.0,,,50.0154,,,,,,,,,29.2794,0.9811,3.1461,1.7591,4.3978,49.0528,13.4641,14.5595,50.0154,,14.7694,13.4641,14.5595,28.6658,3175.0,Lower combined pressure
02090,,,,,,,4.7113,0.025,Fairbanks North Star,AK,10.0,4.9,4.8,11.8,15.8,20.5,9.9,,,-999.0,0.0,0.0,,,50.0154,,,,,38.8889,0.3906,,,24.8816,3.1123,1.8775,6.5122,25.3214,24.1543,49.7124,1.9629,50.0154,19.6398,14.3099,49.7124,1.9629,28.6596,3176.0,Lower combined pressure
06013,,,,,,,6.4404,0.0323,Contra Costa,CA,9.4,4.7,5.5,12.1,15.3,19.1,7.8,,,-3.7994,0.0,0.0,,,50.0154,,,,,62.2739,1.6927,,,8.0176,2.2666,6.9858,8.6096,18.0819,10.3687,20.2131,13.3849,50.0154,31.9833,9.055,20.2131,13.3849,28.624,3177.0,Lower combined pressure
31113,,,,,,,,,Logan,NE,8.9,7.1,7.8,12.1,12.4,16.2,7.1,,,0.214,0.0,0.0,,,50.0154,,,,,,,,,1.9452,25.9303,49.0866,8.6096,0.4567,1.6746,10.8424,17.187,50.0154,,14.6172,10.8424,17.187,28.6158,3178.0,Lower combined pressure
46063,,,,,,,,,Harding,SD,9.6,6.3,7.0,11.7,13.7,19.7,7.5,,,0.0968,0.0,0.0,,,50.0154,,,,,,,,,11.4344,14.6651,29.161,5.7679,5.0406,15.2064,16.3058,14.1886,50.0154,,13.5459,16.3058,14.1886,28.5874,3179.0,Lower combined pressure
36045,,,,,,,,0.0388,Jefferson,NY,11.2,6.9,6.0,12.8,17.4,20.5,7.2,,,-55.134,0.0,0.0,,,50.0154,,,,,,11.9792,,,77.4357,22.7165,12.6522,16.1536,54.364,24.1543,12.111,6.8315,50.0154,11.9792,34.5794,12.111,6.8315,28.5385,3180.0,Lower combined pressure
29165,,,,,,,,,Platte,MO,9.8,5.9,5.6,11.9,15.4,22.8,7.0,,,-36.8033,0.0,0.0,,,50.0154,,,,,,,,,16.6272,10.4364,8.0176,7.2395,19.2828,50.406,9.5399,7.6971,50.0154,,18.6682,9.5399,7.6971,28.5272,3181.0,Lower combined pressure
19075,,,,,,,,,Grundy,IA,9.7,6.8,6.9,12.4,15.4,19.6,5.9,,,0.2032,0.0,0.0,,,50.0154,,,,,,,,,13.5487,21.0927,27.2666,11.2821,19.2828,14.2422,2.5203,16.7543,50.0154,,17.7859,2.5203,16.7543,28.5047,3182.0,Lower combined pressure
38007,,,,,,,2.411,0.0409,Billings,ND,9.4,7.2,8.4,12.6,12.7,18.6,7.2,,,0.1065,0.0,0.0,,,50.0154,,,,,22.3514,22.526,,,8.0176,27.6894,66.0521,13.7009,0.8627,8.1867,12.111,14.4977,50.0154,22.4387,20.7516,12.111,14.4977,28.4631,3183.0,Lower combined pressure
46117,,,,,,,,,Stanley,SD,9.8,6.3,6.9,11.8,13.9,20.0,7.1,,,0.1548,0.0,0.0,,,50.0154,,,,,,,,,16.6272,14.6651,27.2666,6.5122,6.2585,17.8281,10.8424,15.425,50.0154,,14.8596,10.8424,15.425,28.4617,3184.0,Lower combined pressure
31081,,,,,,,,,Hamilton,NE,9.2,6.4,6.8,11.6,13.4,16.9,7.5,,,0.3005,0.0,0.0,,,50.0154,,,,,,,,,5.1421,15.9168,25.406,5.1083,3.3322,3.3153,16.3058,21.932,50.0154,,9.7034,16.3058,21.932,28.339,3185.0,Lower combined pressure
51199,,,,,,,,,York,VA,10.0,5.2,5.7,11.3,14.5,21.2,6.7,,,0.272,0.0,0.0,,,50.0154,,,,,,,,,24.8816,4.5839,9.1171,3.8904,10.5886,32.3072,6.8843,19.5363,50.0154,,14.2281,6.8843,19.5363,28.2716,3186.0,Lower combined pressure
19121,,,,,,,,,Madison,IA,9.8,6.4,6.2,12.3,15.8,20.3,5.9,,,0.1373,0.0,0.0,,,50.0154,,,,,,,,,16.6272,15.9168,15.3248,10.2842,25.3214,21.2957,2.5203,15.085,50.0154,,17.4617,2.5203,15.085,28.1741,3187.0,Lower combined pressure
51061,,,,,,,,0.0395,Fauquier,VA,10.1,6.0,6.2,12.6,15.3,22.1,8.1,,,0.1538,0.0,0.0,,,50.0154,,,,,,14.8438,,,29.2794,11.6373,15.3248,13.7009,18.0819,42.1516,24.7294,15.3941,50.0154,14.8438,21.696,24.7294,15.3941,28.1519,3188.0,Lower combined pressure
34027,,,,,,,1.2121,0.0443,Morris,NJ,8.3,4.2,5.1,10.3,13.0,14.9,7.9,,,0.3194,0.0,0.0,,,50.0154,,,,,12.9199,53.2552,,,0.203,0.7612,3.8735,1.0656,1.59,0.5751,21.6171,23.5858,50.0154,33.0876,1.3447,21.6171,23.5858,28.133,3189.0,Lower combined pressure
51087,,,,,,,2.3479,0.0397,Henrico,VA,10.6,5.7,5.7,12.0,15.5,20.8,7.8,,,-11.3731,0.0,0.0,,,50.0154,,,,,21.5762,16.276,,,51.2686,8.4574,9.1171,7.933,20.6867,27.4696,20.2131,11.592,50.0154,18.9261,20.8221,20.2131,11.592,28.1222,3190.0,Lower combined pressure
37183,,,,,,,2.4146,0.0407,Wake,NC,10.1,4.6,4.7,9.5,14.7,23.1,7.9,,,-4.1796,0.0,0.0,,,50.0154,,,,,22.4806,21.224,,,29.2794,1.8775,1.387,0.1522,12.3647,53.9073,21.6171,13.1994,50.0154,21.8523,16.4947,21.6171,13.1994,28.073,3191.0,Lower combined pressure
08014,,,,,,,,,Broomfield,CO,10.3,4.2,4.4,10.0,14.4,21.4,7.8,,,-124.6411,0.0,0.0,,,50.0154,,,,,,,,,38.0751,0.7612,0.6597,0.6935,9.6583,34.3369,20.2131,4.8841,50.0154,,14.0308,20.2131,4.8841,28.0294,3192.0,Lower combined pressure
38097,,,,,,,,,Traill,ND,9.7,6.2,6.8,11.9,13.4,19.5,6.8,,,0.2742,0.0,0.0,,,50.0154,,,,,,,,,13.5487,13.6502,25.406,7.2395,3.3322,13.3965,7.6286,19.5672,50.0154,,12.7622,7.6286,19.5672,27.8863,3193.0,Lower combined pressure
19191,,,,,,,,,Winneshiek,IA,9.6,6.6,7.0,11.9,15.2,19.2,5.8,,,0.2375,0.0,0.0,,,50.0154,,,,,,,,,11.4344,18.4202,29.161,7.2395,16.8978,10.9777,2.0298,17.8053,50.0154,,15.6884,2.0298,17.8053,27.8803,3194.0,Lower combined pressure
34035,,,,,,,,,Somerset,NJ,8.0,4.1,4.9,10.4,12.6,13.9,8.5,,,0.3362,0.0,0.0,,,50.0154,,,,,,,,,0.1522,0.5582,2.4865,1.2348,0.7104,0.2368,31.0047,25.3168,50.0154,,0.8965,31.0047,25.3168,27.8145,3195.0,Lower combined pressure
25025,,,,,,,2.3614,0.034,Suffolk,MA,11.4,5.1,4.8,11.4,17.3,23.2,6.6,,,-50.6671,0.0,0.0,,,50.0154,,,,,21.7054,2.9948,,,83.7957,4.0934,1.8775,4.2963,52.3681,55.1252,6.1401,6.9861,50.0154,12.3501,33.5927,6.1401,6.9861,27.8029,3196.0,Lower combined pressure
31025,,,,,,,,,Cass,NE,9.2,6.2,6.4,11.7,13.4,18.2,7.5,,,0.2766,0.0,0.0,,,50.0154,,,,,,,,,5.1421,13.6502,17.8958,5.7679,3.3322,7.0196,16.3058,19.8145,50.0154,,8.8013,16.3058,19.8145,27.756,3197.0,Lower combined pressure
17133,,,,,,,,,Monroe,IL,9.9,6.2,5.9,11.7,14.9,21.3,5.6,,,0.1597,0.0,0.0,,,50.0154,,,,,,,,,20.5514,13.6502,11.3498,5.7679,14.1238,33.3897,1.387,15.5178,50.0154,,16.4721,1.387,15.5178,27.7509,3198.0,Lower combined pressure
36081,,,,,,,2.7975,0.0388,Queens,NY,8.9,5.4,6.0,12.8,13.6,13.7,10.6,,,-50.4989,0.0,0.0,,,50.0154,,,,,25.0646,11.849,,,1.9452,5.7341,12.6522,16.1536,4.3978,0.203,56.935,7.017,50.0154,18.4568,6.8477,56.935,7.017,27.7259,3199.0,Lower combined pressure
51510,,,,,,,,,Alexandria,VA,9.9,4.1,4.4,10.5,14.5,20.9,7.9,,,-20.5925,0.0,0.0,,,50.0154,,,,,,,,,20.5514,0.5582,0.6597,1.5223,10.5886,28.5521,21.6171,9.7682,50.0154,,10.4054,21.6171,9.7682,27.6593,3200.0,Lower combined pressure
51600,,,,,,,,,Fairfax,VA,9.2,4.5,5.0,10.9,13.8,19.5,8.4,,,0.1008,0.0,0.0,,,50.0154,,,,,,,,,5.1421,1.5392,3.1461,2.571,5.7003,13.3965,29.4147,14.3431,50.0154,,5.2492,29.4147,14.3431,27.5903,3201.0,Lower combined pressure
02185,,,,,,,0.0843,,North Slope,AK,10.4,6.0,5.8,14.0,16.6,18.0,11.2,,,-999.0,0.0,0.0,,,50.0154,,,,,0.2584,,,,42.6928,11.6373,10.2165,34.9797,38.7855,6.4953,62.703,1.9629,50.0154,0.2584,24.1345,62.703,1.9629,27.5694,3202.0,Lower combined pressure
27003,,,,,,,1.5658,0.039,Anoka,MN,9.9,5.2,5.7,11.3,15.5,24.6,7.5,,,0.2424,0.0,0.0,,,50.0154,,,,,15.5039,12.1745,,,20.5514,4.5839,9.1171,3.8904,20.6867,69.5873,16.3058,18.0216,50.0154,13.8392,21.4028,16.3058,18.0216,27.2479,3203.0,Lower combined pressure
27169,,,,,,,0.2883,,Winona,MN,10.3,5.8,6.1,11.5,16.6,25.0,7.3,,,0.3004,0.0,0.0,,,50.0154,,,,,4.6512,,,,38.0751,9.3369,13.9378,4.7023,38.7855,74.205,13.4641,21.8856,50.0154,4.6512,29.8404,13.4641,21.8856,27.1625,3204.0,Lower combined pressure
19169,,,,,,,,,Story,IA,9.7,4.8,4.7,10.1,17.1,21.5,6.1,,,-36.7609,0.0,0.0,,,50.0154,,,,,,,,,13.5487,2.6387,1.387,0.8796,48.0717,35.318,3.1969,7.728,50.0154,,16.974,3.1969,7.728,27.1208,3205.0,Lower combined pressure
02122,,,,,,,0.1117,,Kenai Peninsula,AK,10.3,7.3,7.0,14.1,14.8,19.7,9.9,,,-999.0,0.0,0.0,,,50.0154,,,,,0.3876,,,,38.0751,29.5162,29.161,36.6881,13.3119,15.2064,49.7124,1.9629,50.0154,0.3876,26.9931,49.7124,1.9629,27.0173,3206.0,Lower combined pressure
46099,,,,,,,1.7524,0.034,Minnehaha,SD,9.7,5.6,5.5,11.0,15.7,22.3,8.8,,,0.2478,0.0,0.0,,,50.0154,,,,,17.0543,2.8646,,,13.5487,7.5947,6.9858,2.8417,23.41,44.1137,35.8085,18.3308,50.0154,9.9594,16.4158,35.8085,18.3308,27.0123,3207.0,Lower combined pressure
31155,,,,,,,,,Saunders,NE,8.9,6.1,6.4,11.2,13.0,16.5,7.2,,,0.322,0.0,0.0,,,50.0154,,,,,,,,,1.9452,12.7199,17.8958,3.4844,1.59,2.182,12.111,23.7867,50.0154,,6.6362,12.111,23.7867,27.0046,3208.0,Lower combined pressure
36079,,,,,,,,0.0422,Putnam,NY,9.9,5.3,5.8,11.6,13.7,17.6,6.3,,,0.1901,0.0,0.0,,,50.0154,,,,,,31.25,,,20.5514,5.1421,10.2165,5.1083,5.0406,5.2097,4.1779,16.3215,50.0154,31.25,8.5448,4.1779,16.3215,27.0033,3209.0,Lower combined pressure
31159,,,,,,,,,Seward,NE,9.1,5.9,6.0,11.2,13.8,18.4,7.4,,,0.2694,0.0,0.0,,,50.0154,,,,,,,,,3.6874,10.4364,12.6522,3.4844,5.7003,7.5271,14.9188,19.3199,50.0154,,7.248,14.9188,19.3199,26.9873,3210.0,Lower combined pressure
50007,,,,,,,0.9888,0.0393,Chittenden,VT,10.9,4.9,4.8,10.7,15.9,27.0,5.3,,,-24.072,0.0,0.0,,,50.0154,,,,,10.8527,13.8021,,,64.4621,3.1123,1.8775,1.979,27.2327,90.0203,0.8288,9.119,50.0154,12.3274,31.4473,0.8288,9.119,26.9431,3211.0,Lower combined pressure
33011,,,,,,,1.1364,0.0405,Hillsborough,NH,10.6,5.7,5.6,11.4,15.3,21.5,7.4,,,-9.3418,0.0,0.0,,,50.0154,,,,,12.1447,19.5312,,,51.2686,8.4574,8.0176,4.2963,18.0819,35.318,14.9188,11.9938,50.0154,15.838,20.9066,14.9188,11.9938,26.882,3212.0,Lower combined pressure
46065,,,,,,,2.2059,,Hughes,SD,10.2,5.9,6.3,11.6,14.4,20.3,7.3,,,0.2067,0.0,0.0,,,50.0154,,,,,19.2506,,,,33.4405,10.4364,16.6272,5.1083,9.6583,21.2957,13.4641,16.847,50.0154,19.2506,16.0944,13.4641,16.847,26.872,3213.0,Lower combined pressure
08111,,,,,,,0.1288,,San Juan,CO,10.4,6.2,6.9,12.5,14.3,21.5,8.3,,,0.3806,0.0,0.0,,,50.0154,,,,,0.5168,,,,42.6928,13.6502,27.2666,12.4662,8.7111,35.318,27.8417,30.6955,50.0154,0.5168,23.3508,27.8417,30.6955,26.8252,3214.0,Lower combined pressure
36055,,,,,,,2.2194,0.0362,Monroe,NY,10.9,6.3,6.3,13.1,15.3,21.9,6.0,,,-13.8128,0.0,0.0,,,50.0154,,,,,19.7674,4.9479,,,64.4621,14.6651,16.6272,20.1116,18.0819,39.885,2.9263,10.9119,50.0154,12.3577,28.9721,2.9263,10.9119,26.7209,3215.0,Lower combined pressure
27053,,,,,,,3.5123,0.0355,Hennepin,MN,9.6,4.4,5.0,9.8,14.5,25.5,7.5,,,-2.6179,0.0,0.0,,,50.0154,,,,,29.845,4.5573,,,11.4344,1.2348,3.1461,0.4567,10.5886,79.1779,16.3058,13.5085,50.0154,17.2011,17.6731,16.3058,13.5085,26.7046,3216.0,Lower combined pressure
13117,,,,,,,,,Forsyth,GA,8.4,4.2,4.6,10.4,13.2,17.4,8.5,,,0.098,0.0,0.0,,,50.0154,,,,,,,,,0.3214,0.7612,1.0995,1.2348,2.3512,4.567,31.0047,14.2195,50.0154,,1.7225,31.0047,14.2195,26.6102,3217.0,Lower combined pressure
19181,,,,,,,,,Warren,IA,9.7,5.7,5.6,11.4,15.4,20.5,5.7,,,0.1338,0.0,0.0,,,50.0154,,,,,,,,,13.5487,8.4574,8.0176,4.2963,19.2828,24.1543,1.6407,14.9923,50.0154,,12.9595,1.6407,14.9923,26.5437,3218.0,Lower combined pressure
06001,,,,,,,6.3996,0.0323,Alameda,CA,8.8,4.1,4.8,11.5,15.0,18.6,7.1,,,-2.2461,0.0,0.0,,,50.0154,,,,,60.4651,1.5625,,,1.3363,0.5582,1.8775,4.7023,14.9865,8.1867,10.8424,13.5703,50.0154,31.0138,5.2746,10.8424,13.5703,26.518,3219.0,Lower combined pressure
38013,,,,,,,2.6346,0.0387,Burke,ND,9.7,6.7,7.3,12.2,12.8,19.3,6.9,,,0.2903,0.0,0.0,,,50.0154,,,,,23.6434,11.5885,,,13.5487,19.6719,36.3329,9.4384,1.0487,11.7388,8.4743,20.8037,50.0154,17.616,15.2966,8.4743,20.8037,26.1606,3220.0,Lower combined pressure
27019,,,,,,,,,Carver,MN,9.5,4.3,5.0,9.9,13.5,22.9,5.8,,,0.1244,0.0,0.0,,,50.0154,,,,,,,,,9.6583,0.9811,3.1461,0.5244,3.9073,51.7253,2.0298,14.8068,50.0154,,11.6571,2.0298,14.8068,26.1367,3221.0,Lower combined pressure
72097,,,,,,,1.3634,0.0161,,,,,,,,,,,,-999.0,0.0,0.0,,,50.0154,,,,,14.0827,0.1302,,,,,,,,,,1.9629,50.0154,7.1064,,,1.9629,26.1193,3222.0,Lower combined pressure
06075,,,,,,,6.6899,0.0287,San Francisco,CA,8.4,3.9,4.9,10.4,13.8,19.4,6.3,,,-12.0193,0.0,0.0,,,50.0154,,,,,67.8295,0.651,,,0.3214,0.2706,2.4865,1.2348,5.7003,12.5677,4.1779,11.4065,50.0154,34.2402,3.7635,4.1779,11.4065,26.064,3223.0,Lower combined pressure
15007,,,,,,,,,Kauai,HI,10.0,6.0,6.8,13.0,14.6,16.4,6.3,,,-999.0,0.0,0.0,,,50.0154,,,,,,,,,24.8816,11.6373,25.406,18.5724,11.4513,1.979,4.1779,1.9629,50.0154,,15.6546,4.1779,1.9629,26.0431,3224.0,Lower combined pressure
13219,,,,,,,,,Oconee,GA,8.9,4.8,5.4,10.9,13.9,19.5,7.5,,,0.1407,0.0,0.0,,,50.0154,,,,,,,,,1.9452,2.6387,6.0386,2.571,6.2585,13.3965,16.3058,15.1777,50.0154,,5.4747,16.3058,15.1777,26.0289,3225.0,Lower combined pressure
02013,,,,,,,0.1567,,Aleutians East,AK,7.8,5.0,5.5,12.7,13.0,12.3,15.7,,,-999.0,0.0,0.0,,,50.0154,,,,,1.4212,,,,0.0507,3.6874,6.9858,14.8681,1.59,0.0338,87.5,1.9629,50.0154,1.4212,4.536,87.5,1.9629,25.4402,3226.0,Lower combined pressure
78020,,,,,,,0.3094,,,,,,,,,,,,,-999.0,0.0,0.0,,,50.0154,,,,,4.9096,,,,,,,,,,,1.9629,50.0154,4.9096,,,1.9629,25.2743,3227.0,Lower combined pressure
53033,,,,,,,2.2389,0.0354,King,WA,9.7,3.4,4.0,9.7,14.7,23.5,6.8,,,0.3382,0.0,0.0,,,50.0154,,,,,20.155,4.4271,,,13.5487,0.0677,0.203,0.389,12.3647,58.6265,7.6286,25.5641,50.0154,12.2911,14.1999,7.6286,25.5641,24.9466,3228.0,Lower combined pressure
46083,,,,,,,,,Lincoln,SD,9.5,4.8,5.1,9.7,13.6,19.7,6.7,,,0.105,0.0,0.0,,,50.0154,,,,,,,,,9.6583,2.6387,3.8735,0.389,4.3978,15.2064,6.8843,14.4359,50.0154,,6.0273,6.8843,14.4359,24.8579,3229.0,Lower combined pressure
38015,,,,,,,4.1522,0.0381,Burleigh,ND,9.8,5.6,5.9,10.7,13.1,19.1,6.3,,,0.2634,0.0,0.0,,,50.0154,,,,,33.9793,9.2448,,,16.6272,7.5947,11.3498,1.979,1.9621,10.3687,4.1779,19.1036,50.0154,21.6121,8.3136,4.1779,19.1036,24.8142,3230.0,Lower combined pressure
33015,,,,,,,1.9948,0.0393,Rockingham,NH,10.0,5.7,5.7,11.2,14.4,21.7,5.9,,,-13.6855,0.0,0.0,,,50.0154,,,,,18.4755,13.9323,,,24.8816,8.4574,9.1171,3.4844,9.6583,37.7368,2.5203,10.9428,50.0154,16.2039,15.5559,2.5203,10.9428,24.2909,3231.0,Lower combined pressure
36091,,,,,,,,0.0387,Saratoga,NY,10.3,5.8,6.0,11.8,14.7,20.2,4.7,,,0.2512,0.0,0.0,,,50.0154,,,,,,11.3281,,,38.0751,9.3369,12.6522,6.5122,12.3647,20.1116,0.3552,18.4853,50.0154,11.3281,16.5088,0.3552,18.4853,23.8479,3232.0,Lower combined pressure
19049,,,,,,,,,Dallas,IA,9.2,4.5,4.6,10.0,14.4,19.2,5.5,,,0.1509,0.0,0.0,,,50.0154,,,,,,,,,5.1421,1.5392,1.0995,0.6935,9.6583,10.9777,1.184,15.3323,50.0154,,4.8517,1.184,15.3323,23.8256,3233.0,Lower combined pressure
51610,,,,,,,,,Falls Church,VA,9.1,3.6,4.4,9.2,12.4,20.4,5.0,,,0.0856,0.0,0.0,,,50.0154,,,,,,,,,3.6874,0.1522,0.6597,0.0846,0.4567,22.6658,0.5751,14.0649,50.0154,,4.6177,0.5751,14.0649,23.4974,3234.0,Lower combined pressure
06081,,,,,,,5.2433,0.0312,San Mateo,CA,8.5,4.0,5.2,10.9,13.1,18.1,6.6,,,-5.464,0.0,0.0,,,50.0154,,,,,44.4444,1.1719,,,0.5074,0.3721,4.4993,2.571,1.9621,6.7321,6.1401,12.8903,50.0154,22.8082,2.774,6.1401,12.8903,23.3032,3235.0,Lower combined pressure
02068,,,,,,,0.0819,0.0337,Denali,AK,9.9,5.9,5.6,12.6,15.0,19.5,9.3,,,-999.0,0.0,0.0,,,50.0154,,,,,0.1292,2.3438,,,20.5514,10.4364,8.0176,13.7009,14.9865,13.3965,42.7943,1.9629,50.0154,1.2365,13.5149,42.7943,1.9629,23.1682,3236.0,Lower combined pressure
08097,,,,,,,0.8509,,Pitkin,CO,10.2,4.9,5.8,10.7,13.3,20.4,6.9,,,0.0981,0.0,0.0,,,50.0154,,,,,9.6899,,,,33.4405,3.1123,10.2165,1.979,2.7402,22.6658,8.4743,14.2813,50.0154,9.6899,12.359,8.4743,14.2813,22.7924,3237.0,Lower combined pressure
15009,,,,,,,1.0419,,Maui,HI,10.3,5.9,6.6,12.8,14.9,15.8,6.3,,,-999.0,0.0,0.0,,,50.0154,,,,,11.3695,,,,38.0751,10.4364,21.4141,16.1536,14.1238,1.1164,4.1779,1.9629,50.0154,11.3695,16.8866,4.1779,1.9629,22.6827,3238.0,Lower combined pressure
06085,,,,,,,2.6928,0.0311,Santa Clara,CA,7.9,3.5,4.5,10.1,13.7,17.8,6.8,,,0.3855,0.0,0.0,,,50.0154,,,,,24.031,1.0417,,,0.1015,0.1015,0.8796,0.8796,5.0406,5.8525,7.6286,31.1901,50.0154,12.5363,2.1425,7.6286,31.1901,22.5562,3239.0,Lower combined pressure
31171,,,,,,,0.183,,Thomas,NE,9.0,6.7,7.3,11.9,12.6,16.6,8.1,,,0.1937,0.0,0.0,,,50.0154,,,,,1.938,,,,2.7064,19.6719,36.3329,7.2395,0.7104,2.5203,24.7294,16.4297,50.0154,1.938,11.5302,24.7294,16.4297,22.4876,3240.0,Lower combined pressure
27163,,,,,,,,0.0381,Washington,MN,9.3,4.5,5.2,10.0,13.3,22.8,5.8,,,-33.6891,0.0,0.0,,,50.0154,,,,,,9.1146,,,6.6475,1.5392,4.4993,0.6935,2.7402,50.406,2.0298,8.1607,50.0154,9.1146,11.0876,2.0298,8.1607,21.0742,3241.0,Lower combined pressure
06041,,,,,,,1.1269,0.0315,Marin,CA,9.4,5.3,6.4,12.1,13.9,20.6,5.5,,,-15.878,0.0,0.0,,,50.0154,,,,,12.0155,1.3021,,,8.0176,5.1421,17.8958,8.6096,6.2585,25.3552,1.184,10.541,50.0154,6.6588,11.8798,1.184,10.541,20.8118,3242.0,Lower combined pressure
15003,,,,,,,2.233,0.0286,Honolulu,HI,9.5,4.7,5.8,11.6,14.2,15.1,5.2,,,-999.0,0.0,0.0,,,50.0154,,,,,20.0258,0.5208,,,9.6583,2.2666,10.2165,5.1083,8.0176,0.6258,0.6935,1.9629,50.0154,10.2733,5.9822,0.6935,1.9629,19.3341,3243.0,Lower combined pressure
35028,,,,,,,0.1793,,Los Alamos,NM,8.8,3.7,4.9,9.6,12.1,20.5,5.7,,,0.0664,0.0,0.0,,,50.0154,,,,,1.5504,,,,1.3363,0.2199,2.4865,0.2706,0.1691,24.1543,1.6407,13.8485,50.0154,1.5504,4.7728,1.6407,13.8485,18.1343,3244.0,Lower combined pressure
